tau,S_central,p_low,p_high,rows_low,rows_high,denominator_weight,local_slope,normalized_weight,run,protocol,n
6,0,0.22,0.23999999999999999,32,56,2.1207100591715951,-0.04285779681522419,3.4026905026799368e-05,primary,random_pauli,32
6,0,0.22,0.25,32,63,5.3680473372781066,-0.015344149477055535,8.6130603349086015e-05,primary,random_pauli,32
6,0,0.22,0.26000000000000001,32,60,9.0887573964497079,-0.025000381475547416,0.00014582959297199753,primary,random_pauli,32
6,0,0.22,0.27000000000000002,32,100,23.668639053254452,-0.0088001342793926993,0.00037976456503124363,primary,random_pauli,32
6,0,0.22,0.28000000000000003,32,99,33.742011834319555,-0.0082492841232446011,0.00054139236390854113,primary,random_pauli,32
6,0,0.22,0.29999999999999999,32,170,103.00591715976326,-0.013676679277799478,0.0016527353870159705,primary,random_pauli,32
6,0,0.22,0.34000000000000002,32,265,361.27810650887585,-0.0090252949477762443,0.005796726320636901,primary,random_pauli,32
6,0,0.23999999999999999,0.25,56,63,1.0437869822485224,0.039683145199281698,1.6747617317877864e-05,primary,random_pauli,32
6,0,0.23999999999999999,0.26000000000000001,56,60,3.9763313609467525,-0.0071429661358706703,6.3800446925249012e-05,primary,random_pauli,32
6,0,0.23999999999999999,0.27000000000000002,56,100,14.91124260355032,0.013904974077828265,0.00023925167596968374,primary,random_pauli,32
6,0,0.23999999999999999,0.28000000000000003,56,99,26.243786982248569,0.0090549722227451692,0.00042108294970664349,primary,random_pauli,32
6,0,0.23999999999999999,0.29999999999999999,56,170,101.39644970414203,-0.0039496400986579099,0.0016269113965938472,primary,random_pauli,32
6,0,0.23999999999999999,0.34000000000000002,56,265,439.05325443787007,-0.0022587945742866592,0.0070446326813295695,primary,random_pauli,32
6,0,0.25,0.26000000000000001,63,60,1.1183431952662739,-0.053969077471023037,1.7943875697726278e-05,primary,random_pauli,32
6,0,0.25,0.27000000000000002,63,100,7.4556213017751602,0.0010158885171015477,0.00011962583798484187,primary,random_pauli,32
6,0,0.25,0.28000000000000003,63,99,16.607396449704172,-0.0011544187694336727,0.00026646655411123534,primary,random_pauli,32
6,0,0.25,0.29999999999999999,63,170,79.21597633136092,-0.01267619715824584,0.0012710245285889423,primary,random_pauli,32
6,0,0.25,0.34000000000000002,63,265,400.08727810650902,-0.0069190101046831464,0.0064194215308615689,primary,random_pauli,32
6,0,0.26000000000000001,0.27000000000000002,60,100,1.7751479289940859,0.056000854505226134,2.8482342377343307e-05,primary,random_pauli,32
6,0,0.26000000000000001,0.28000000000000003,60,99,7.0295857988165809,0.025252910581361011,0.00011279007581427951,primary,random_pauli,32
6,0,0.26000000000000001,0.29999999999999999,60,170,48.284023668638994,-0.0023529770800515284,0.00077471971266373564,primary,random_pauli,32
6,0,0.26000000000000001,0.34000000000000002,60,265,301.06508875739655,-0.0010377516838906556,0.0048306052671974178,primary,random_pauli,32
6,0,0.27000000000000002,0.28000000000000003,100,99,2.9289940828402421,-0.0054950333425041135,4.6995864922616458e-05,primary,random_pauli,32
6,0,0.27000000000000002,0.29999999999999999,100,170,45.266272189349024,-0.021804254275144121,0.00072629973062225163,primary,random_pauli,32
6,0,0.27000000000000002,0.34000000000000002,100,265,384.17159763313623,-0.0091861239966216316,0.0061640535961633722,primary,random_pauli,32
6,0,0.28000000000000003,0.29999999999999999,99,170,19.917159763313531,-0.029958864741464142,0.00031957188147379011,primary,random_pauli,32
6,0,0.28000000000000003,0.34000000000000002,99,265,279.42603550295854,-0.0098013057723078858,0.0044834055136176018,primary,random_pauli,32
6,0,0.29999999999999999,0.34000000000000002,170,265,213.25443786982288,0.00027747371227021506,0.0034216787309315094,primary,random_pauli,32
6,1,0.20000000000000001,0.22,62,96,3.0259278088459549,-0.0067877379812642004,4.8551171681513342e-05,primary,random_pauli,32
6,1,0.20000000000000001,0.23999999999999999,62,152,19.164209456024381,-0.022856885270937669,0.00030749075398291782,primary,random_pauli,32
6,1,0.20000000000000001,0.25,62,196,38.612099644128101,-0.031916221038434209,0.00061953318031097797,primary,random_pauli,32
6,1,0.20000000000000001,0.26000000000000001,62,228,64.679206914082357,-0.034390262539085413,0.0010377812946923489,primary,random_pauli,32
6,1,0.20000000000000001,0.27000000000000002,62,254,98.074733096085438,-0.024413449917265934,0.0015736142779898851,primary,random_pauli,32
6,1,0.20000000000000001,0.28000000000000003,62,311,156.84392475851556,-0.020968061882717184,0.0025165690654917784,primary,random_pauli,32
6,1,0.20000000000000001,0.29999999999999999,62,325,256.10066090493126,-0.023543783567245055,0.0041091486449197513,primary,random_pauli,32
6,1,0.20000000000000001,0.34000000000000002,62,343,529.75800711743784,-0.020728238793231074,0.008499995233866622,primary,random_pauli,32
6,1,0.22,0.23999999999999999,96,152,7.4184036603965344,-0.038926032560611133,0.00011902867896112948,primary,random_pauli,32
6,1,0.22,0.25,96,196,21.523131672597863,-0.048668543076547534,0.00034533978567011941,primary,random_pauli,32
6,1,0.22,0.26000000000000001,96,228,44.510421962379269,-0.048191524817996004,0.00071417207376677785,primary,random_pauli,32
6,1,0.22,0.27000000000000002,96,254,77.478393492628427,-0.03146373469166662,0.0012431449200710092,primary,random_pauli,32
6,1,0.22,0.28000000000000003,96,311,136.60599898322329,-0.025694836516534838,0.0021918504763960662,primary,random_pauli,32
6,1,0.22,0.29999999999999999,96,325,253.78749364514476,-0.027732794963740273,0.0040720337539333793,primary,random_pauli,32
6,1,0.22,0.34000000000000002,96,343,602.64768683274042,-0.023051655595225554,0.0096695139987633474,primary,random_pauli,32
6,1,0.23999999999999999,0.25,152,196,3.786476868327409,-0.068153564108420328,6.0754221553076681e-05,primary,random_pauli,32
6,1,0.23999999999999999,0.26000000000000001,152,228,17.618708693441818,-0.057457017075380874,0.0002826931125326833,primary,random_pauli,32
6,1,0.23999999999999999,0.27000000000000002,152,254,44.162684290798254,-0.026488869445703625,0.00070859260444047605,primary,random_pauli,32
6,1,0.23999999999999999,0.28000000000000003,152,311,96.130147432638708,-0.019079238494496702,0.0015424132982046407,primary,random_pauli,32
6,1,0.23999999999999999,0.29999999999999999,152,325,226.02948652770718,-0.024001715764783316,0.0036266550620969178,primary,random_pauli,32
6,1,0.23999999999999999,0.34000000000000002,152,343,662.63345195729585,-0.01987678020214844,0.010631988771788408,primary,random_pauli,32
6,1,0.25,0.26000000000000001,196,228,5.6797153024911138,-0.04676047004234142,9.1131332329615032e-05,primary,random_pauli,32
6,1,0.25,0.27000000000000002,196,254,25.309608540925311,-0.0056565221143452752,0.00040609400722319672,primary,random_pauli,32
6,1,0.25,0.28000000000000003,196,311,69.725978647686958,-0.0027211299565221628,0.0011187570139938265,primary,random_pauli,32
6,1,0.25,0.29999999999999999,196,325,202.40213523131663,-0.015171346096055907,0.0032475529613075456,primary,random_pauli,32
6,1,0.25,0.34000000000000002,196,343,692.10320284697536,-0.014512693101451563,0.011104832482954784,primary,random_pauli,32
6,1,0.26000000000000001,0.27000000000000002,228,254,7.3604473817997071,0.035447425813650867,0.00011809876740674598,primary,random_pauli,32
6,1,0.26000000000000001,0.28000000000000003,228,311,36.048805287239524,0.019298540086387466,0.00057840498682674036,primary,random_pauli,32
6,1,0.26000000000000001,0.29999999999999999,228,325,150.68632435180461,-0.0072740651094845192,0.0024177700413979424,primary,random_pauli,32
6,1,0.26000000000000001,0.34000000000000002,228,343,636.12811387900376,-0.010481720983840327,0.010206709220916868,primary,random_pauli,32
6,1,0.27000000000000002,0.28000000000000003,254,311,10.039908490086443,0.0031496543591240629,0.00016109086255920176,primary,random_pauli,32
6,1,0.27000000000000002,0.29999999999999999,254,325,94.426792069140632,-0.021514562083863008,0.0015150828713365384,primary,random_pauli,32
6,1,0.27000000000000002,0.34000000000000002,254,343,542.57473309608554,-0.017043027669196218,0.0087056402798472675,primary,random_pauli,32
6,1,0.28000000000000003,0.29999999999999999,311,325,51.385358413827966,-0.033846670305356576,0.00082448079262583123,primary,random_pauli,32
6,1,0.28000000000000003,0.34000000000000002,311,343,488.08185053380788,-0.020408474673916266,0.0078312990979567728,primary,random_pauli,32
6,1,0.29999999999999999,0.34000000000000002,325,343,226.69039145907513,-0.01368937685819613,0.0036372593166644589,primary,random_pauli,32
6,2,0.20000000000000001,0.22,146,232,16.091211401425156,-0.047662512817812697,0.00025818433771956841,primary,random_pauli,32
6,2,0.20000000000000001,0.23999999999999999,146,268,74.352494061757639,-0.027356786272159039,0.0011929896984283509,primary,random_pauli,32
6,2,0.20000000000000001,0.25,146,278,120.51068883610448,-0.015472789560110171,0.0019336003740851317,primary,random_pauli,32
6,2,0.20000000000000001,0.26000000000000001,146,285,177.90498812351544,-0.027926405455021491,0.0028544949407357492,primary,random_pauli,32
6,2,0.20000000000000001,0.27000000000000002,146,265,225.15558194774354,-0.03525217177171603,0.0036126332169058202,primary,random_pauli,32
6,2,0.20000000000000001,0.28000000000000003,146,249,276.32494061757728,-0.030192461580635797,0.0044336482822188023,primary,random_pauli,32
6,2,0.20000000000000001,0.29999999999999999,146,233,404.01425178147247,-0.025791445342332048,0.0064824300311055478,primary,random_pauli,32
6,2,0.20000000000000001,0.34000000000000002,146,149,506.38764845605721,-0.025280465603243367,0.0081250165934938449,primary,random_pauli,32
6,2,0.22,0.23999999999999999,232,268,29.537292161520156,-0.0070510597265053864,0.00047392741444413934,primary,random_pauli,32
6,2,0.22,0.25,232,278,68.938717339667448,0.0059870259450248335,0.0011061253646821249,primary,random_pauli,32
6,2,0.22,0.26000000000000001,232,285,125.64370546318295,-0.018058351773625896,0.0020159598972623871,primary,random_pauli,32
6,2,0.22,0.27000000000000002,232,265,182.54156769596213,-0.030288035353277371,0.0029288891051235345,primary,random_pauli,32
6,2,0.22,0.28000000000000003,232,249,246.98907363420446,-0.024369111168243505,0.0039629527454079043,primary,random_pauli,32
6,2,0.22,0.29999999999999999,232,233,410.87695961995229,-0.020323678473461889,0.0065925425412229578,primary,random_pauli,32
6,2,0.22,0.34000000000000002,232,149,591.18669833729234,-0.021550124400815149,0.0094856218323819668,primary,random_pauli,32
6,2,0.23999999999999999,0.25,268,278,8.8484560570071409,0.032063197288085238,0.00014197394527529214,primary,random_pauli,32
6,2,0.23999999999999999,0.26000000000000001,268,285,36.285035629453752,-0.029065643820746393,0.00058219531515767294,primary,random_pauli,32
6,2,0.23999999999999999,0.27000000000000002,268,265,75.912114014251912,-0.045779352437792006,0.0012180138830272366,primary,random_pauli,32
6,2,0.23999999999999999,0.28000000000000003,268,249,126.80665083135415,-0.033028136889112554,0.0020346194171826041,primary,random_pauli,32
6,2,0.23999999999999999,0.29999999999999999,268,233,266.98147268408547,-0.024747884722447388,0.0042837318452127642,primary,random_pauli,32
6,2,0.23999999999999999,0.34000000000000002,268,149,474.2517814726844,-0.024449937335677102,0.0076093949086397513,primary,random_pauli,32
6,2,0.25,0.26000000000000001,278,285,9.4097387173396854,-0.090194484929578017,0.0001509797552367846,primary,random_pauli,32
6,2,0.25,0.27000000000000002,278,265,34.997624703087943,-0.084700627300730635,0.00056153873877540922,primary,random_pauli,32
6,2,0.25,0.28000000000000003,278,249,73.990261282660455,-0.054725248281511818,0.0011871776543355586,primary,random_pauli,32
6,2,0.25,0.29999999999999999,278,233,192.32185273159141,-0.036110101124553921,0.0030858142956290118,primary,random_pauli,32
6,2,0.25,0.34000000000000002,278,149,398.47767220902631,-0.030729174516095144,0.0063935953191324585,primary,random_pauli,32
6,2,0.26000000000000001,0.27000000000000002,285,265,8.96971496437056,-0.07920676967188324,0.00014391955085520829,primary,random_pauli,32
6,2,0.26000000000000001,0.28000000000000003,285,249,33.712589073634263,-0.036990629957478711,0.00054092027415768859,primary,random_pauli,32
6,2,0.26000000000000001,0.29999999999999999,285,233,126.18527315914476,-0.022589005173297889,0.00202464937957817,primary,random_pauli,32
6,2,0.26000000000000001,0.34000000000000002,285,149,322.77434679334931,-0.02329601071440978,0.0051789314602085461,primary,random_pauli,32
6,2,0.27000000000000002,0.28000000000000003,265,249,7.8366983372921757,0.0052255097569258125,0.00012574023916823464,primary,random_pauli,32
6,2,0.27000000000000002,0.29999999999999999,265,233,65.998218527315771,-0.0037164170071027338,0.0010589449057662127,primary,random_pauli,32
6,2,0.27000000000000002,0.34000000000000002,265,149,229.78206650831356,-0.015308759434770707,0.0036868654062942952,primary,random_pauli,32
6,2,0.28000000000000003,0.29999999999999999,249,233,27.561520190023646,-0.0081873803891170192,0.00044222604869733592,primary,random_pauli,32
6,2,0.28000000000000003,0.34000000000000002,249,149,158.62660332541566,-0.018731137633386796,0.002545172237352488,primary,random_pauli,32
6,2,0.29999999999999999,0.34000000000000002,233,149,65.970546318289905,-0.024003016255521668,0.0010585009037092921,primary,random_pauli,32
6,3,0.20000000000000001,0.22,251,227,42.205185185185144,-0.054226216618531234,0.00067718442779290521,primary,random_pauli,32
6,3,0.20000000000000001,0.23999999999999999,251,197,146.50962962962947,-0.051004883678549259,0.0023507547537480584,primary,random_pauli,32
6,3,0.20000000000000001,0.25,251,177,205.68055555555549,-0.052475196908469357,0.0033001553887484661,primary,random_pauli,32
6,3,0.20000000000000001,0.26000000000000001,251,150,251,-0.042817829089700728,0.0040273082710150787,primary,random_pauli,32
6,3,0.20000000000000001,0.27000000000000002,251,136,309.75259259259269,-0.050241819225659019,0.0049699967255637948,primary,random_pauli,32
6,3,0.20000000000000001,0.28000000000000003,251,115,342.10370370370384,-0.048881743624352846,0.0054890720138279616,primary,random_pauli,32
6,3,0.20000000000000001,0.29999999999999999,251,58,269.5925925925925,-0.054895740788565683,0.0043256274022013793,primary,random_pauli,32
6,3,0.20000000000000001,0.34000000000000002,251,39,355.30444444444453,-0.043947958364615382,0.0057008785969702349,primary,random_pauli,32
6,3,0.22,0.23999999999999999,227,197,33.125185185185146,-0.047783550738567292,0.00053149534770996932,primary,random_pauli,32
6,3,0.22,0.25,227,177,66.965000000000003,-0.051307850435094775,0.0010744569656116524,primary,random_pauli,32
6,3,0.22,0.26000000000000001,227,150,100.88888888888894,-0.037113635325285485,0.0016187675564770666,primary,random_pauli,32
6,3,0.22,0.27000000000000002,227,136,142.92592592592604,-0.048648060268510138,0.0022932540383425117,primary,random_pauli,32
6,3,0.22,0.28000000000000003,227,115,174.0333333333335,-0.047100252626293394,0.0027923740349229411,primary,random_pauli,32
6,3,0.22,0.29999999999999999,227,58,156.04148148148141,-0.055063121831074299,0.0025036938206845273,primary,random_pauli,32
6,3,0.22,0.34000000000000002,227,39,236.08000000000007,-0.042234915322296077,0.0037879160821563348,primary,random_pauli,32
6,3,0.23999999999999999,0.25,197,177,6.4572222222222333,-0.058356449828149748,0.00010360647196548991,primary,random_pauli,32
6,3,0.23999999999999999,0.26000000000000001,197,150,21.888888888888925,-0.026443719912003696,0.00035120837954403356,primary,random_pauli,32
6,3,0.23999999999999999,0.27000000000000002,197,136,44.653333333333407,-0.049224399955138713,0.00071646509426982849,primary,random_pauli,32
6,3,0.23999999999999999,0.28000000000000003,197,115,67.12592592592604,-0.046758603570156446,0.0010770390306017029,primary,random_pauli,32
6,3,0.23999999999999999,0.29999999999999999,197,58,76.173333333333332,-0.057489645528576633,0.0012222051608132348,primary,random_pauli,32
6,3,0.23999999999999999,0.34000000000000002,197,39,142.27777777777786,-0.041125188239041835,0.0022828544670362157,primary,random_pauli,32
6,3,0.25,0.26000000000000001,177,150,4.9166666666666758,0.0054690100041423512,7.8888176623469479e-05,primary,random_pauli,32
6,3,0.25,0.27000000000000002,177,136,17.831111111111138,-0.044658375018633192,0.00028610112055444921,primary,random_pauli,32
6,3,0.25,0.28000000000000003,177,115,33.925000000000054,-0.042892654817492014,0.00054432841870193929,primary,random_pauli,32
6,3,0.25,0.29999999999999999,177,58,47.527777777777764,-0.05731628466866201,0.00076258570736020337,primary,random_pauli,32
6,3,0.25,0.34000000000000002,177,39,103.54500000000004,-0.039210603618029846,0.0016613849996902649,primary,random_pauli,32
6,3,0.26000000000000001,0.27000000000000002,150,136,3.7777777777777848,-0.094785760041408734,6.0614644185264687e-05,primary,random_pauli,32
6,3,0.26000000000000001,0.28000000000000003,150,115,12.7777777777778,-0.067073487228309192,0.00020502012003839525,primary,random_pauli,32
6,3,0.26000000000000001,0.29999999999999999,150,58,25.77777777777775,-0.073012608336863127,0.00041360580738180491,primary,random_pauli,32
6,3,0.26000000000000001,0.34000000000000002,150,39,69.333333333333357,-0.044795555320801372,0.0011124569991648561,primary,random_pauli,32
6,3,0.27000000000000002,0.28000000000000003,136,115,2.8962962962963017,-0.039361214415209657,4.6471227208702925e-05,primary,random_pauli,32
6,3,0.27000000000000002,0.29999999999999999,136,58,13.146666666666638,-0.065754891102014573,0.00021093896176472025,primary,random_pauli,32
6,3,0.27000000000000002,0.34000000000000002,136,39,48.128888888888902,-0.037654097503571737,0.00077223056692027087,primary,random_pauli,32
6,3,0.28000000000000003,0.29999999999999999,115,58,4.9407407407407229,-0.078951729445417076,7.9274446414845736e-05,primary,random_pauli,32
6,3,0.28000000000000003,0.34000000000000002,115,39,29.899999999999999,-0.037369578018298759,0.00047974708088984402,primary,random_pauli,32
6,3,0.29999999999999999,0.34000000000000002,58,39,6.7022222222222343,-0.016578502304739659,0.00010753750991926958,primary,random_pauli,32
6,4,0.20000000000000001,0.22,203,152,46.680786686838069,-0.085073893405900977,0.00074899569052348021,primary,random_pauli,32
6,4,0.20000000000000001,0.23999999999999999,203,100,122.84417549167914,-0.06793207104390131,0.0019710412908512638,primary,random_pauli,32
6,4,0.20000000000000001,0.25,203,66,126.6830559757942,-0.052163805360891435,0.0020326363311903672,primary,random_pauli,32
6,4,0.20000000000000001,0.26000000000000001,203,67,185.1875945537065,-0.049168703591641043,0.0029713447459582833,primary,random_pauli,32
6,4,0.20000000000000001,0.27000000000000002,203,39,146.72201210287449,-0.045118788748594353,0.0023541624417604818,primary,random_pauli,32
6,4,0.20000000000000001,0.28000000000000003,203,21,103.18910741301065,-0.0832525018594584,0.0016556746843150642,primary,random_pauli,32
6,4,0.20000000000000001,0.29999999999999999,203,13,99.810892586989368,-0.052096285642413941,0.0016014710488166529,primary,random_pauli,32
6,4,0.22,0.23999999999999999,152,100,22.995461422087718,-0.050790248681901642,0.00036896339434654195,primary,random_pauli,32
6,4,0.22,0.25,152,66,34.148260211800306,-0.030223746664218416,0.00054791064060461555,primary,random_pauli,32
6,4,0.22,0.26000000000000001,152,67,61.627836611195185,-0.03121610868451109,0.00098882189684873414,primary,random_pauli,32
6,4,0.22,0.27000000000000002,152,39,56.051437216338925,-0.029136746885671718,0.00089934827371969785,primary,random_pauli,32
6,4,0.22,0.28000000000000003,152,21,43.461422087745881,-0.082645371343977536,0.00069734081531496578,primary,random_pauli,32
6,4,0.22,0.29999999999999999,152,13,47.830559757942495,-0.043851883701542194,0.00076744386024080798,primary,random_pauli,32
6,4,0.23999999999999999,0.25,100,66,2.4962178517397926,0.010909257371147969,4.0051947412618159e-05,primary,random_pauli,32
6,4,0.23999999999999999,0.26000000000000001,100,67,10.136157337367642,-0.011641968687120568,0.00016263518040275253,primary,random_pauli,32
6,4,0.23999999999999999,0.27000000000000002,100,39,13.275340393343443,-0.014701079021518459,0.00021300353851256022,primary,random_pauli,32
6,4,0.23999999999999999,0.28000000000000003,100,21,12.70801815431167,-0.098572932675015462,0.00020390082319151061,primary,random_pauli,32
6,4,0.23999999999999999,0.29999999999999999,100,13,17.700453857791224,-0.041539095374755704,0.00028400471801674646,primary,random_pauli,32
6,4,0.25,0.26000000000000001,66,67,1.6724659606656611,-0.034193194745389108,2.6834804766454168e-05,primary,random_pauli,32
6,4,0.25,0.27000000000000002,66,39,3.8940998487140766,-0.027506247217851675,6.2481037963684334e-05,primary,random_pauli,32
6,4,0.25,0.28000000000000003,66,21,4.717851739788208,-0.13506699602373662,7.5698180609848318e-05,primary,random_pauli,32
6,4,0.25,0.29999999999999999,66,13,8.1127080181543079,-0.05202876592393646,0.00013016882909100874,primary,random_pauli,32
6,4,0.26000000000000001,0.27000000000000002,67,39,0.98827534039334519,-0.020819299690314246,1.5856930089268371e-05,primary,random_pauli,32
6,4,0.26000000000000001,0.28000000000000003,67,21,2.1285930408472047,-0.18550389666291034,3.4153387884578023e-05,primary,random_pauli,32
6,4,0.26000000000000001,0.29999999999999999,67,13,5.2708018154311596,-0.056487658718573308,8.4570293809431074e-05,primary,random_pauli,32
6,4,0.27000000000000002,0.28000000000000003,39,21,0.30975794251134697,-0.35018849363550641,4.9700825652930711e-06,primary,random_pauli,32
6,4,0.27000000000000002,0.29999999999999999,39,13,1.7257942511346409,-0.068377111727993017,2.7690460006632721e-05,primary,random_pauli,32
6,4,0.28000000000000003,0.29999999999999999,21,13,0.41301059001512702,0.072528579225764112,6.6267767537240587e-06,primary,random_pauli,32
6,5,0.20000000000000001,0.22,98,54,25.941176470588207,-0.0019652605241549186,0.0004162275480472575,primary,random_pauli,32
6,5,0.20000000000000001,0.23999999999999999,98,22,42.274509803921525,0.0057514792262854855,0.00067829674496590114,primary,random_pauli,32
6,5,0.20000000000000001,0.25,98,20,60.049019607843114,-0.024490169608699531,0.0009634896945538375,primary,random_pauli,32
6,5,0.20000000000000001,0.26000000000000001,98,10,43.235294117647058,-0.073742621821750759,0.00069371258007876321,primary,random_pauli,32
6,5,0.22,0.23999999999999999,54,22,5.8235294117646985,0.013468218976725888,9.3438837316731259e-05,primary,random_pauli,32
6,5,0.22,0.25,54,20,11.911764705882353,-0.039506775665062603,0.000191124894511496,primary,random_pauli,32
6,5,0.22,0.26000000000000001,54,10,10.58823529411765,-0.10963130247054864,0.00016988879512132982,primary,random_pauli,32
6,5,0.23999999999999999,0.25,22,20,0.53921568627451066,-0.14545676494863943,8.6517441959936603e-06,primary,random_pauli,32
6,5,0.23999999999999999,0.26000000000000001,22,10,1.0784313725490213,-0.23273082391782304,1.7303488391987321e-05,primary,random_pauli,32
6,5,0.25,0.26000000000000001,20,10,0.24509803921568671,-0.32000488288700663,3.9326109981789371e-06,primary,random_pauli,32
8,0,0.20000000000000001,0.22,10,20,0.22935779816513735,0.030000457770656869,3.6800579982958754e-06,primary,random_pauli,32
8,0,0.20000000000000001,0.23999999999999999,10,46,2.1100917431192632,0.0060870494027419654,3.3856533584322047e-05,primary,random_pauli,32
8,0,0.20000000000000001,0.25,10,66,4.7305045871559619,-0.014788104436445029,7.5901196214852489e-05,primary,random_pauli,32
8,0,0.20000000000000001,0.26000000000000001,10,80,8.2568807339449553,-0.0025000381475547471,0.00013248208793865168,primary,random_pauli,32
8,0,0.20000000000000001,0.27000000000000002,10,104,14.610091743119268,-0.0064836154156364669,0.00023441969449144757,primary,random_pauli,32
8,0,0.20000000000000001,0.28000000000000003,10,111,20.366972477064227,-0.0043694360416722524,0.0003267891502486742,primary,random_pauli,32
8,0,0.20000000000000001,0.29999999999999999,10,162,46.444954128440358,-0.0075062873763618986,0.00074521174465491549,primary,random_pauli,32
8,0,0.20000000000000001,0.34000000000000002,10,273,153.40596330275233,-0.0083831734429779137,0.0024614067921601996,primary,random_pauli,32
8,0,0.22,0.23999999999999999,20,46,1.0550458715596316,-0.017826358965172939,1.6928266792161024e-05,primary,random_pauli,32
8,0,0.22,0.25,20,66,3.4059633027522933,-0.044647145907846277,5.4648861274693806e-05,primary,random_pauli,32
8,0,0.22,0.26000000000000001,20,80,7.3394495412844076,-0.018750286106660543,0.0001177618559454682,primary,random_pauli,32
8,0,0.22,0.27000000000000002,20,104,14.908256880733955,-0.021077244690153787,0.00023920376988923232,primary,random_pauli,32
8,0,0.22,0.28000000000000003,20,111,22.912844036697265,-0.015826067312448615,0.00036763779402975864,primary,random_pauli,32
8,0,0.22,0.29999999999999999,20,162,59.449541284403644,-0.016882973663116588,0.00095387103315829156,primary,random_pauli,32
8,0,0.22,0.34000000000000002,20,273,225.41284403669732,-0.014780445311917039,0.0036167610007251916,primary,random_pauli,32
8,0,0.23999999999999999,0.25,46,66,0.87041284403669883,-0.098288719793192897,1.3965820103532889e-05,primary,random_pauli,32
8,0,0.23999999999999999,0.26000000000000001,46,80,4.2201834862385388,-0.019674213248148147,6.7713067168644284e-05,primary,random_pauli,32
8,0,0.23999999999999999,0.27000000000000002,46,104,12.344036697247729,-0.02324450184014102,0.00019806072146828459,primary,random_pauli,32
8,0,0.23999999999999999,0.28000000000000003,46,111,23.422018348623897,-0.014825921486086455,0.00037580752278597594,primary,random_pauli,32
8,0,0.23999999999999999,0.29999999999999999,46,162,76.912844036697251,-0.016568511895764471,0.0012340706491485403,primary,random_pauli,32
8,0,0.23999999999999999,0.34000000000000002,46,273,360.03440366972507,-0.014171262581265859,0.0057767710428249614,primary,random_pauli,32
8,0,0.25,0.26000000000000001,66,80,1.5137614678899109,0.058940293296896595,2.4288382788752849e-05,primary,random_pauli,32
8,0,0.25,0.27000000000000002,66,104,7.8715596330275375,0.014277607136384917,0.00012629959050151481,primary,random_pauli,32
8,0,0.25,0.28000000000000003,66,111,18.903096330275261,0.012995011282949024,0.00030330118007455115,primary,random_pauli,32
8,0,0.25,0.29999999999999999,66,162,76.634174311926586,-0.00022447031627876872,0.0012295993786806104,primary,random_pauli,32
8,0,0.25,0.34000000000000002,66,273,418.42259174311943,-0.0048248784466072949,0.0067136126075961373,primary,random_pauli,32
8,0,0.26000000000000001,0.27000000000000002,80,104,2.3853211009174355,-0.030385079024126765,3.827260318227722e-05,primary,random_pauli,32
8,0,0.26000000000000001,0.28000000000000003,80,111,10.183486238532128,-0.0099776297240247638,0.00016339457512433734,primary,random_pauli,32
8,0,0.26000000000000001,0.29999999999999999,80,162,59.449541284403601,-0.015015661219572632,0.00095387103315829091,primary,random_pauli,32
8,0,0.26000000000000001,0.34000000000000002,80,273,400.73394495412867,-0.012795524914545286,0.0064297973346225641,primary,random_pauli,32
8,0,0.27000000000000002,0.28000000000000003,104,111,3.309633027522942,0.01042981957607724,5.3103236915409643e-05,primary,random_pauli,32
8,0,0.27000000000000002,0.29999999999999999,104,162,43.472477064220094,-0.0098925219513879108,0.00069751819299699951,primary,random_pauli,32
8,0,0.27000000000000002,0.34000000000000002,104,273,398.85550458715608,-0.01028273147031936,0.006399657659616519,primary,random_pauli,32
8,0,0.28000000000000003,0.29999999999999999,111,162,20.621559633027445,-0.020053692715120513,0.00033087401462678128,primary,random_pauli,32
8,0,0.28000000000000003,0.34000000000000002,111,273,312.76032110091739,-0.013734823311385461,0.005018255888506201,primary,random_pauli,32
8,0,0.29999999999999999,0.34000000000000002,162,273,202.87155963302786,-0.010575388609517946,0.0032550849006526767,primary,random_pauli,32
8,1,0.20000000000000001,0.22,61,100,3.0684104627766562,0.029213560517656074,4.9232808109998534e-05,primary,random_pauli,32
8,1,0.20000000000000001,0.23999999999999999,61,173,21.233400402414464,0.0084621778291154633,0.00034069103212118994,primary,random_pauli,32
8,1,0.20000000000000001,0.25,61,207,39.697560362173029,-0.0061583263278326209,0.00063694945492310672,primary,random_pauli,32
8,1,0.20000000000000001,0.26000000000000001,61,227,62.687625754527161,-0.0027058018611506953,0.0010058262696872712,primary,random_pauli,32
8,1,0.20000000000000001,0.27000000000000002,61,274,102.99119718309862,-0.0091592706846943053,0.0016524992042121034,primary,random_pauli,32
8,1,0.20000000000000001,0.28000000000000003,61,305,149.73843058350107,-0.012459206505846577,0.0024025610357679326,primary,random_pauli,32
8,1,0.20000000000000001,0.29999999999999999,61,301,230.89788732394356,-0.012138957623811361,0.0037047688102773927,primary,random_pauli,32
8,1,0.20000000000000001,0.34000000000000002,61,340,511.19718309859167,-0.01628072782906843,0.0082021858311257679,primary,random_pauli,32
8,1,0.22,0.23999999999999999,100,173,8.7022132796780571,-0.012289204859425147,0.00013962747218081552,primary,random_pauli,32
8,1,0.22,0.25,100,207,23.428068410462778,-0.029739584224825071,0.00037590459634806309,primary,random_pauli,32
8,1,0.22,0.26000000000000001,100,227,45.674044265593572,-0.018665483050554068,0.00073284245514555302,primary,random_pauli,32
8,1,0.22,0.27000000000000002,100,274,86.141851106639905,-0.024508403165634442,0.0013821505555470929,primary,random_pauli,32
8,1,0.22,0.28000000000000003,100,305,138.07847082494982,-0.026350128847014116,0.0022154763649499388,primary,random_pauli,32
8,1,0.22,0.29999999999999999,100,301,242.25352112676046,-0.022477087159178216,0.0038869705550451336,primary,random_pauli,32
8,1,0.22,0.34000000000000002,100,340,615.69416498993974,-0.023863109220189176,0.0098788454305964411,primary,random_pauli,32
8,1,0.23999999999999999,0.25,173,207,4.5033953722334097,-0.064640342955624874,7.2257216853572272e-05,primary,random_pauli,32
8,1,0.23999999999999999,0.26000000000000001,173,227,19.754024144869252,-0.025041761241682982,0.0003169543618504522,primary,random_pauli,32
8,1,0.23999999999999999,0.27000000000000002,173,274,53.649144869215391,-0.03265453536977396,0.00086080336599473034,primary,random_pauli,32
8,1,0.23999999999999999,0.28000000000000003,173,305,106.16700201207263,-0.033380590840808591,0.0017034551606059545,primary,random_pauli,32
8,1,0.23999999999999999,0.29999999999999999,173,301,235.74295774647888,-0.02587304792576257,0.0037825082213782972,primary,random_pauli,32
8,1,0.23999999999999999,0.34000000000000002,173,340,739.68812877263633,-0.02617789009234198,0.011868335135369341,primary,random_pauli,32
8,1,0.25,0.26000000000000001,207,227,5.9090794768611774,0.014556820472258912,9.4811492634456067e-05,primary,random_pauli,32
8,1,0.25,0.27000000000000002,207,274,28.530181086519164,-0.01666163157684851,0.00045776826399719758,primary,random_pauli,32
8,1,0.25,0.28000000000000003,207,305,71.455608651911589,-0.02296067346920316,0.0011465090188615943,primary,random_pauli,32
8,1,0.25,0.29999999999999999,207,301,195.88468309859149,-0.018119588919790101,0.0031429800972435262,primary,random_pauli,32
8,1,0.25,0.34000000000000002,207,340,716.89889336016131,-0.02190428421864388,0.011502680648250736,primary,random_pauli,32
8,1,0.26000000000000001,0.27000000000000002,227,274,7.8216800804829116,-0.04788008362595593,0.00012549927044367616,primary,random_pauli,32
8,1,0.26000000000000001,0.28000000000000003,227,305,34.826458752515144,-0.0417194204399342,0.00055879237204848491,primary,random_pauli,32
8,1,0.26000000000000001,0.29999999999999999,227,301,137.47887323943644,-0.026288691267802367,0.0022058557899881114,primary,random_pauli,32
8,1,0.26000000000000001,0.34000000000000002,227,340,621.16700201207266,-0.026461922305006727,0.0099666573899795229,primary,random_pauli,32
8,1,0.27000000000000002,0.28000000000000003,274,305,10.509305835010078,-0.035558757253912464,0.00016862236777674547,primary,random_pauli,32
8,1,0.27000000000000002,0.29999999999999999,274,301,93.343309859154729,-0.019091560481751167,0.0014976983419908254,primary,random_pauli,32
8,1,0.27000000000000002,0.34000000000000002,274,340,574.04929577464804,-0.023402184973442555,0.0092106513021658221,primary,random_pauli,32
8,1,0.28000000000000003,0.29999999999999999,305,301,46.179577464788565,-0.010857962095670491,0.00074095376205547616,primary,random_pauli,32
8,1,0.28000000000000003,0.34000000000000002,305,340,469.46680080482895,-0.021376089593364234,0.007532619640829785,primary,random_pauli,32
8,1,0.29999999999999999,0.34000000000000002,301,340,205.91549295774681,-0.026635153342211091,0.00330392497178837,primary,random_pauli,32
8,2,0.20000000000000001,0.22,142,234,16.169343065693408,-0.045155377833046073,0.0002594379644037744,primary,random_pauli,32
8,2,0.20000000000000001,0.23999999999999999,142,249,68.823357664233498,-0.040475191956169394,0.0011042744125904246,primary,random_pauli,32
8,2,0.20000000000000001,0.25,142,262,113.15085158150846,-0.031635790755252441,0.0018155113962016281,primary,random_pauli,32
8,2,0.20000000000000001,0.26000000000000001,142,272,169.15620437956204,-0.027264983829587624,0.0027141202429933359,primary,random_pauli,32
8,2,0.20000000000000001,0.27000000000000002,142,251,212.46447688564484,-0.03845441732088177,0.0034090037651731053,primary,random_pauli,32
8,2,0.20000000000000001,0.28000000000000003,142,254,280.82141119221421,-0.041752328339832383,0.0045057943903288079,primary,random_pauli,32
8,2,0.20000000000000001,0.29999999999999999,142,238,411.14355231143543,-0.034132370741713179,0.0065968200350532457,primary,random_pauli,32
8,2,0.20000000000000001,0.34000000000000002,142,153,518.04087591240886,-0.037292293236653812,0.008311993244167093,primary,random_pauli,32
8,2,0.22,0.23999999999999999,234,249,28.353284671532819,-0.035795006079292722,0.0004549299516657736,primary,random_pauli,32
8,2,0.22,0.25,234,262,67.125547445255478,-0.02262273270339003,0.0010770329578593326,primary,random_pauli,32
8,2,0.22,0.26000000000000001,234,272,123.88905109489056,-0.018319786827858408,0.0019878063751500494,primary,random_pauli,32
8,2,0.22,0.27000000000000002,234,251,178.63138686131398,-0.035774033116016062,0.0028661500468902951,primary,random_pauli,32
8,2,0.22,0.28000000000000003,234,254,260.30364963503678,-0.04061797850876115,0.0041765858213171107,primary,random_pauli,32
8,2,0.22,0.29999999999999999,234,238,433.61167883211658,-0.031376618968879964,0.0069573223130251676,primary,random_pauli,32
8,2,0.22,0.34000000000000002,234,153,627.18832116788349,-0.035981779137255109,0.010063269774197126,primary,random_pauli,32
8,2,0.23999999999999999,0.25,249,262,7.9364963503649779,0.0037218140484153138,0.00012734150356456518,primary,random_pauli,32
8,2,0.23999999999999999,0.26000000000000001,249,272,32.9576642335767,-0.00084456757642412041,0.00052880746518414853,primary,random_pauli,32
8,2,0.23999999999999999,0.27000000000000002,249,251,68.429562043795741,-0.035760051140498288,0.0010979559410395142,primary,random_pauli,32
8,2,0.23999999999999999,0.28000000000000003,249,254,123.10656934306591,-0.043029464723495357,0.0019752514140702021,primary,random_pauli,32
8,2,0.23999999999999999,0.29999999999999999,249,238,259.54160583941604,-0.029903823265409041,0.004164358788325162,primary,random_pauli,32
8,2,0.23999999999999999,0.34000000000000002,249,153,463.46715328467184,-0.036019133748847583,0.0074363549791520807,primary,random_pauli,32
8,2,0.25,0.26000000000000001,262,272,8.6695863746958786,-0.0054109492012635544,0.00013910397176530813,primary,random_pauli,32
8,2,0.25,0.27000000000000002,262,251,32.000973236009791,-0.055500983734955094,0.00051345730754547567,primary,random_pauli,32
8,2,0.25,0.28000000000000003,262,254,72.862773722627864,-0.058613224314132253,0.0011690870568216707,primary,random_pauli,32
8,2,0.25,0.29999999999999999,262,238,189.64720194647197,-0.036628950728173924,0.0030428993823661096,primary,random_pauli,32
8,2,0.25,0.34000000000000002,262,153,395.00802919708042,-0.040434794615210136,0.0063379247135568429,primary,random_pauli,32
8,2,0.26000000000000001,0.27000000000000002,272,251,8.3055961070559761,-0.10559101826864663,0.00013326372867592499,primary,random_pauli,32
8,2,0.26000000000000001,0.28000000000000003,272,254,33.619464720194706,-0.085214361870566607,0.00053942608898302697,primary,random_pauli,32
8,2,0.26000000000000001,0.29999999999999999,272,238,126.00681265206798,-0.044433451109901531,0.0020217859713064575,primary,random_pauli,32
8,2,0.26000000000000001,0.34000000000000002,272,153,324.01751824817529,-0.044812775291953454,0.0051988782119308987,primary,random_pauli,32
8,2,0.27000000000000002,0.28000000000000003,251,254,7.7559610705596249,-0.064837705472486573,0.00012444480545472408,primary,random_pauli,32
8,2,0.27000000000000002,0.29999999999999999,251,238,65.406569343065556,-0.024047595390319792,0.0010494518633229052,primary,random_pauli,32
8,2,0.27000000000000002,0.34000000000000002,251,153,228.92299270073002,-0.036130169152425853,0.0036730815216301773,primary,random_pauli,32
8,2,0.28000000000000003,0.29999999999999999,254,238,29.417031630170204,-0.003652540349236344,0.00047199782786014598,primary,random_pauli,32
8,2,0.28000000000000003,0.34000000000000002,254,153,170.19854014598539,-0.03134557976574906,0.0027308445754765692,primary,random_pauli,32
8,2,0.29999999999999999,0.34000000000000002,238,153,70.878832116788431,-0.045192099474005376,0.0011372546088598853,primary,random_pauli,32
8,3,0.20000000000000001,0.22,227,239,39.087175792507161,-0.035132233861643332,0.00062715580223021694,primary,random_pauli,32
8,3,0.20000000000000001,0.23999999999999999,227,227,148.49855907780963,-0.033480687086195685,0.0023826672319039203,primary,random_pauli,32
8,3,0.20000000000000001,0.25,227,193,197.27575648414981,-0.039952219948670577,0.0031652999432644343,primary,random_pauli,32
8,3,0.20000000000000001,0.26000000000000001,227,166,244.33573487031703,-0.040732712892912845,0.0039203797846524904,primary,random_pauli,32
8,3,0.20000000000000001,0.27000000000000002,227,126,252.43119596541794,-0.030302039684707575,0.0040502718859512189,primary,random_pauli,32
8,3,0.20000000000000001,0.28000000000000003,227,96,251.20461095100876,-0.043677245022808425,0.0040305912645423212,primary,random_pauli,32
8,3,0.20000000000000001,0.29999999999999999,227,82,335.26657060518721,-0.046608640706835541,0.005379369851765463,primary,random_pauli,32
8,3,0.20000000000000001,0.34000000000000002,227,32,256.43804034582143,-0.040434852355038929,0.0041145619158869523,primary,random_pauli,32
8,3,0.22,0.23999999999999999,239,227,39.087175792507161,-0.031829140310748037,0.00062715580223021694,primary,random_pauli,32
8,3,0.22,0.25,239,193,74.773595100864554,-0.04316554400668874,0.0011997462868655155,primary,random_pauli,32
8,3,0.22,0.26000000000000001,239,166,114.33429394812686,-0.043532952408547605,0.0018344997915456596,primary,random_pauli,32
8,3,0.22,0.27000000000000002,239,126,135.59978386167157,-0.028369962013933277,0.0021757057015695893,primary,random_pauli,32
8,3,0.22,0.28000000000000003,239,96,148.77233429394826,-0.046525582076530125,0.0023870599697220639,primary,random_pauli,32
8,3,0.22,0.29999999999999999,239,82,225.91354466858778,-0.049477742418133609,0.0036247947688372033,primary,random_pauli,32
8,3,0.22,0.34000000000000002,239,32,198.36311239193088,-0.041318622103938205,0.0031827466262960833,primary,random_pauli,32
8,3,0.23999999999999999,0.25,227,193,7.8910302593660084,-0.065838351398570139,0.00012661199773057765,primary,random_pauli,32
8,3,0.23999999999999999,0.26000000000000001,227,166,27.148414985590829,-0.055236764506347166,0.00043559775385027753,primary,random_pauli,32
8,3,0.23999999999999999,0.27000000000000002,227,126,46.364913544668674,-0.026063843149390111,0.00074392748925634737,primary,random_pauli,32
8,3,0.23999999999999999,0.28000000000000003,227,96,62.801152737752275,-0.053873802959421152,0.0010076478161355816,primary,random_pauli,32
8,3,0.23999999999999999,0.29999999999999999,227,82,120.69596541786746,-0.055360609787262122,0.0019365731466355679,primary,random_pauli,32
8,3,0.23999999999999999,0.34000000000000002,227,32,130.83573487031711,-0.04321651846257623,0.002099266283615793,primary,random_pauli,32
8,3,0.25,0.26000000000000001,193,166,5.7705331412103851,-0.044635177614124194,9.2588509353638276e-05,primary,random_pauli,32
8,3,0.25,0.27000000000000002,193,126,17.520172910662854,-0.006176589024800094,0.00028111210068815473,primary,random_pauli,32
8,3,0.25,0.28000000000000003,193,96,30.034582132564893,-0.04988562014637149,0.00048190645832255096,primary,random_pauli,32
8,3,0.25,0.29999999999999999,193,82,71.262608069164244,-0.05326506146500052,0.0011434123143069762,primary,random_pauli,32
8,3,0.25,0.34000000000000002,193,32,90.10374639769455,-0.040702981469688024,0.0014457193749676509,primary,random_pauli,32
8,3,0.26000000000000001,0.27000000000000002,166,126,3.7672910662824277,0.032281999564524003,6.0446384344862296e-05,primary,random_pauli,32
8,3,0.26000000000000001,0.28000000000000003,166,96,11.4812680115274,-0.052510841412495138,0.00018421755228910415,primary,random_pauli,32
8,3,0.26000000000000001,0.29999999999999999,166,82,39.22766570605183,-0.055422532427719606,0.000629409970321104,primary,random_pauli,32
8,3,0.26000000000000001,0.34000000000000002,166,32,61.23342939481271,-0.040211456951633494,0.00098249361220855412,primary,random_pauli,32
8,3,0.27000000000000002,0.28000000000000003,126,96,2.178674351585018,-0.13730368238951429,3.4956945163293851e-05,primary,random_pauli,32
8,3,0.27000000000000002,0.29999999999999999,126,82,16.748559077809762,-0.084657376425134212,0.00026873151594282045,primary,random_pauli,32
8,3,0.27000000000000002,0.34000000000000002,126,32,35.585014409221913,-0.050567665025370287,0.0005709634376671321,primary,random_pauli,32
8,3,0.28000000000000003,0.29999999999999999,96,82,5.6714697406339845,-0.058334223442944075,9.0999031853653342e-05,primary,random_pauli,32
8,3,0.28000000000000003,0.34000000000000002,96,32,19.919308357348704,-0.036111662131346277,0.00031960635577868614,primary,random_pauli,32
8,3,0.29999999999999999,0.34000000000000002,82,32,7.5619596541786889,-0.025000381475547409,0.00012133204247153848,primary,random_pauli,32
8,4,0.20000000000000001,0.22,208,129,44.131578947368375,-0.062105896975033166,0.00070809351756052419,primary,random_pauli,32
8,4,0.20000000000000001,0.23999999999999999,208,80,109.4736842105262,-0.04923152044415495,0.0017565110513129282,primary,random_pauli,32
8,4,0.20000000000000001,0.25,208,65,138.98026315789468,-0.060000915541313829,0.0022299456706121176,primary,random_pauli,32
8,4,0.20000000000000001,0.26000000000000001,208,45,138.5526315789474,-0.065043727531253301,0.0022230842993179278,primary,random_pauli,32
8,4,0.20000000000000001,0.27000000000000002,208,37,155.05921052631581,-0.070063439145608988,0.0024879332312737054,primary,random_pauli,32
8,4,0.20000000000000001,0.28000000000000003,208,30,164.21052631578954,-0.052116179845179605,0.0026347665769693961,primary,random_pauli,32
8,4,0.20000000000000001,0.29999999999999999,208,14,119.73684210526314,-0.054836001566145785,0.001921183962373517,primary,random_pauli,32
8,4,0.22,0.23999999999999999,129,80,16.973684210526294,-0.036357143913276734,0.00027234366060020153,primary,random_pauli,32
8,4,0.22,0.25,129,65,31.030016447368425,-0.058597594585500928,0.00049787825453474419,primary,random_pauli,32
8,4,0.22,0.26000000000000001,129,45,38.190789473684227,-0.066512642809363351,0.00061277323635045456,primary,random_pauli,32
8,4,0.22,0.27000000000000002,129,37,49.064555921052666,-0.073246456013839292,0.00078724339392245918,primary,random_pauli,32
8,4,0.22,0.28000000000000003,129,30,57.286184210526365,-0.04878627413522843,0.00091915985452568222,primary,random_pauli,32
8,4,0.22,0.29999999999999999,129,14,47.526315789473671,-0.053018527713923944,0.00076256224968056512,primary,random_pauli,32
8,4,0.23999999999999999,0.25,80,65,2.1381578947368456,-0.10307849592994928,3.4306856470955721e-05,primary,random_pauli,32
8,4,0.23999999999999999,0.26000000000000001,80,45,5.9210526315789584,-0.096668141705449948,9.5003602534954329e-05,primary,random_pauli,32
8,4,0.23999999999999999,0.27000000000000002,80,37,10.953947368421071,-0.097839330747547637,0.00017575666468966548,primary,random_pauli,32
8,4,0.23999999999999999,0.28000000000000003,80,30,15.789473684210554,-0.055000839246204275,0.00025334294009321154,primary,random_pauli,32
8,4,0.23999999999999999,0.29999999999999999,80,14,16.578947368421051,-0.058572322314139669,0.00026601008709787162,primary,random_pauli,32
8,4,0.25,0.26000000000000001,65,45,1.2027138157894759,-0.090257787480950605,1.9297606764912598e-05,primary,random_pauli,32
8,4,0.25,0.27000000000000002,65,37,3.9555921052631651,-0.095219748156346845,6.3467684471268097e-05,primary,random_pauli,32
8,4,0.25,0.28000000000000003,65,30,7.2162828947368549,-0.038974953684955939,0.00011578564058947558,primary,random_pauli,32
8,4,0.25,0.29999999999999999,65,14,9.3544407894736814,-0.049671087590977742,0.00015009249706043098,primary,random_pauli,32
8,4,0.26000000000000001,0.27000000000000002,45,37,0.68462171052631693,-0.10018170883174307,1.0984791543104092e-05,primary,random_pauli,32
8,4,0.26000000000000001,0.28000000000000003,45,30,2.2203947368421089,-0.013333536786958604,3.5626350950607863e-05,primary,random_pauli,32
8,4,0.26000000000000001,0.29999999999999999,45,14,4.1447368421052575,-0.039524412618484515,6.6502521774467811e-05,primary,random_pauli,32
8,4,0.27000000000000002,0.28000000000000003,37,30,0.45641447368421129,0.073514635257825853,7.323194362069395e-06,primary,random_pauli,32
8,4,0.27000000000000002,0.29999999999999999,37,14,1.9169407894736805,-0.019305313880731628,3.0757416320691344e-05,primary,random_pauli,32
8,4,0.28000000000000003,0.29999999999999999,30,14,0.69078947368420784,-0.065715288450010498,1.1083753629077941e-05,primary,random_pauli,32
8,5,0.20000000000000001,0.22,119,66,36.193548387096733,0.031856865012385875,0.00058072739751688894,primary,random_pauli,32
8,5,0.20000000000000001,0.23999999999999999,119,22,48.258064516128975,-0.011344710921677,0.00077430319668918529,primary,random_pauli,32
8,5,0.20000000000000001,0.26000000000000001,119,10,49.354838709677409,-0.027563445794889258,0.00079190099661394025,primary,random_pauli,32
8,5,0.22,0.23999999999999999,66,22,6.6912442396313292,-0.054546286855739867,0.00010736136760816436,primary,random_pauli,32
8,5,0.22,0.26000000000000001,66,10,12.165898617511528,-0.0572736011985268,0.00019520248656029916,primary,random_pauli,32
8,5,0.23999999999999999,0.26000000000000001,22,10,1.0138248847926286,-0.060000915541313732,1.626687388002495e-05,primary,random_pauli,32
10,0,0.22,0.23999999999999999,32,38,1.4528076463560318,0.010855428798592975,2.331037549945656e-05,primary,random_pauli,32
10,0,0.22,0.25,32,70,6.021505376344086,-0.0036905325035332024,9.6615372135905583e-05,primary,random_pauli,32
10,0,0.22,0.26000000000000001,32,83,12.692951015531667,-0.0041792806382315853,0.00020365907015314712,primary,random_pauli,32
10,0,0.22,0.27000000000000002,32,95,22.700119474313038,-0.0036579505527379861,0.00036422461717900941,primary,random_pauli,32
10,0,0.22,0.28000000000000003,32,114,39.225806451612939,-0.0092472171247273277,0.00062938013848532837,primary,random_pauli,32
10,0,0.22,0.29999999999999999,32,162,99.096774193548328,-0.0062693857866920628,0.0015900129814366167,primary,random_pauli,32
10,0,0.22,0.34000000000000002,32,243,334.45161290322596,-0.0055513535683871604,0.0053662938123485871,primary,random_pauli,32
10,0,0.23999999999999999,0.25,38,70,0.79450418160095715,-0.032782455107785519,1.2747861601265342e-05,primary,random_pauli,32
10,0,0.23999999999999999,0.26000000000000001,38,83,3.7682198327359688,-0.019213990075056125,6.0461286451715635e-05,primary,random_pauli,32
10,0,0.23999999999999999,0.27000000000000002,38,95,9.7043010752688357,-0.013333536786958615,0.00015570602384402672,primary,random_pauli,32
10,0,0.23999999999999999,0.28000000000000003,38,114,20.702508960573514,-0.019298540086387466,0.00033217285086725696,primary,random_pauli,32
10,0,0.23999999999999999,0.29999999999999999,38,162,66.193548387096769,-0.011977657315120405,0.0010620789836939906,primary,random_pauli,32
10,0,0.23999999999999999,0.34000000000000002,38,243,275.80645161290346,-0.0088327100417831834,0.0044253290987249653,primary,random_pauli,32
10,0,0.25,0.26000000000000001,70,83,1.7353643966547223,-0.0056455250423267326,2.7844013497500616e-05,primary,random_pauli,32
10,0,0.25,0.27000000000000002,70,95,7.9450418160095726,-0.0036090776265451621,0.00012747861601265345,primary,random_pauli,32
10,0,0.25,0.28000000000000003,70,114,21.451612903225843,-0.014803901745921449,0.00034419226323416423,primary,random_pauli,32
10,0,0.25,0.29999999999999999,70,162,84.67741935483869,-0.007816697756587377,0.001358653670661172,primary,random_pauli,32
10,0,0.25,0.34000000000000002,70,243,411.53225806451633,-0.006171627256671813,0.0066030568394133005,primary,random_pauli,32
10,0,0.26000000000000001,0.27000000000000002,83,95,2.3551373954599804,-0.0015726302107635912,3.7788304032322265e-05,primary,random_pauli,32
10,0,0.26000000000000001,0.28000000000000003,83,114,11.304659498207906,-0.019383090097718807,0.00018138385935514688,primary,random_pauli,32
10,0,0.26000000000000001,0.29999999999999999,83,162,64.258064516128954,-0.0083594909351525411,0.0010310240426503056,primary,random_pauli,32
10,0,0.26000000000000001,0.34000000000000002,83,243,385.54838709677443,-0.0062373900334649467,0.0061861442559018442,primary,random_pauli,32
10,0,0.27000000000000002,0.28000000000000003,95,114,3.234767025089611,-0.037193549984674022,5.1902007948008888e-05,primary,random_pauli,32
10,0,0.27000000000000002,0.29999999999999999,95,162,41.370967741935395,-0.010621777843282195,0.00066379936480874275,primary,random_pauli,32
10,0,0.27000000000000002,0.34000000000000002,95,243,337.86290322580652,-0.0069037842938508556,0.0054210281459380781,primary,random_pauli,32
10,0,0.28000000000000003,0.29999999999999999,114,162,22.064516129032175,0.0026641082274137581,0.00035402632789799555,primary,random_pauli,32
10,0,0.28000000000000003,0.34000000000000002,114,243,297.87096774193549,-0.0018554900120469897,0.0047793554266229582,primary,random_pauli,32
10,0,0.29999999999999999,0.34000000000000002,162,243,188.12903225806485,-0.0041152891317773575,0.003018540269446084,primary,random_pauli,32
10,1,0.20000000000000001,0.22,63,104,3.3040847201210251,0.005464063838977992,5.3014214029792612e-05,primary,random_pauli,32
10,1,0.20000000000000001,0.23999999999999999,63,187,23.763993948562756,-0.0024870933782651385,0.0003812945393681238,primary,random_pauli,32
10,1,0.20000000000000001,0.25,63,195,38.719742813918295,-0.0012503243287404378,0.00062126032066163266,primary,random_pauli,32
10,1,0.20000000000000001,0.26000000000000001,63,230,65.763993948562785,0.0014032880331340165,0.0010551867600160658,primary,random_pauli,32
10,1,0.20000000000000001,0.27000000000000002,63,268,104.30105900151288,-0.015521271120162517,0.001673516006344321,primary,random_pauli,32
10,1,0.20000000000000001,0.28000000000000003,63,268,136.22995461422093,-0.018431932516442446,0.0021858168246129909,primary,random_pauli,32
10,1,0.20000000000000001,0.29999999999999999,63,320,254.16036308623291,-0.014359346090360062,0.0040780164638302046,primary,random_pauli,32
10,1,0.20000000000000001,0.34000000000000002,63,348,541.74281391830573,-0.013199044156923617,0.0086922920926540848,primary,random_pauli,32
10,1,0.22,0.23999999999999999,104,187,9.8073625819465349,-0.010438250595508269,0.00015735965116779713,primary,random_pauli,32
10,1,0.22,0.25,104,195,23.010590015128592,-0.0057265831072193891,0.00036920613342177039,primary,random_pauli,32
10,1,0.22,0.26000000000000001,104,230,48.250126071608705,-0.00062709986978796972,0.00077417582392713159,primary,random_pauli,32
10,1,0.22,0.27000000000000002,104,268,87.846696923852818,-0.023915405103818711,0.0014095048968238539,primary,random_pauli,32
10,1,0.22,0.28000000000000003,104,268,126.49924357034807,-0.026397264634915919,0.0020296870514263498,primary,random_pauli,32
10,1,0.22,0.29999999999999999,104,320,268.52244074634382,-0.019315198572694574,0.0043084567592466408,primary,random_pauli,32
10,1,0.22,0.34000000000000002,104,348,657.04084720121045,-0.016309562156240551,0.010542255132781632,primary,random_pauli,32
10,1,0.23999999999999999,0.25,187,195,4.5972012102874524,0.0036967518693583577,7.3762336484905128e-05,primary,random_pauli,32
10,1,0.23999999999999999,0.26000000000000001,187,230,21.689359556227974,0.0091840508559323155,0.00034800692085185998,primary,random_pauli,32
10,1,0.23999999999999999,0.27000000000000002,187,268,56.863842662632472,-0.032900174776025665,0.00091238336205944157,primary,random_pauli,32
10,1,0.23999999999999999,0.28000000000000003,187,268,101.09127584467994,-0.034376771654619734,0.0016220148658834517,primary,random_pauli,32
10,1,0.23999999999999999,0.29999999999999999,187,320,271.58850226928894,-0.022274181231756673,0.0043576518784928476,primary,random_pauli,32
10,1,0.23999999999999999,0.34000000000000002,187,348,820.42360060514432,-0.017483824468387005,0.013163740049613822,primary,random_pauli,32
10,1,0.25,0.26000000000000001,195,230,5.6543116490166518,0.014671349842506273,9.0723729366460842e-05,primary,random_pauli,32
10,1,0.25,0.27000000000000002,195,268,26.354009077155876,-0.051198638098717671,0.00042285146904715666,primary,random_pauli,32
10,1,0.25,0.28000000000000003,195,268,59.296520423600718,-0.04706794616261243,0.00095141580535610239,primary,random_pauli,32
10,1,0.25,0.29999999999999999,195,320,196.67170953101356,-0.027468367851979685,0.0031556079779638487,primary,random_pauli,32
10,1,0.25,0.34000000000000002,195,348,692.97276853252674,-0.019837221839247604,0.011118784710355628,primary,random_pauli,32
10,1,0.26000000000000001,0.27000000000000002,230,268,7.771053958648527,-0.11706862603994163,0.00012468697164211029,primary,random_pauli,32
10,1,0.26000000000000001,0.28000000000000003,230,268,31.084215834594108,-0.077937594165171778,0.00049874788656844118,primary,random_pauli,32
10,1,0.26000000000000001,0.29999999999999999,230,320,148.46192637418036,-0.038003297275601193,0.0023820794582373236,primary,random_pauli,32
10,1,0.26000000000000001,0.34000000000000002,230,348,645.80937972768561,-0.024150793299466837,0.010362045643332374,primary,random_pauli,32
10,1,0.27000000000000002,0.28000000000000003,268,268,9.0549672213817622,-0.038806562290401934,0.00014528742782645896,primary,random_pauli,32
10,1,0.27000000000000002,0.29999999999999999,268,320,97.307110438728998,-0.011648187687487667,0.0015612977318664183,primary,random_pauli,32
10,1,0.27000000000000002,0.34000000000000002,268,348,576.13918305597599,-0.010876817193684716,0.0092441836540924412,primary,random_pauli,32
10,1,0.28000000000000003,0.29999999999999999,268,320,43.247604639435046,0.0019309996139695066,0.00069391010305174048,primary,random_pauli,32
10,1,0.28000000000000003,0.34000000000000002,268,348,423.28593040847204,-0.0062218596775651764,0.0067916451336189343,primary,random_pauli,32
10,1,0.29999999999999999,0.34000000000000002,320,348,224.62934947049965,-0.010298289323332507,0.0036041897889851787,primary,random_pauli,32
10,2,0.20000000000000001,0.22,154,205,15.498281786941563,-0.0003484373724814973,0.00024867075070546658,primary,random_pauli,32
10,2,0.20000000000000001,0.23999999999999999,154,245,74.089347079037722,-0.021020728914133754,0.0011887674911773526,primary,random_pauli,32
10,2,0.20000000000000001,0.25,154,241,113.87457044673535,-0.018186406726017672,0.0018271235036590697,primary,random_pauli,32
10,2,0.20000000000000001,0.26000000000000001,154,273,185.75257731958763,-0.02307727520819762,0.002980409924308937,primary,random_pauli,32
10,2,0.20000000000000001,0.27000000000000002,154,263,243.56872852233684,-0.027206126314353766,0.0039080731272455515,primary,random_pauli,32
10,2,0.20000000000000001,0.28000000000000003,154,271,327.80756013745713,-0.032406925697612596,0.0052596896344336806,primary,random_pauli,32
10,2,0.20000000000000001,0.29999999999999999,154,215,406.357388316151,-0.026724660277648308,0.0065200257806921156,primary,random_pauli,32
10,2,0.20000000000000001,0.34000000000000002,154,170,629.75945017182153,-0.0329176691505167,0.010104523675007511,primary,random_pauli,32
10,2,0.22,0.23999999999999999,205,245,24.656357388316124,-0.04169302045578601,0.00039561255794051502,primary,random_pauli,32
10,2,0.22,0.25,205,241,54.571060382916045,-0.030078386295041781,0.00087559554915609989,primary,random_pauli,32
10,2,0.22,0.26000000000000001,205,273,109.8969072164949,-0.034441694126055675,0.001763301686820584,primary,random_pauli,32
10,2,0.22,0.27000000000000002,205,263,165.42403043691715,-0.037949201891102666,0.0026542373147539705,primary,random_pauli,32
10,2,0.22,0.28000000000000003,205,271,245.45655375552306,-0.043093088472656284,0.0039383633829261962,primary,random_pauli,32
10,2,0.22,0.29999999999999999,205,215,346.19538537064301,-0.033318716003940006,0.005554723262511726,primary,random_pauli,32
10,2,0.22,0.34000000000000002,205,170,615.90574374079551,-0.038345874446855895,0.0098822402228406353,primary,random_pauli,32
10,2,0.23999999999999999,0.25,245,241,7.246563573883174,-0.0068491179735533586,0.0001162714956873956,primary,random_pauli,32
10,2,0.23999999999999999,0.26000000000000001,245,273,32.83505154639181,-0.027190367796325349,0.00052684013813541911,primary,random_pauli,32
10,2,0.23999999999999999,0.27000000000000002,245,263,71.172680412371264,-0.035453322847980438,0.0011419694202990265,primary,random_pauli,32
10,2,0.23999999999999999,0.28000000000000003,245,271,130.37800687285247,-0.04379312248109142,0.0020919220136952172,primary,random_pauli,32
10,2,0.23999999999999999,0.29999999999999999,245,215,232.73195876288659,-0.030527281186658008,0.0037341965834873044,primary,random_pauli,32
10,2,0.23999999999999999,0.34000000000000002,245,170,511.16838487972541,-0.03767644524506987,0.0082017237621814232,primary,random_pauli,32
10,2,0.25,0.26000000000000001,241,273,8.0747422680412519,-0.047531617619097341,0.00012955966662309796,primary,random_pauli,32
10,2,0.25,0.27000000000000002,241,263,31.115856651939183,-0.049755425285193985,0.0004992555651556742,primary,random_pauli,32
10,2,0.25,0.28000000000000003,241,271,72.140279823269651,-0.056107790650270779,0.0011574946040063588,primary,random_pauli,32
10,2,0.25,0.29999999999999999,241,215,158.98073146784481,-0.035262913829278944,0.0025508542421214288,primary,random_pauli,32
10,2,0.25,0.34000000000000002,241,170,407.28645066273953,-0.04110170383079393,0.0065349326351650423,primary,random_pauli,32
10,2,0.26000000000000001,0.27000000000000002,273,263,8.8118556701031068,-0.051979232951290623,0.00014138669013226041,primary,random_pauli,32
10,2,0.26000000000000001,0.28000000000000003,273,271,36.319587628866053,-0.060395877165857502,0.0005827497038150964,primary,random_pauli,32
10,2,0.26000000000000001,0.29999999999999999,273,215,115.25773195876275,-0.032195737881824345,0.0018493164032508532,primary,random_pauli,32
10,2,0.26000000000000001,0.34000000000000002,273,170,364.53608247422693,-0.040297964607256008,0.0058490007172585217,primary,random_pauli,32
10,2,0.27000000000000002,0.28000000000000003,263,271,8.7472999509082126,-0.068812521380424388,0.00014035089020455154,primary,random_pauli,32
10,2,0.27000000000000002,0.29999999999999999,263,215,62.457658321060251,-0.025601239525335568,0.0010021364300583256,primary,random_pauli,32
10,2,0.27000000000000002,0.34000000000000002,263,170,268.8745704467355,-0.038629211986679624,0.0043141066989074274,primary,random_pauli,32
10,2,0.28000000000000003,0.29999999999999999,271,215,28.603338242513395,-0.0039955985977910983,0.00045894207443313186,primary,random_pauli,32
10,2,0.28000000000000003,0.34000000000000002,271,170,203.54933726067748,-0.033598660421055498,0.0032659598785241598,primary,random_pauli,32
10,2,0.29999999999999999,0.34000000000000002,215,170,71.772214040255392,-0.048400191332687664,0.0011515889690573112,primary,random_pauli,32
10,3,0.20000000000000001,0.22,227,247,39.04526462395539,-0.01103656998132211,0.00062648333531485254,primary,random_pauli,32
10,3,0.20000000000000001,0.23999999999999999,227,214,135.31476323119759,-0.030112856043831186,0.0021711325304838609,primary,random_pauli,32
10,3,0.20000000000000001,0.25,227,211,208.46535515320326,-0.051449518798507621,0.0033448376455322364,primary,random_pauli,32
10,3,0.20000000000000001,0.26000000000000001,227,154,219.09610027855155,-0.040498739517113864,0.003515408513143266,primary,random_pauli,32
10,3,0.20000000000000001,0.27000000000000002,227,134,259.48502785515325,-0.020009134673721802,0.0041634509915762421,primary,random_pauli,32
10,3,0.20000000000000001,0.28000000000000003,227,120,303.50974930362128,-0.039908832161626426,0.0048698299749170794,primary,random_pauli,32
10,3,0.20000000000000001,0.29999999999999999,227,94,371.4832869080779,-0.027941189306816709,0.0059604689797162136,primary,random_pauli,32
10,3,0.20000000000000001,0.34000000000000002,227,35,271.1037604456825,-0.038655628946242443,0.0043498741703035361,primary,random_pauli,32
10,3,0.22,0.23999999999999999,247,214,36.809192200557064,-0.049189142106340261,0.00059060543505453061,primary,random_pauli,32
10,3,0.22,0.25,247,211,81.659644846796652,-0.078391484676631276,0.0013102333191221435,primary,random_pauli,32
10,3,0.22,0.26000000000000001,247,154,105.95543175487471,-0.055229824285009735,0.0017000605046429507,primary,random_pauli,32
10,3,0.22,0.27000000000000002,247,134,144.05466573816167,-0.023598160550681677,0.002311364728309207,primary,random_pauli,32
10,3,0.22,0.28000000000000003,247,120,185.76601671309209,-0.049532919555061186,0.0029806255600882911,primary,random_pauli,32
10,3,0.22,0.29999999999999999,247,94,258.69637883008346,-0.032167344138190362,0.0041507970762710966,primary,random_pauli,32
10,3,0.22,0.34000000000000002,247,35,216.72701949860732,-0.043258805440395828,0.0034773964867696712,primary,random_pauli,32
10,3,0.23999999999999999,0.25,214,211,7.8610724233983431,-0.13679616981721326,0.00012613132266852867,primary,random_pauli,32
10,3,0.23999999999999999,0.26000000000000001,214,154,22.949860724234025,-0.061270506463679215,0.00036823172873845338,primary,random_pauli,32
10,3,0.23999999999999999,0.27000000000000002,214,134,44.931058495821809,-0.0065375061802426465,0.00072092120918599797,primary,random_pauli,32
10,3,0.23999999999999999,0.28000000000000003,214,120,71.532033426183958,-0.049704808279421656,0.0011477352584055686,primary,random_pauli,32
10,3,0.23999999999999999,0.29999999999999999,214,94,126.07520891364902,-0.026493411482140395,0.0020228833929398114,primary,random_pauli,32
10,3,0.23999999999999999,0.34000000000000002,214,35,130.39693593314772,-0.042072738107206936,0.0020922257314684826,primary,random_pauli,32
10,3,0.25,0.26000000000000001,211,154,5.6570334261838546,0.014255156889854813,9.076740042501596e-05,primary,random_pauli,32
10,3,0.25,0.27000000000000002,211,134,19.689415041782766,0.058591825638242653,0.00031591770537538021,primary,random_pauli,32
10,3,0.25,0.28000000000000003,211,120,39.672701949860787,-0.020674354433491124,0.00063655060038322864,primary,random_pauli,32
10,3,0.25,0.29999999999999999,211,94,86.324860724233957,-0.0044328598151258036,0.0013850869545375783,primary,random_pauli,32
10,3,0.25,0.34000000000000002,211,35,104.14084261838445,-0.031547912361650679,0.0016709453260059734,primary,random_pauli,32
10,3,0.26000000000000001,0.27000000000000002,154,134,3.5926183844011206,0.10292849438663049,5.764375192868312e-05,primary,random_pauli,32
10,3,0.26000000000000001,0.28000000000000003,154,120,12.86908077994431,-0.038139110095164089,0.00020648508153558128,primary,random_pauli,32
10,3,0.26000000000000001,0.29999999999999999,154,94,40.32311977715873,-0.009104863991370964,0.00064698658881148622,primary,random_pauli,32
10,3,0.26000000000000001,0.34000000000000002,154,35,60.055710306406716,-0.037273296018088868,0.0009635970471660449,primary,random_pauli,32
10,3,0.27000000000000002,0.28000000000000003,134,120,2.7994428969359384,-0.17920671457695866,4.491720929507776e-05,primary,random_pauli,32
10,3,0.27000000000000002,0.29999999999999999,134,94,19.736072423398287,-0.046449316784038186,0.00031666632553029695,primary,random_pauli,32
10,3,0.27000000000000002,0.34000000000000002,134,35,40.008704735376057,-0.057302123218763074,0.00064194178284215193,primary,random_pauli,32
10,3,0.28000000000000003,0.29999999999999999,120,94,7.8551532033425886,0.019929382112422244,0.00012603634846976972,primary,random_pauli,32
10,3,0.28000000000000003,0.34000000000000002,120,35,26.323119777158773,-0.036984691325730457,0.00042235584859550644,primary,random_pauli,32
10,3,0.29999999999999999,0.34000000000000002,94,35,9.1643454038997394,-0.065441728044806732,0.00014704240654806551,primary,random_pauli,32
10,4,0.20000000000000001,0.22,196,148,47.321370309951007,-0.024352274509551443,0.00075927388862562977,primary,random_pauli,32
10,4,0.20000000000000001,0.23999999999999999,196,95,121.50081566068501,-0.052304772328755411,0.0019494870113360761,primary,random_pauli,32
10,4,0.20000000000000001,0.25,196,65,129.8939641109298,-0.026556135198766734,0.0020841555219875832,primary,random_pauli,32
10,4,0.20000000000000001,0.26000000000000001,196,51,146.76019575856444,-0.048093304207062142,0.002354775100534895,primary,random_pauli,32
10,4,0.20000000000000001,0.27000000000000002,196,35,137.08809135399679,-0.015452130824536591,0.0021995856739745897,primary,random_pauli,32
10,4,0.20000000000000001,0.28000000000000003,196,23,117.6639477977162,-0.041781915269914427,0.0018879242636096771,primary,random_pauli,32
10,4,0.22,0.23999999999999999,148,95,22.936378466557883,-0.080257270147959373,0.00036801540520119803,primary,random_pauli,32
10,4,0.22,0.25,148,65,35.309951060358891,-0.028025375658243593,0.00056655003169131881,primary,random_pauli,32
10,4,0.22,0.26000000000000001,148,51,49.25285481239807,-0.059963819055817477,0.0007902646595899425,primary,random_pauli,32
10,4,0.22,0.27000000000000002,148,35,52.814029363784698,-0.011892073350530658,0.00084740389355539183,primary,random_pauli,32
10,4,0.22,0.28000000000000003,148,23,49.977161500815704,-0.047591795523368743,0.00080188619870155957,primary,random_pauli,32
10,4,0.23999999999999999,0.25,95,65,2.5183523654159914,0.076438413321187823,4.0407096854861392e-05,primary,random_pauli,32
10,4,0.23999999999999999,0.26000000000000001,95,51,7.9037520391517271,-0.03967036796367561,0.00012681611935987268,primary,random_pauli,32
10,4,0.23999999999999999,0.27000000000000002,95,35,12.204323001631343,0.033684724514421761,0.00019581900783509752,primary,random_pauli,32
10,4,0.23999999999999999,0.28000000000000003,95,23,14.257748776508997,-0.031259058211073457,0.00022876633296290758,primary,random_pauli,32
10,4,0.25,0.26000000000000001,65,51,1.3519575856443742,-0.15577914924853906,2.1692230943136114e-05,primary,random_pauli,32
10,4,0.25,0.27000000000000002,65,35,3.7112561174551448,0.012307880111038727,5.9547300628216783e-05,primary,random_pauli,32
10,4,0.25,0.28000000000000003,65,23,5.487357259380107,-0.067158215388493883,8.8044937357434821e-05,primary,random_pauli,32
10,4,0.26000000000000001,0.27000000000000002,51,35,0.72797716150081704,0.18039490947061648,1.1680432046304064e-05,primary,random_pauli,32
10,4,0.26000000000000001,0.28000000000000003,51,23,1.9135399673735762,-0.022847748458471297,3.070284995028497e-05,primary,random_pauli,32
10,4,0.27000000000000002,0.28000000000000003,35,23,0.3283034257748782,-0.22609040638755909,5.2676458248037923e-06,primary,random_pauli,32
10,5,0.20000000000000001,0.22,114,53,30.059701492537279,-0.040219084399589711,0.00048230949978143303,primary,random_pauli,32
10,5,0.20000000000000001,0.23999999999999999,114,18,40.835820895522346,-0.065498075444709064,0.00065521290536345626,primary,random_pauli,32
10,5,0.20000000000000001,0.25,114,16,56.716417910447738,-0.046842820027867799,0.00091001792411591199,primary,random_pauli,32
10,5,0.22,0.23999999999999999,53,18,4.7462686567164125,-0.090777066489828417,7.6154131544436791e-05,primary,random_pauli,32
10,5,0.22,0.25,53,16,9.4925373134328375,-0.051258643780053202,0.0001523082630888738,primary,random_pauli,32
10,5,0.23999999999999999,0.25,18,16,0.35820895522388124,0.0277782016394971,5.747481625995247e-06,primary,random_pauli,32
6,0,0.23999999999999999,0.25,15,17,0.11145104895104914,-0.03450980392960365,2.5288574263758446e-06,primary,random_pauli,64
6,0,0.23999999999999999,0.26000000000000001,15,30,0.786713286713288,-0.020000000004656664,1.7850758303829492e-05,primary,random_pauli,64
6,0,0.23999999999999999,0.27000000000000002,15,53,3.1271853146853199,-0.0072117400436078364,7.0956764257722229e-05,primary,random_pauli,64
6,0,0.23999999999999999,0.28000000000000003,15,83,8.7062937062937209,-0.0094779116487930994,0.00019754839189571304,primary,random_pauli,64
6,0,0.23999999999999999,0.29999999999999999,15,135,31.861888111888113,-0.018765432103134621,0.00072295571130509323,primary,random_pauli,64
6,0,0.23999999999999999,0.34000000000000002,15,239,156.68706293706305,-0.011927475595524647,0.0035552760288460371,primary,random_pauli,64
6,0,0.25,0.26000000000000001,17,30,0.22290209790209828,-0.0054901960797096808,5.0577148527516892e-06,primary,random_pauli,64
6,0,0.25,0.27000000000000002,17,53,1.5751748251748279,0.006437291899390068,3.574118495944527e-05,primary,random_pauli,64
6,0,0.25,0.28000000000000003,17,83,5.5502622377622473,-0.0011339475551895839,0.00012593709983351706,primary,random_pauli,64
6,0,0.25,0.29999999999999999,17,135,25.076486013986006,-0.015616557737840811,0.0005689929209345639,primary,random_pauli,64
6,0,0.25,0.34000000000000002,17,239,143.83872377622384,-0.0094183280028492002,0.0032637433944806612,primary,random_pauli,64
6,0,0.26000000000000001,0.27000000000000002,30,53,0.69493006993007123,0.018364779878489817,1.5768169835049387e-05,primary,random_pauli,64
6,0,0.26000000000000001,0.28000000000000003,30,83,4.3531468531468605,0.0010441767070704646,9.8774195947856519e-05,primary,random_pauli,64
6,0,0.26000000000000001,0.29999999999999999,30,135,28.321678321678295,-0.018148148152373599,0.00064262729893786003,primary,random_pauli,64
6,0,0.26000000000000001,0.34000000000000002,30,239,200.55944055944067,-0.0099093444932416407,0.0045507533169229265,primary,random_pauli,64
6,0,0.27000000000000002,0.28000000000000003,53,83,1.9226398601398638,-0.016276426464348889,4.3625269876969971e-05,primary,random_pauli,64
6,0,0.27000000000000002,0.29999999999999999,53,135,28.144667832167773,-0.030319124162661429,0.00063861087831949771,primary,random_pauli,64
6,0,0.27000000000000002,0.34000000000000002,53,239,271.27753496503504,-0.013948505117774708,0.0061553678979421027,primary,random_pauli,64
6,0,0.28000000000000003,0.29999999999999999,83,135,19.589160839160769,-0.037340473011817713,0.000444483881765352,primary,random_pauli,64
6,0,0.28000000000000003,0.34000000000000002,83,239,312.12062937062939,-0.013560518226679011,0.0070821098494613013,primary,random_pauli,64
6,0,0.29999999999999999,0.34000000000000002,135,239,225.62937062937104,-0.0016705408341096946,0.0051195974815382989,primary,random_pauli,64
6,1,0.22,0.23999999999999999,29,72,1.4946313528990676,0.023754789277561514,3.3913629634235963e-05,primary,random_pauli,64
6,1,0.22,0.25,29,89,4.1569434502505374,-0.0018080847221050855,9.4322282420218894e-05,primary,random_pauli,64
6,1,0.22,0.26000000000000001,29,135,11.209735146743025,0.015581098343346794,0.00025435222225677012,primary,random_pauli,64
6,1,0.22,0.27000000000000002,29,171,22.185934144595578,-0.010615043357986726,0.00050340543988319103,primary,random_pauli,64
6,1,0.22,0.28000000000000003,29,263,49.136005726556952,-0.0038547266299783947,0.0011149105742255096,primary,random_pauli,64
6,1,0.22,0.29999999999999999,29,275,91.33858267716532,-0.0077178683403549501,0.0020724995887588661,primary,random_pauli,64
6,1,0.22,0.34000000000000002,29,363,271.27559055118121,-0.016855071090970387,0.0061553237786138373,primary,random_pauli,64
6,1,0.23999999999999999,0.25,72,89,1.146743020758771,-0.052933832721438208,2.6019939977991469e-05,primary,random_pauli,64
6,1,0.23999999999999999,0.26000000000000001,72,135,6.9577666428060256,0.0074074074091320871,0.00015787379312489204,primary,random_pauli,64
6,1,0.23999999999999999,0.27000000000000002,72,171,19.829634931997173,-0.033528265115018857,0.00044994031040594229,primary,random_pauli,64
6,1,0.23999999999999999,0.28000000000000003,72,263,54.219040801718066,-0.017659484583748327,0.0012302461508695291,primary,random_pauli,64
6,1,0.23999999999999999,0.29999999999999999,72,275,127.55905511811022,-0.018208754212993766,0.0028943528739563485,primary,random_pauli,64
6,1,0.23999999999999999,0.34000000000000002,72,363,467.71653543307121,-0.024977043164676759,0.010612627204506619,primary,random_pauli,64
6,1,0.25,0.26000000000000001,89,135,2.1501431639226949,0.067748647539702389,4.8787387458733987e-05,primary,random_pauli,64
6,1,0.25,0.27000000000000002,89,171,10.894058697208321,-0.023825481311809178,0.00024718942979091887,primary,random_pauli,64
6,1,0.25,0.28000000000000003,89,263,37.699176807444587,-0.0059013685378517021,0.00085540552677646929,primary,random_pauli,64
6,1,0.25,0.29999999999999999,89,275,109.49803149606295,-0.011263738511304869,0.0024845428798429296,primary,random_pauli,64
6,1,0.25,0.34000000000000002,89,363,468.30118110236236,-0.021870733213925488,0.010625892988512249,primary,random_pauli,64
6,1,0.26000000000000001,0.27000000000000002,135,171,4.1311739441660773,-0.11539961016332075,9.3737564667904639e-05,primary,random_pauli,64
6,1,0.26000000000000001,0.28000000000000003,135,263,25.41517537580534,-0.042726376576628748,0.00057667788322009162,primary,random_pauli,64
6,1,0.26000000000000001,0.29999999999999999,135,275,106.29921259842509,-0.031016835024056711,0.0024119607282969547,primary,random_pauli,64
6,1,0.26000000000000001,0.34000000000000002,135,363,561.25984251968532,-0.03307315580812898,0.01273515264540794,primary,random_pauli,64
6,1,0.27000000000000002,0.28000000000000003,171,263,8.0481388690050242,0.029946857010063249,0.0001826146630196957,primary,random_pauli,64
6,1,0.27000000000000002,0.29999999999999999,171,275,75.738188976377785,-0.0028892433109686472,0.0017185220189115781,primary,random_pauli,64
6,1,0.27000000000000002,0.34000000000000002,171,363,544.30511811023632,-0.021312233757387288,0.012350444909244572,primary,random_pauli,64
6,1,0.28000000000000003,0.29999999999999999,263,275,51.77165354330689,-0.019307293471484643,0.0011747142065594396,primary,random_pauli,64
6,1,0.28000000000000003,0.34000000000000002,263,363,615.04724409448818,-0.029855415551962385,0.013955604773926194,primary,random_pauli,64
6,1,0.29999999999999999,0.34000000000000002,275,363,285.82677165354374,-0.035129476592201246,0.0064854944027540502,primary,random_pauli,64
6,2,0.20000000000000001,0.22,18,56,0.66887856668878498,-0.042460317470203589,1.5177053483431048e-05,primary,random_pauli,64
6,2,0.20000000000000001,0.23999999999999999,18,136,6.4976775049767683,-0.046650326808247294,0.00014743423383904448,primary,random_pauli,64
6,2,0.20000000000000001,0.25,18,200,14.930325149303245,-0.035555555563834003,0.00033877351525515755,primary,random_pauli,64
6,2,0.20000000000000001,0.26000000000000001,18,239,25.692103516921037,-0.04022935069896838,0.00058296146505107534,primary,random_pauli,64
6,2,0.20000000000000001,0.27000000000000002,18,235,34.3845388188454,-0.046551840605232493,0.00078019540563262842,primary,random_pauli,64
6,2,0.20000000000000001,0.28000000000000003,18,216,41.279362972793642,-0.040277777787155682,0.00093664101497746024,primary,random_pauli,64
6,2,0.20000000000000001,0.29999999999999999,18,244,72.85998672859985,-0.040892531885659486,0.0016532147544451692,primary,random_pauli,64
6,2,0.20000000000000001,0.34000000000000002,18,163,95.398805573988085,-0.039341708062524454,0.0021646272530743563,primary,random_pauli,64
6,2,0.22,0.23999999999999999,56,136,5.0537491705374862,-0.050840336146290993,0.00011467107076370124,primary,random_pauli,64
6,2,0.22,0.25,56,200,16.721964167219639,-0.030952380959587616,0.00037942633708577654,primary,random_pauli,64
6,2,0.22,0.26000000000000001,56,239,35.524883875248854,-0.039113867313350779,0.00080607017389778353,primary,random_pauli,64
6,2,0.22,0.27000000000000002,56,235,54.578633045786368,-0.048188449859244059,0.0012384054057660774,primary,random_pauli,64
6,2,0.22,0.28000000000000003,56,216,72.238885202388914,-0.039550264559473046,0.0016391217762105562,primary,random_pauli,64
6,2,0.22,0.29999999999999999,56,244,145.07232913072323,-0.040500585489523462,0.0032917342666286026,primary,random_pauli,64
6,2,0.22,0.34000000000000002,56,163,218.05441274054422,-0.038821939827911274,0.0049477194355985292,primary,random_pauli,64
6,2,0.23999999999999999,0.25,136,200,4.5122760451227695,0.0088235294138190781,0.00010238488461044786,primary,random_pauli,64
6,2,0.23999999999999999,0.26000000000000001,136,239,21.56867949568683,-0.027387398480410583,0.00048939974843794059,primary,random_pauli,64
6,2,0.23999999999999999,0.27000000000000002,136,235,47.71731917717328,-0.046420525667879443,0.0010827201547554859,primary,random_pauli,64
6,2,0.23999999999999999,0.28000000000000003,136,216,77.972130059721437,-0.033905228766064083,0.0017692108060685385,primary,random_pauli,64
6,2,0.23999999999999999,0.29999999999999999,136,244,198.17916390179161,-0.037054001937267621,0.0044967441320908604,primary,random_pauli,64
6,2,0.23999999999999999,0.34000000000000002,136,163,367.75049767750522,-0.036418260564235326,0.0083443680957514896,primary,random_pauli,64
6,2,0.25,0.26000000000000001,200,239,7.9296615792966296,-0.063598326374640246,0.00017992637810218407,primary,random_pauli,64
6,2,0.25,0.27000000000000002,200,235,31.187790311877961,-0.074042553208728698,0.00070766023186633064,primary,random_pauli,64
6,2,0.25,0.28000000000000003,200,216,64.499004644990151,-0.048148148159358466,0.0014635015859022836,primary,random_pauli,64
6,2,0.25,0.29999999999999999,200,244,202.38885202388843,-0.046229508207484976,0.0045922632067921356,primary,random_pauli,64
6,2,0.25,0.34000000000000002,200,163,438.05573988055761,-0.041445126117352488,0.0099396149375863309,primary,random_pauli,64
6,2,0.26000000000000001,0.27000000000000002,239,235,9.3173523556735418,-0.084486780042817164,0.00021141349427006631,primary,random_pauli,64
6,2,0.26000000000000001,0.28000000000000003,239,216,34.256138022561437,-0.040423059051717579,0.00077728195340143506,primary,random_pauli,64
6,2,0.26000000000000001,0.29999999999999999,239,244,154.78699402786978,-0.041887303665696152,0.0035121629005546232,primary,random_pauli,64
6,2,0.26000000000000001,0.34000000000000002,239,163,413.61114797611168,-0.038675976085191514,0.0093849598818099081,primary,random_pauli,64
6,2,0.27000000000000002,0.28000000000000003,235,216,8.420703384207048,0.0036406619393820031,0.00019106826260390926,primary,random_pauli,64
6,2,0.27000000000000002,0.29999999999999999,235,244,85.610484406104675,-0.027687478206655791,0.0019425273364730702,primary,random_pauli,64
6,2,0.27000000000000002,0.34000000000000002,235,163,311.37110152621108,-0.032131575519816415,0.0070651028398954676,primary,random_pauli,64
6,2,0.28000000000000003,0.29999999999999999,216,244,34.972793629727811,-0.043351548279674731,0.00079354308213367851,primary,random_pauli,64
6,2,0.28000000000000003,0.34000000000000002,216,163,210.26675514266753,-0.038093615096349488,0.0047710151700414366,primary,random_pauli,64
6,2,0.29999999999999999,0.34000000000000002,244,163,105.56602521566045,-0.03546464850468687,0.0023953244886627833,primary,random_pauli,64
6,3,0.20000000000000001,0.22,77,156,8.7106598984771466,0.016966366970317264,0.00019764746209408228,primary,random_pauli,64
6,3,0.20000000000000001,0.23999999999999999,77,216,48.243654822334967,-0.0022005772010895582,0.0010946628669826096,primary,random_pauli,64
6,3,0.20000000000000001,0.25,77,223,77.823604060913681,-0.016478947065743502,0.0017658407070104323,primary,random_pauli,64
6,3,0.20000000000000001,0.26000000000000001,77,220,110.55837563451777,-0.025238095243971439,0.002508602403501817,primary,random_pauli,64
6,3,0.20000000000000001,0.27000000000000002,77,188,128.59390862944164,-0.030099080258063914,0.0029178340077094366,primary,random_pauli,64
6,3,0.20000000000000001,0.28000000000000003,77,157,140.26395939086299,-0.02759533460812906,0.0031826309280790738,primary,random_pauli,64
6,3,0.20000000000000001,0.29999999999999999,77,112,156.34517766497459,-0.037824675333482077,0.0035475185504066087,primary,random_pauli,64
6,3,0.20000000000000001,0.34000000000000002,77,30,82.081218274111691,-0.036660482383303765,0.0018624472389634705,primary,random_pauli,64
6,3,0.22,0.23999999999999999,156,216,24.435097897026804,-0.021367521372496378,0.00055443963392625686,primary,random_pauli,64
6,3,0.22,0.25,156,223,56.760696156635248,-0.038775823089784001,0.0012879170663078691,primary,random_pauli,64
6,3,0.22,0.26000000000000001,156,220,99.550398839739003,-0.046340326351115776,0.0022588281382180876,primary,random_pauli,64
6,3,0.22,0.27000000000000002,156,188,132.92240754169697,-0.048925259149416374,0.0030160489345525602,primary,random_pauli,64
6,3,0.22,0.28000000000000003,156,157,159.84626540971735,-0.04244923513427782,0.0036269592719342715,primary,random_pauli,64
6,3,0.22,0.29999999999999999,156,112,202.72081218274101,-0.051522435909431917,0.0045997954814622818,primary,random_pauli,64
6,3,0.22,0.34000000000000002,156,30,122.17548948513419,-0.045598290608907271,0.0027721981696312882,primary,random_pauli,64
6,3,0.23999999999999999,0.25,216,223,8.7324147933285126,-0.073592426524359197,0.00019814108712428783,primary,random_pauli,64
6,3,0.23999999999999999,0.26000000000000001,216,220,34.459753444525077,-0.07131313132973513,0.00078190204784472342,primary,random_pauli,64
6,3,0.23999999999999999,0.27000000000000002,216,188,66.256707759245955,-0.067297084334029672,0.0015033843919923548,primary,random_pauli,64
6,3,0.23999999999999999,0.28000000000000003,216,157,98.366932559826125,-0.052990092015168529,0.0022319749365749377,primary,random_pauli,64
6,3,0.23999999999999999,0.29999999999999999,216,112,157.88832487309645,-0.061574074088410417,0.0035825330192158179,primary,random_pauli,64
6,3,0.23999999999999999,0.34000000000000002,216,30,117.47643219724445,-0.050444444456189431,0.0026655751631070087,primary,random_pauli,64
6,3,0.25,0.26000000000000001,223,220,8.8941261783901524,-0.069033836135111076,0.00020181036651547836,primary,random_pauli,64
6,3,0.25,0.27000000000000002,223,188,30.401740391588163,-0.064149413238864916,0.00068982452554381714,primary,random_pauli,64
6,3,0.25,0.28000000000000003,223,157,57.124546773024029,-0.046122647178771639,0.0012961729449380498,primary,random_pauli,64
6,3,0.25,0.29999999999999999,223,112,113.19796954314717,-0.059170403601220653,0.0025684955738333559,primary,random_pauli,64
6,3,0.25,0.34000000000000002,223,30,98.239666424945653,-0.047872446448615026,0.0022290872301482358,primary,random_pauli,64
6,3,0.26000000000000001,0.27000000000000002,220,188,7.4981870920957343,-0.059264990342618756,0.00017013609374399075,primary,random_pauli,64
6,3,0.26000000000000001,0.28000000000000003,220,157,25.047135605511283,-0.034667052700601927,0.0005683269514426925,primary,random_pauli,64
6,3,0.26000000000000001,0.29999999999999999,220,112,71.472081218274027,-0.056704545467748051,0.0016217227659001624,primary,random_pauli,64
6,3,0.26000000000000001,0.34000000000000002,220,30,76.577229876722285,-0.045227272737803019,0.0017375601063216051,primary,random_pauli,64
6,3,0.27000000000000002,0.28000000000000003,188,157,5.3509789702683195,-0.01006911505858509,0.00012141530326275703,primary,random_pauli,64
6,3,0.27000000000000002,0.29999999999999999,188,112,34.355329949238509,-0.055851063842791142,0.0007795326476997365,primary,random_pauli,64
6,3,0.27000000000000002,0.34000000000000002,188,30,50.101522842639604,-0.043221884508543619,0.0011368184445621182,primary,random_pauli,64
6,3,0.28000000000000003,0.29999999999999999,157,112,12.751269035532944,-0.078742038234894229,0.00028933008437082361,primary,random_pauli,64
6,3,0.28000000000000003,0.34000000000000002,157,30,30.739666424945614,-0.048747346083536709,0.00069749216767966689,primary,random_pauli,64
6,3,0.29999999999999999,0.34000000000000002,112,30,9.7461928934010338,-0.033750000007858001,0.00022114401353184101,primary,random_pauli,64
6,4,0.20000000000000001,0.22,121,176,20.73612463485879,0.0071280991752133748,0.00047050883119233416,primary,random_pauli,64
6,4,0.20000000000000001,0.23999999999999999,121,203,95.668938656280318,-0.03088792086376457,0.002170756653000996,primary,random_pauli,64
6,4,0.20000000000000001,0.25,121,181,133.28261927945468,-0.038723345974953624,0.0030242222459450478,primary,random_pauli,64
6,4,0.20000000000000001,0.26000000000000001,121,129,136.78773125608569,-0.019232494078409618,0.0031037542784903443,primary,random_pauli,64
6,4,0.20000000000000001,0.27000000000000002,121,127,183.29673807205458,-0.053840790574872517,0.0041590574666333802,primary,random_pauli,64
6,4,0.20000000000000001,0.28000000000000003,121,62,116.87633885102245,-0.050939749412020285,0.0026519588667204331,primary,random_pauli,64
6,4,0.20000000000000001,0.29999999999999999,121,28,82.473222979552062,-0.033931523030332422,0.0018713419422422394,primary,random_pauli,64
6,4,0.22,0.23999999999999999,176,203,34.788704965920111,-0.068903940902742516,0.00078936605563672581,primary,random_pauli,64
6,4,0.22,0.25,176,181,69.791626095423567,-0.069290976075064944,0.001583592739694862,primary,random_pauli,64
6,4,0.22,0.26000000000000001,176,129,88.428432327166533,-0.032412790705221108,0.0020064674123573948,primary,random_pauli,64
6,4,0.22,0.27000000000000002,176,127,136.02726387536524,-0.078228346474906854,0.0030864990475943464,primary,random_pauli,64
6,4,0.22,0.28000000000000003,176,62,95.626095423563854,-0.070295698941098148,0.0021697845273167186,primary,random_pauli,64
6,4,0.22,0.29999999999999999,176,28,76.775073028237557,-0.04419642858171887,0.0017420492262327756,primary,random_pauli,64
6,4,0.23999999999999999,0.25,203,181,8.9442551119766449,-0.070065046419709801,0.00020294780691796559,primary,random_pauli,64
6,4,0.23999999999999999,0.26000000000000001,203,129,25.49853943524834,0.0040783594923002424,0.00057856943850646554,primary,random_pauli,64
6,4,0.23999999999999999,0.27000000000000002,203,127,56.482229795521036,-0.084444616856349741,0.0012815985818079266,primary,random_pauli,64
6,4,0.23999999999999999,0.28000000000000003,203,62,49.020447906523941,-0.07099157796027597,0.0011122885329426623,primary,random_pauli,64
6,4,0.23999999999999999,0.29999999999999999,203,28,49.811100292112947,-0.035960591141377653,0.0011302286705707678,primary,random_pauli,64
6,4,0.25,0.26000000000000001,181,129,5.6837877312560963,0.078221765404310278,0.00012896683296757423,primary,random_pauli,64
6,4,0.25,0.27000000000000002,181,127,22.382667964946489,-0.091634402074669719,0.00050786938874052489,primary,random_pauli,64
6,4,0.25,0.28000000000000003,181,62,24.585686465433341,-0.071300421807131378,0.00055785653330160006,primary,random_pauli,64
6,4,0.25,0.29999999999999999,181,28,30.842259006815958,-0.029139700085711224,0.00069982002385505235,primary,random_pauli,64
6,4,0.26000000000000001,0.27000000000000002,129,127,3.9880720545277577,-0.26149056955364974,9.0490540259016163e-05,primary,random_pauli,64
6,4,0.26000000000000001,0.28000000000000003,129,62,7.787731256085701,-0.1460615154128522,0.00017670593688374811,primary,random_pauli,64
6,4,0.26000000000000001,0.29999999999999999,129,28,14.068159688412839,-0.055980066458216633,0.0003192107246932215,primary,random_pauli,64
6,4,0.27000000000000002,0.28000000000000003,127,62,1.916747809152876,-0.03063246127205467,4.3491577488829476e-05,primary,random_pauli,64
6,4,0.27000000000000002,0.29999999999999999,127,28,7.7906523855890786,0.012523434573594517,0.00017677221818040301,primary,random_pauli,64
6,4,0.28000000000000003,0.29999999999999999,62,28,1.6903602726387474,0.034101382496419169,3.8354776998022637e-05,primary,random_pauli,64
6,5,0.20000000000000001,0.22,176,202,55.987401574803094,-0.042236723682201265,0.0012703707824061234,primary,random_pauli,64
6,5,0.20000000000000001,0.23999999999999999,176,113,125.27874015748017,-0.072616653275153611,0.0028426118497404344,primary,random_pauli,64
6,5,0.20000000000000001,0.25,176,70,121.25984251968499,-0.023038961044325221,0.0027514218678350464,primary,random_pauli,64
6,5,0.20000000000000001,0.26000000000000001,176,37,92.296062992125982,-0.013124488127543904,0.0020942251016893049,primary,random_pauli,64
6,5,0.20000000000000001,0.27000000000000002,176,20,67.905511811023629,-0.062987013001678291,0.0015407962459876268,primary,random_pauli,64
6,5,0.20000000000000001,0.28000000000000003,176,17,75.388976377952787,-0.035995989313193803,0.0017105982812597332,primary,random_pauli,64
6,5,0.22,0.23999999999999999,202,113,35.946456692913344,-0.10299658286810595,0.00081563578643120422,primary,random_pauli,64
6,5,0.22,0.25,202,70,50.102362204724415,-0.010240452619074534,0.0011368374899372992,primary,random_pauli,64
6,5,0.22,0.26000000000000001,202,37,47.080314960629934,0.0014316296497847642,0.0010682663397506053,primary,random_pauli,64
6,5,0.22,0.27000000000000002,202,20,39.76377952755908,-0.071287128729469088,0.00090225197614071423,primary,random_pauli,64
6,5,0.22,0.28000000000000003,202,17,48.670866141732333,-0.033915744523524652,0.0011043564187962346,primary,random_pauli,64
6,5,0.23999999999999999,0.25,113,70,3.1141732283464618,0.175271807878988,7.0661516151218385e-05,primary,random_pauli,64
6,5,0.23999999999999999,0.26000000000000001,113,37,6.5842519685039491,0.10585984216767531,0.00014939863414829033,primary,random_pauli,64
6,5,0.23999999999999999,0.27000000000000002,113,20,8.0078740157480457,-0.050147492637044572,0.00018170104153170444,primary,random_pauli,64
6,5,0.23999999999999999,0.28000000000000003,113,17,12.100787401574825,0.00062467464876594708,0.00027457046275902004,primary,random_pauli,64
6,5,0.25,0.26000000000000001,70,37,1.0196850393700805,0.036447876456362625,2.3136956615885667e-05,primary,random_pauli,64
6,5,0.25,0.27000000000000002,70,20,2.2047244094488225,-0.16285714289506087,5.0025852142455492e-05,primary,random_pauli,64
6,5,0.25,0.28000000000000003,70,17,4.2165354330708738,-0.057591036427974744,9.5674442222446141e-05,primary,random_pauli,64
6,5,0.26000000000000001,0.27000000000000002,37,20,0.29133858267716589,-0.36216216224648434,6.6105590331101912e-06,primary,random_pauli,64
6,5,0.26000000000000001,0.28000000000000003,37,17,0.99055118110236395,-0.10461049287014343,2.2475900712574649e-05,primary,random_pauli,64
6,5,0.27000000000000002,0.28000000000000003,20,17,0.13385826771653567,0.15294117650619748,3.0372838800776552e-06,primary,random_pauli,64
6,6,0.20000000000000001,0.22,172,118,58.489913544668518,-0.060622782828462528,0.0013271535228033735,primary,random_pauli,64
6,6,0.20000000000000001,0.23999999999999999,172,39,77.325648414985508,-0.060971973776867618,0.0017545419454010702,primary,random_pauli,64
6,6,0.20000000000000001,0.25,172,18,55.7636887608069,-0.078863049113968992,0.0012652946721642344,primary,random_pauli,64
6,6,0.22,0.23999999999999999,118,39,13.2622478386167,-0.061321164725272707,0.00030092434528681145,primary,random_pauli,64
6,6,0.22,0.25,118,18,13.772334293948125,-0.091023226637639967,0.00031249835856707374,primary,random_pauli,64
6,6,0.23999999999999999,0.25,39,18,0.50576368876080779,-0.1504273504623744,1.1475928421954707e-05,primary,random_pauli,64
8,0,0.23999999999999999,0.25,19,26,0.19983818770226572,-0.073684210543471559,4.5343878752215858e-06,primary,random_pauli,64
8,0,0.23999999999999999,0.26000000000000001,19,40,1.2297734627831738,-0.021842105268243352,2.7903925385978993e-05,primary,random_pauli,64
8,0,0.23999999999999999,0.27000000000000002,19,70,4.842233009708746,-0.015037593988463591,0.00010987170620729228,primary,random_pauli,64
8,0,0.23999999999999999,0.28000000000000003,19,84,10.330097087378659,-0.025563909780388114,0.00023439297324222353,primary,random_pauli,64
8,0,0.23999999999999999,0.29999999999999999,19,125,34.587378640776699,-0.012547368423974026,0.00078479790148065776,primary,random_pauli,64
8,0,0.23999999999999999,0.34000000000000002,19,254,195.2265372168286,-0.011147948614282274,0.00442974815502416,primary,random_pauli,64
8,0,0.25,0.26000000000000001,26,40,0.42071197411003314,0.030000000006984856,9.5460797373086034e-06,primary,random_pauli,64
8,0,0.25,0.27000000000000002,26,70,2.9449838187702317,0.014285714289040395,6.6822558161160213e-05,primary,random_pauli,64
8,0,0.25,0.28000000000000003,26,84,7.9514563106796254,-0.0095238095260269662,0.00018042090703513259,primary,random_pauli,64
8,0,0.25,0.29999999999999999,26,125,32.868122977346268,-0.00032000000007450521,0.00074578747947723302,primary,random_pauli,64
8,0,0.25,0.34000000000000002,26,254,216.39320388349526,-0.0041994750665945704,0.0049100261128846735,primary,random_pauli,64
8,0,0.26000000000000001,0.27000000000000002,40,70,1.1326860841423971,-0.0014285714289040672,2.5700983908138551e-05,primary,random_pauli,64
8,0,0.26000000000000001,0.28000000000000003,40,84,5.4368932038835043,-0.029285714292532881,0.00012336472275906499,primary,random_pauli,64
8,0,0.26000000000000001,0.29999999999999999,40,125,32.362459546925521,-0.0079000000018393576,0.00073431382594681322,primary,random_pauli,64
8,0,0.26000000000000001,0.34000000000000002,40,254,263.04207119741113,-0.0084744094507920014,0.0059685027772957092,primary,random_pauli,64
8,0,0.27000000000000002,0.28000000000000003,70,84,2.3786407766990334,-0.057142857156161693,5.3972066207090948e-05,primary,random_pauli,64
8,0,0.27000000000000002,0.29999999999999999,70,125,31.856796116504785,-0.010057142859484457,0.00072284017241639375,primary,random_pauli,64
8,0,0.27000000000000002,0.34000000000000002,70,254,352.43527508090619,-0.0094809577396331359,0.0079968611430172951,primary,random_pauli,64
8,0,0.28000000000000003,0.29999999999999999,84,125,16.990291262135859,0.013485714288854226,0.00038551475862207607,primary,random_pauli,64
8,0,0.28000000000000003,0.34000000000000002,84,254,310.71844660194171,-0.0015373078368783692,0.0070502939056805523,primary,random_pauli,64
8,0,0.29999999999999999,0.34000000000000002,125,254,205.50161812297767,-0.0090488188997446452,0.0046628927947622778,primary,random_pauli,64
8,1,0.22,0.23999999999999999,24,67,1.1452991452991439,0.15323383088144876,2.5987178014661328e-05,primary,random_pauli,64
8,1,0.22,0.25,24,106,4.0769230769230766,0.069601677165052375,9.2506596365622899e-05,primary,random_pauli,64
8,1,0.22,0.26000000000000001,24,149,10.188034188034191,0.039373601798876549,0.00023116952383191305,primary,random_pauli,64
8,1,0.22,0.27000000000000002,24,188,20.085470085470103,0.034751773057736669,0.00045574528607801677,primary,random_pauli,64
8,1,0.22,0.28000000000000003,24,244,37.538461538461576,0.027140255015426547,0.00085175884955517023,primary,random_pauli,64
8,1,0.22,0.29999999999999999,24,292,79.863247863247835,0.011529680367981273,0.001812120831111908,primary,random_pauli,64
8,1,0.22,0.34000000000000002,24,334,205.5384615384616,0.00013306719896644575,0.004663728782810273,primary,random_pauli,64
8,1,0.23999999999999999,0.25,67,106,1.2646011396011418,-0.097662630267740164,2.869417572452197e-05,primary,random_pauli,64
8,1,0.23999999999999999,0.26000000000000001,67,149,7.110398860398873,-0.074486627283695497,0.00016133706350768956,primary,random_pauli,64
8,1,0.23999999999999999,0.27000000000000002,67,188,20.185897435897473,-0.044236265491404615,0.00045802401250840731,primary,random_pauli,64
8,1,0.23999999999999999,0.28000000000000003,67,244,46.575498575498663,-0.035906532917584465,0.001056811905929564,primary,random_pauli,64
8,1,0.23999999999999999,0.29999999999999999,67,292,125.41025641025641,-0.035705036469841196,0.0028455959926054191,primary,random_pauli,64
8,1,0.23999999999999999,0.34000000000000002,67,334,398.4686609686612,-0.03048708553752999,0.0090413723509342701,primary,random_pauli,64
8,1,0.25,0.26000000000000001,106,149,2.8123219373219426,-0.051310624299650838,6.3812420641101098e-05,primary,random_pauli,64
8,1,0.25,0.27000000000000002,106,188,14.193732193732219,-0.017523083103236844,0.00032206000216179883,primary,random_pauli,64
8,1,0.25,0.28000000000000003,106,244,41.44871794871802,-0.015321167134199237,0.00094048372971716775,primary,random_pauli,64
8,1,0.25,0.29999999999999999,106,292,137.78490028490023,-0.023313517710261394,0.0031263803401344764,primary,random_pauli,64
8,1,0.25,0.34000000000000002,106,334,510.63461538461559,-0.023023136123062192,0.011586451194794274,primary,random_pauli,64
8,1,0.26000000000000001,0.27000000000000002,149,188,4.9878917378917471,0.016264458093177156,0.00011317674604270761,primary,random_pauli,64
8,1,0.26000000000000001,0.28000000000000003,149,244,25.894586894586936,0.0026735614485265658,0.00058755587307277978,primary,random_pauli,64
8,1,0.26000000000000001,0.29999999999999999,149,292,123.95441595441581,-0.016314241062914025,0.0028125625399549382,primary,random_pauli,64
8,1,0.26000000000000001,0.34000000000000002,149,334,567.13390313390335,-0.019487200100988606,0.012868436826643162,primary,random_pauli,64
8,1,0.27000000000000002,0.28000000000000003,188,244,8.1680911680911823,-0.010917335196124024,0.00018533641633839367,primary,random_pauli,64
8,1,0.27000000000000002,0.29999999999999999,188,292,87.974358974358779,-0.02717380744827777,0.0019961643530217073,primary,random_pauli,64
8,1,0.27000000000000002,0.34000000000000002,188,334,547.8646723646724,-0.02459457984301229,0.012431212253254696,primary,random_pauli,64
8,1,0.28000000000000003,0.29999999999999999,244,292,50.746438746438564,-0.035302043574354666,0.0011514517781023544,primary,random_pauli,64
8,1,0.28000000000000003,0.34000000000000002,244,334,522.41025641025635,-0.026874120617493669,0.011853643989642773,primary,random_pauli,64
8,1,0.29999999999999999,0.34000000000000002,292,334,277.85754985755034,-0.022660159139063184,0.0063046703915768595,primary,random_pauli,64
8,2,0.20000000000000001,0.22,17,64,0.70057952350289676,-0.090257352962191201,1.5896357615757314e-05,primary,random_pauli,64
8,2,0.20000000000000001,0.23999999999999999,17,144,6.3052157115260714,-0.052246732038308458,0.00014306721854181583,primary,random_pauli,64
8,2,0.20000000000000001,0.25,17,197,13.477945911139726,-0.054941773676572381,0.00030581859866251894,primary,random_pauli,64
8,2,0.20000000000000001,0.26000000000000001,17,228,22.462330972311655,-0.050791193682276387,0.00050967696605521947,primary,random_pauli,64
8,2,0.20000000000000001,0.27000000000000002,17,250,33.52382485511913,-0.047623529422852917,0.00076066554997276318,primary,random_pauli,64
8,2,0.20000000000000001,0.28000000000000003,17,232,40.633612363168076,-0.051901622730137015,0.00092198874171392563,primary,random_pauli,64
8,2,0.20000000000000001,0.29999999999999999,17,252,68.963296844816455,-0.042287581709192265,0.0015647977028011117,primary,random_pauli,64
8,2,0.20000000000000001,0.34000000000000002,17,169,90.648422408242141,-0.043528417294208137,0.0020568396471263516,primary,random_pauli,64
8,2,0.22,0.23999999999999999,64,144,5.934320669671596,-0.014236111114425723,0.00013465149980406194,primary,random_pauli,64
8,2,0.22,0.25,64,197,18.266580811332908,-0.031398054152826517,0.00041447414783437876,primary,random_pauli,64
8,2,0.22,0.26000000000000001,64,228,37.584030907920166,-0.031058114042319,0.00085279283209239369,primary,random_pauli,64
8,2,0.22,0.27000000000000002,64,250,64.391500321957551,-0.030570000007117626,0.00146106228086005,primary,random_pauli,64
8,2,0.22,0.28000000000000003,64,232,86.047649710238332,-0.039116379319452312,0.0019524467471589025,primary,random_pauli,64
8,2,0.22,0.29999999999999999,64,252,166.16097875080484,-0.030295138895942538,0.003770241994513738,primary,random_pauli,64
8,2,0.22,0.34000000000000002,64,169,250.72504829362532,-0.035740261349544306,0.0056890258667216262,primary,random_pauli,64
8,2,0.23999999999999999,0.25,144,197,4.5666452028332349,-0.065721940229628073,0.00010361853695859488,primary,random_pauli,64
8,2,0.23999999999999999,0.26000000000000001,144,228,21.141017385705123,-0.047880116970212258,0.00047969596805197211,primary,random_pauli,64
8,2,0.23999999999999999,0.27000000000000002,144,250,52.157115260785673,-0.041459259268912217,0.0011834604474966418,primary,random_pauli,64
8,2,0.23999999999999999,0.28000000000000003,144,232,86.047649710238389,-0.051556513421965586,0.0019524467471589038,primary,random_pauli,64
8,2,0.23999999999999999,0.29999999999999999,144,252,210.29748873148742,-0.035648148156448137,0.0047717125243064507,primary,random_pauli,64
8,2,0.23999999999999999,0.34000000000000002,144,169,391.75788795878969,-0.040041091396568015,0.0088891029167525431,primary,random_pauli,64
8,2,0.25,0.26000000000000001,197,228,7.2305215711526207,-0.030038293710796443,0.00016406268351777521,primary,random_pauli,64
8,2,0.25,0.27000000000000002,197,250,31.712813908564126,-0.029327918788554286,0.00071957317332357537,primary,random_pauli,64
8,2,0.25,0.28000000000000003,197,232,66.216355441081902,-0.046834704486078092,0.0015024687858996256,primary,random_pauli,64
8,2,0.25,0.29999999999999999,197,252,199.79072762395359,-0.029633389741812143,0.0045333109919385162,primary,random_pauli,64
8,2,0.25,0.34000000000000002,197,169,434.11670959433371,-0.037187663748450235,0.0098502371696264097,primary,random_pauli,64
8,2,0.26000000000000001,0.27000000000000002,228,250,9.1757887958789617,-0.028617543866312132,0.0002082013750225574,primary,random_pauli,64
8,2,0.26000000000000001,0.28000000000000003,228,232,34.060528010302697,-0.05523290987371892,0.00077284350408373282,primary,random_pauli,64
8,2,0.26000000000000001,0.29999999999999999,228,252,147.98712169993544,-0.029532163749566073,0.0033578717763637954,primary,random_pauli,64
8,2,0.26000000000000001,0.34000000000000002,228,169,396.98132646490689,-0.038081335003156955,0.0090076242889759114,primary,random_pauli,64
8,2,0.27000000000000002,0.28000000000000003,250,232,9.3367675466838556,-0.081848275881125712,0.00021185403072470751,primary,random_pauli,64
8,2,0.27000000000000002,0.29999999999999999,250,252,91.27495170637458,-0.029837037043984053,0.0020710557831191156,primary,random_pauli,64
8,2,0.27000000000000002,0.34000000000000002,250,169,333.2662588538314,-0.039433305165563357,0.0075619104673762937,primary,random_pauli,64
8,2,0.28000000000000003,0.29999999999999999,232,252,37.64584674822909,-0.0038314176254131489,0.00085419545188201583,primary,random_pauli,64
8,2,0.28000000000000003,0.34000000000000002,232,169,227.21957501609788,-0.0323641433796363,0.0051556796917164721,primary,random_pauli,64
8,2,0.29999999999999999,0.34000000000000002,252,169,109.69220862846124,-0.046630506256747833,0.0024889488166907154,primary,random_pauli,64
8,3,0.20000000000000001,0.22,52,152,5.8853313477289575,-0.041902834017853462,0.00013353991752849116,primary,random_pauli,64
8,3,0.20000000000000001,0.23999999999999999,52,201,31.130305286671597,-0.044766551866527143,0.00070635587955859814,primary,random_pauli,64
8,3,0.20000000000000001,0.25,52,238,57.594936708860736,-0.057362637375993154,0.0013068462323923076,primary,random_pauli,64
8,3,0.20000000000000001,0.26000000000000001,52,204,71.088607594936718,-0.064328808461433226,0.001613021635409935,primary,random_pauli,64
8,3,0.20000000000000001,0.27000000000000002,52,189,89.644825018615066,-0.054578754591462178,0.0020340677240647345,primary,random_pauli,64
8,3,0.20000000000000001,0.28000000000000003,52,165,102.21891288160839,-0.055029137541949991,0.0023193775149685349,primary,random_pauli,64
8,3,0.20000000000000001,0.29999999999999999,52,99,95.830230826507801,-0.05315462316699919,0.002174416420283,primary,random_pauli,64
8,3,0.20000000000000001,0.34000000000000002,52,43,81.581533879374561,-0.057411193471072167,0.0018511092515298114,primary,random_pauli,64
8,3,0.22,0.23999999999999999,152,201,22.749069247952317,-0.047630269715200818,0.00051618314275436012,primary,random_pauli,64
8,3,0.22,0.25,152,238,60.607594936708864,-0.067669172948086276,0.0013752043430097522,primary,random_pauli,64
8,3,0.22,0.26000000000000001,152,204,92.354430379746859,-0.075541795683223098,0.0020955494750624797,primary,random_pauli,64
8,3,0.22,0.27000000000000002,152,189,133.69322412509317,-0.059649122820905669,0.0030335389919332787,primary,random_pauli,64
8,3,0.22,0.28000000000000003,152,165,168.07148175726002,-0.059404572049982167,0.0038135918755732657,primary,random_pauli,64
8,3,0.22,0.29999999999999999,152,99,179.27624720774381,-0.055967570454285631,0.004067831333944812,primary,random_pauli,64
8,3,0.22,0.34000000000000002,152,43,175.20178704393157,-0.059995920046608621,0.003975380621809705,primary,random_pauli,64
8,3,0.23999999999999999,0.25,201,238,8.9050632911392551,-0.10774697941385715,0.00020205853285450338,primary,random_pauli,64
8,3,0.23999999999999999,0.26000000000000001,201,204,30.531645569620309,-0.10345332165124535,0.00069277211264401177,primary,random_pauli,64
8,3,0.23999999999999999,0.27000000000000002,201,189,63.645011169024684,-0.06766169155804222,0.0014441242201071861,primary,random_pauli,64
8,3,0.23999999999999999,0.28000000000000003,201,165,98.778853313477455,-0.065291723217372838,0.0022413215409070966,primary,random_pauli,64
8,3,0.23999999999999999,0.29999999999999999,201,99,133.35145197319434,-0.058746670700647229,0.0030257840802245749,primary,random_pauli,64
8,3,0.23999999999999999,0.34000000000000002,201,43,160.88979895755784,-0.062469050112890182,0.0036506373582956462,primary,random_pauli,64
8,3,0.25,0.26000000000000001,238,204,9.0379746835443218,-0.099159663888633565,0.00020507433185233185,primary,random_pauli,64
8,3,0.25,0.27000000000000002,238,189,33.493670886076004,-0.047619047630134761,0.00075998134745275891,primary,random_pauli,64
8,3,0.25,0.28000000000000003,238,165,65.791139240506453,-0.051139971151878051,0.0014928205039250627,primary,random_pauli,64
8,3,0.25,0.29999999999999999,238,99,109.65189873417719,-0.048946608958005233,0.0024880341732084325,primary,random_pauli,64
8,3,0.25,0.34000000000000002,238,43,154.31012658227851,-0.05743816907944941,0.0035013426364787774,primary,random_pauli,64
8,3,0.26000000000000001,0.27000000000000002,204,189,7.1772151898734302,0.0039215686283640382,0.00016285314588273408,primary,random_pauli,64
8,3,0.26000000000000001,0.28000000000000003,204,165,25.063291139240548,-0.027130124783500301,0.00056869352530478567,primary,random_pauli,64
8,3,0.26000000000000001,0.29999999999999999,204,99,60.151898734177145,-0.036393345225348137,0.0013648644607314817,primary,random_pauli,64
8,3,0.26000000000000001,0.34000000000000002,204,43,104.50632911392411,-0.052222982228301379,0.0023712796691496489,primary,random_pauli,64
8,3,0.27000000000000002,0.28000000000000003,189,165,5.8051005212211573,-0.058181818195364644,0.00013171945622868198,primary,random_pauli,64
8,3,0.27000000000000002,0.29999999999999999,189,99,31.347542814594124,-0.049831649843252217,0.00071128506363487989,primary,random_pauli,64
8,3,0.27000000000000002,0.34000000000000002,189,43,74.129374534623992,-0.060243632350682155,0.0016820175410535304,primary,random_pauli,64
8,3,0.28000000000000003,0.29999999999999999,165,99,12.163067758749023,-0.045656565667195996,0.00027598362257437973,primary,random_pauli,64
8,3,0.28000000000000003,0.34000000000000002,165,43,47.546537602382728,-0.060587268043235075,0.0010788450700634886,primary,random_pauli,64
8,3,0.29999999999999999,0.34000000000000002,99,43,12.679076693968748,-0.068052619231254607,0.00028769201868359746,primary,random_pauli,64
8,4,0.20000000000000001,0.22,127,213,27.631256384065345,0.02125614580362568,0.00062696141996500113,primary,random_pauli,64
8,4,0.20000000000000001,0.23999999999999999,127,212,110.00612870275781,-0.046976675096363281,0.00249607175648038,primary,random_pauli,64
8,4,0.20000000000000001,0.25,127,134,108.64402451481099,-0.037851686458454596,0.0024651652076088677,primary,random_pauli,64
8,4,0.20000000000000001,0.26000000000000001,127,123,143.60469867211441,-0.051443569565783415,0.0032584332953110658,primary,random_pauli,64
8,4,0.20000000000000001,0.27000000000000002,127,79,125.54060265577124,-0.040477851670371927,0.0028485535876578904,primary,random_pauli,64
8,4,0.20000000000000001,0.28000000000000003,127,62,128.68641470888667,-0.043421386852883506,0.0029199329981468639,primary,random_pauli,64
8,4,0.20000000000000001,0.29999999999999999,127,29,94.050051072522947,-0.051555796916701042,0.0021340236125569302,primary,random_pauli,64
8,4,0.22,0.23999999999999999,213,212,46.124616956077574,-0.11520949599635225,0.0010465812679730725,primary,random_pauli,64
8,4,0.22,0.25,213,134,65.597037793667013,-0.077256907966508095,0.0014884162844051028,primary,random_pauli,64
8,4,0.22,0.26000000000000001,213,123,107.04392236976513,-0.087793427250487943,0.0024288584143526068,primary,random_pauli,64
8,4,0.22,0.27000000000000002,213,79,107.42466802860071,-0.065171450659970959,0.0024374976465174796,primary,random_pauli,64
8,4,0.22,0.28000000000000003,213,62,121.40347293156292,-0.064980564405053218,0.0027546808845706401,primary,random_pauli,64
8,4,0.22,0.29999999999999999,213,29,100.95199182839626,-0.069758782596782726,0.0022906306997146505,primary,random_pauli,64
8,4,0.23999999999999999,0.25,212,134,7.2543411644535363,-0.0013517319068199322,0.00016460315716947433,primary,random_pauli,64
8,4,0.23999999999999999,0.26000000000000001,212,123,26.635342185904033,-0.060377358504623689,0.00060436383080135362,primary,random_pauli,64
8,4,0.23999999999999999,0.27000000000000002,212,79,38.491317671093022,-0.031812753769050142,0.0008733794384141512,primary,random_pauli,64
8,4,0.23999999999999999,0.28000000000000003,212,62,53.703779366700815,-0.039866098609403745,0.0012185547157620789,primary,random_pauli,64
8,4,0.23999999999999999,0.29999999999999999,212,29,56.518896833503575,-0.054608544796926221,0.0012824305677979918,primary,random_pauli,64
8,4,0.25,0.26000000000000001,134,123,4.208886618998986,-0.11940298510242744,9.5500888357761055e-05,primary,random_pauli,64
8,4,0.25,0.27000000000000002,134,79,10.813074565883573,-0.047043264700165247,0.00024535187578091457,primary,random_pauli,64
8,4,0.25,0.28000000000000003,134,62,19.093973442288082,-0.052704220843598347,0.00043324793254984284,primary,random_pauli,64
8,4,0.25,0.29999999999999999,134,29,24.80847803881511,-0.065259907374947496,0.0005629117403201352,primary,random_pauli,64
8,4,0.26000000000000001,0.27000000000000002,123,79,2.4813585291113425,0.025316455702096965,5.630276253927704e-05,primary,random_pauli,64
8,4,0.26000000000000001,0.28000000000000003,123,62,7.7895812053115563,-0.019354838714183791,0.00017674791278152793,primary,random_pauli,64
8,4,0.26000000000000001,0.29999999999999999,123,29,14.574055158324803,-0.051724137943077481,0.00033068964326866414,primary,random_pauli,64
8,4,0.27000000000000002,0.28000000000000003,79,62,1.2507660878447417,-0.064026133130464541,2.8380254288090865e-05,primary,random_pauli,64
8,4,0.27000000000000002,0.29999999999999999,79,29,5.265321756894779,-0.077404335824802356,0.00011947171563212398,primary,random_pauli,64
8,4,0.28000000000000003,0.29999999999999999,62,29,1.8365679264555599,-0.08409343717197125,4.1672272119221799e-05,primary,random_pauli,64
8,5,0.20000000000000001,0.22,183,171,52.242070116861377,-0.033822260577331294,0.0011853880984314311,primary,random_pauli,64
8,5,0.20000000000000001,0.23999999999999999,183,96,117.31552587646063,-0.050683060121090216,0.0026619241508635647,primary,random_pauli,64
8,5,0.20000000000000001,0.25,183,74,141.29799666110179,-0.050456358009089396,0.003206093541079166,primary,random_pauli,64
8,5,0.20000000000000001,0.26000000000000001,183,45,123.73121869782973,-0.040825743786068923,0.0028074981278639194,primary,random_pauli,64
8,5,0.20000000000000001,0.27000000000000002,183,18,67.364774624373979,-0.049596669280348039,0.0015285267585036899,primary,random_pauli,64
8,5,0.20000000000000001,0.28000000000000003,183,12,58.657762938230412,-0.083674863407460207,0.0013309620754317845,primary,random_pauli,64
8,5,0.22,0.23999999999999999,171,96,27.405676126878102,-0.067543859664849146,0.00062184293688206233,primary,random_pauli,64
8,5,0.22,0.25,171,74,47.531719532554263,-0.061545756296928135,0.001078508843654828,primary,random_pauli,64
8,5,0.22,0.26000000000000001,171,45,51.385642737896525,-0.044327485390437744,0.0011659555066538688,primary,random_pauli,64
8,5,0.22,0.27000000000000002,171,18,32.116026711185327,-0.055906432761554742,0.00072872219165866789,primary,random_pauli,64
8,5,0.22,0.28000000000000003,171,12,30.831385642737924,-0.10029239768416982,0.00069957330399232143,primary,random_pauli,64
8,5,0.23999999999999999,0.25,96,74,2.9649415692821424,-0.049549549561086155,6.727540545215313e-05,primary,random_pauli,64
8,5,0.23999999999999999,0.26000000000000001,96,45,7.2120200333889937,-0.021111111116026381,0.00016364287812685894,primary,random_pauli,64
8,5,0.23999999999999999,0.27000000000000002,96,18,6.4908180300500948,-0.04814814815935848,0.00014727859031417307,primary,random_pauli,64
8,5,0.23999999999999999,0.28000000000000003,96,12,7.6928213689482616,-0.11666666669383016,0.00017455240333531626,primary,random_pauli,64
8,5,0.25,0.26000000000000001,74,45,1.3898163606010043,0.0073273273290333958,3.1535346305696781e-05,primary,random_pauli,64
8,5,0.25,0.27000000000000002,74,18,2.2237061769616062,-0.047447447458494642,5.0456554089114834e-05,primary,random_pauli,64
8,5,0.25,0.28000000000000003,74,12,3.3355592654424102,-0.13903903907141149,7.5684831133672278e-05,primary,random_pauli,64
8,5,0.26000000000000001,0.27000000000000002,45,18,0.33806343906510905,-0.10222222224602268,7.6707599121965122e-06,primary,random_pauli,64
8,5,0.26000000000000001,0.28000000000000003,45,12,0.90150250417362421,-0.21222222227163393,2.0455359765857367e-05,primary,random_pauli,64
8,5,0.27000000000000002,0.28000000000000003,18,12,0.090150250417362437,-0.32222222229724523,2.045535976585737e-06,primary,random_pauli,64
8,6,0.20000000000000001,0.22,181,107,54.709039548022545,-0.11738524296635093,0.0012413643680614659,primary,random_pauli,64
8,6,0.20000000000000001,0.23999999999999999,181,46,94.07909604519763,-0.023300504449335721,0.0021346826516197162,primary,random_pauli,64
8,6,0.20000000000000001,0.25,181,20,63.912429378531051,-0.097944751404020036,0.0014501920187633955,primary,random_pauli,64
8,6,0.22,0.23999999999999999,107,46,13.903954802259873,0.070784234067679488,0.000315484867021146,primary,random_pauli,64
8,6,0.22,0.25,107,20,13.601694915254237,-0.084984423695799449,0.00030862650034677356,primary,random_pauli,64
8,6,0.23999999999999999,0.25,46,20,0.6497175141242949,-0.39652173922275691,1.4742283505661068e-05,primary,random_pauli,64
8,7,0.20000000000000001,0.22,139,56,37.603864734299471,-0.054573484082593361,0.00085324286750798476,primary,random_pauli,64
8,7,0.20000000000000001,0.23999999999999999,139,12,32.231884057970973,-0.045143884902597228,0.00073135102929255838,primary,random_pauli,64
8,7,0.22,0.23999999999999999,56,12,3.2463768115941996,-0.035714285722601088,7.366125474889079e-05,primary,random_pauli,64
10,0,0.23999999999999999,0.25,12,23,0.11655405405405425,-0.0057971014506250588,2.6446461288871714e-06,primary,random_pauli,64
10,0,0.23999999999999999,0.26000000000000001,12,44,0.89189189189189344,-0.015151515155042802,2.0237292116701833e-05,primary,random_pauli,64
10,0,0.23999999999999999,0.27000000000000002,12,65,2.9645270270270321,-0.015042735046237382,6.7265999365173705e-05,primary,random_pauli,64
10,0,0.23999999999999999,0.28000000000000003,12,73,5.91891891891893,-0.013242009135503207,0.00013430202950174855,primary,random_pauli,64
10,0,0.23999999999999999,0.29999999999999999,12,138,25.175675675675674,-0.012560386476354379,0.00057124356383962801,primary,random_pauli,64
10,0,0.23999999999999999,0.34000000000000002,12,237,120.10135135135145,-0.0096202531667968407,0.0027251353588967787,primary,random_pauli,64
10,0,0.25,0.26000000000000001,23,44,0.42736486486486563,-0.024505928859460548,9.6970358059196294e-06,primary,random_pauli,64
10,0,0.25,0.27000000000000002,23,65,2.5253378378378422,-0.019665551844043543,5.7300666125888712e-05,primary,random_pauli,64
10,0,0.25,0.28000000000000003,23,73,6.3813344594594712,-0.015723645030462589,0.00014479437555657264,primary,random_pauli,64
10,0,0.25,0.29999999999999999,23,138,33.509290540540526,-0.013913043481500244,0.00076033576205506012,primary,random_pauli,64
10,0,0.25,0.34000000000000002,23,237,186.45734797297305,-0.01004504780192704,0.004230772644687247,primary,random_pauli,64
10,0,0.26000000000000001,0.27000000000000002,44,65,1.2077702702702724,-0.014825174828626539,2.7404666408033734e-05,primary,random_pauli,64
10,0,0.26000000000000001,0.28000000000000003,44,73,5.4256756756756843,-0.011332503115963611,0.00012311019370993612,primary,random_pauli,64
10,0,0.26000000000000001,0.29999999999999999,44,138,41.027027027026982,-0.011264822137010168,0.00093091543736828172,primary,random_pauli,64
10,0,0.26000000000000001,0.34000000000000002,44,237,281.83783783783792,-0.008237437669735349,0.00639498430887777,primary,random_pauli,64
10,0,0.27000000000000002,0.28000000000000003,65,73,2.0038006756756794,-0.007839831403300683,4.5466832904237789e-05,primary,random_pauli,64
10,0,0.27000000000000002,0.29999999999999999,65,138,34.092060810810736,-0.010078037906471373,0.00077355899269949458,primary,random_pauli,64
10,0,0.27000000000000002,0.34000000000000002,65,237,318.7690033783785,-0.007296332361322321,0.0072329634317385297,primary,random_pauli,64
10,0,0.28000000000000003,0.29999999999999999,73,138,17.016891891891827,-0.011197141158056721,0.00038611833481752485,primary,random_pauli,64
10,0,0.28000000000000003,0.34000000000000002,73,237,263.02195945945948,-0.0072057491876592605,0.0059680464359839402,primary,random_pauli,64
10,0,0.29999999999999999,0.34000000000000002,138,237,220.98648648648688,-0.0052100532024605363,0.0050142490603700771,primary,random_pauli,64
10,1,0.22,0.23999999999999999,26,77,1.3990216631726053,0.026273726279843604,3.1744217357062612e-05,primary,random_pauli,64
10,1,0.22,0.25,26,108,4.4150943396226419,0.0031339031346327797,0.00010017980282813275,primary,random_pauli,64
10,1,0.22,0.26000000000000001,26,166,12.064290705800147,-0.016357738650703873,0.00027374234188428059,primary,random_pauli,64
10,1,0.22,0.27000000000000002,26,183,20.780922431865843,-0.0096679277029655813,0.00047152530652130414,primary,random_pauli,64
10,1,0.22,0.28000000000000003,26,239,39.081761006289341,-0.0018345671069607819,0.00088677677318236094,primary,random_pauli,64
10,1,0.22,0.29999999999999999,26,276,80.234800838574401,-0.011204013380535062,0.0018205514785556956,primary,random_pauli,64
10,1,0.22,0.34000000000000002,26,356,232.85534591194977,-0.015269374823491798,0.0052835570084170764,primary,random_pauli,64
10,1,0.23999999999999999,0.25,77,108,1.4528301886792478,-0.043145743155788799,3.2965148793872799e-05,primary,random_pauli,64
10,1,0.23999999999999999,0.26000000000000001,77,166,8.9322152341020402,-0.058989203581251287,0.00020267461851047715,primary,random_pauli,64
10,1,0.23999999999999999,0.27000000000000002,77,183,22.155660377358529,-0.03362903035817167,0.00050271851910656013,primary,random_pauli,64
10,1,0.23999999999999999,0.28000000000000003,77,239,51.440950384346699,-0.015888713800362955,0.0011672104535904589,primary,random_pauli,64
10,1,0.23999999999999999,0.29999999999999999,77,276,133.66037735849056,-0.023696593267327943,0.0030327936890362918,primary,random_pauli,64
10,1,0.23999999999999999,0.34000000000000002,77,356,478.89587700908487,-0.023577995044158868,0.010866289787609911,primary,random_pauli,64
10,1,0.25,0.26000000000000001,108,166,3.1320754716981187,-0.074832664006713775,7.106772337380369e-05,primary,random_pauli,64
10,1,0.25,0.27000000000000002,108,183,13.811320754717006,-0.028870673959363106,0.00031338297294954397,primary,random_pauli,64
10,1,0.25,0.28000000000000003,108,239,40.58490566037743,-0.0068030373485543395,0.00092088357215091416,primary,random_pauli,64
10,1,0.25,0.29999999999999999,108,276,130.18867924528297,-0.019806763289635768,0.0029540198269834002,primary,random_pauli,64
10,1,0.25,0.34000000000000002,108,356,544.07547169811346,-0.021403800809533323,0.012345234163897593,primary,random_pauli,64
10,1,0.26000000000000001,0.27000000000000002,166,183,5.3071278825995893,0.017091316087987571,0.00012042030905005625,primary,random_pauli,64
10,1,0.26000000000000001,0.28000000000000003,166,239,27.724668064290757,0.02721177598052538,0.00062908095875329937,primary,random_pauli,64
10,1,0.26000000000000001,0.29999999999999999,166,276,128.06708595387823,-0.0060502881103662483,0.0029058802446177419,primary,random_pauli,64
10,1,0.26000000000000001,0.34000000000000002,166,356,660.75192173305402,-0.014725192909885759,0.014992657493969825,primary,random_pauli,64
10,1,0.27000000000000002,0.28000000000000003,183,239,7.6409853249476036,0.03733223587306319,0.00017337622809014127,primary,random_pauli,64
10,1,0.27000000000000002,0.29999999999999999,183,276,79.41509433962247,-0.013764156176484202,0.001801952094459871,primary,random_pauli,64
10,1,0.27000000000000002,0.34000000000000002,183,356,557.69601677148864,-0.019270408481010522,0.012654288379934809,primary,random_pauli,64
10,1,0.28000000000000003,0.29999999999999999,239,276,46.096436058700036,-0.03931235220125797,0.0010459418350356004,primary,random_pauli,64
10,1,0.28000000000000003,0.34000000000000002,239,356,535.11949685534591,-0.028704182540022816,0.012142020432804624,primary,random_pauli,64
10,1,0.29999999999999999,0.34000000000000002,276,356,274.64989517819754,-0.023400097709405258,0.0062318877535175862,primary,random_pauli,64
10,2,0.20000000000000001,0.22,21,74,0.96943231441047928,-0.076576576594406018,2.1996707350349132e-05,primary,random_pauli,64
10,2,0.20000000000000001,0.23999999999999999,21,148,7.7554585152838342,-0.07815315317134966,0.00017597365880279306,primary,random_pauli,64
10,2,0.20000000000000001,0.25,21,215,17.603711790393007,-0.054449612415778337,0.00039943345273015765,primary,random_pauli,64
10,2,0.20000000000000001,0.26000000000000001,21,222,26.174672489082965,-0.06366366367848654,0.00059391109845942705,primary,random_pauli,64
10,2,0.20000000000000001,0.27000000000000002,21,245,39.317685589519655,-0.053722060265180643,0.00089212997209777583,primary,random_pauli,64
10,2,0.20000000000000001,0.28000000000000003,21,248,51.982532751091732,-0.053091397861823666,0.0011794991184619662,primary,random_pauli,64
10,2,0.20000000000000001,0.29999999999999999,21,253,82.860262008733585,-0.052595520433853245,0.0018801239728507885,primary,random_pauli,64
10,2,0.20000000000000001,0.34000000000000002,21,177,113.62008733624458,-0.039870863608960319,0.0025780735520213281,primary,random_pauli,64
10,2,0.22,0.23999999999999999,74,148,6.8321896444167116,-0.079729729748293302,0.00015502441370722245,primary,random_pauli,64
10,2,0.22,0.25,74,215,22.331565814098568,-0.03969830296335989,0.00050670986574911448,primary,random_pauli,64
10,2,0.22,0.26000000000000001,74,222,40.993137866500327,-0.057207207220526801,0.00093014648224333605,primary,random_pauli,64
10,2,0.22,0.27000000000000002,74,245,70.687772925764236,-0.044580253733490498,0.0016039265776296269,primary,random_pauli,64
10,2,0.22,0.28000000000000003,74,248,103.03680598877114,-0.045263004950962894,0.0023379357526656834,primary,random_pauli,64
10,2,0.22,0.29999999999999999,74,253,186.86961946350587,-0.04660025639371506,0.0042401272073434929,primary,random_pauli,64
10,2,0.22,0.34000000000000002,74,177,294.1534622582659,-0.033753244778052714,0.0066744294874488044,primary,random_pauli,64
10,2,0.23999999999999999,0.25,148,215,4.9625701809108014,0.040364550606506809,0.00011260219238869232,primary,random_pauli,64
10,2,0.23999999999999999,0.26000000000000001,148,222,20.496568933250192,-0.034684684692760342,0.00046507324112166868,primary,random_pauli,64
10,2,0.23999999999999999,0.27000000000000002,148,245,50.895196506550306,-0.021147269723622002,0.0011548271358933326,primary,random_pauli,64
10,2,0.23999999999999999,0.28000000000000003,148,248,91.588271990018882,-0.028029642552297725,0.0020781651134806098,primary,random_pauli,64
10,2,0.23999999999999999,0.29999999999999999,148,253,210.22832189644416,-0.035557098608855649,0.0047701431082614312,primary,random_pauli,64
10,2,0.23999999999999999,0.34000000000000002,148,177,408.54647535870276,-0.024557947784004597,0.0092700409547900094,primary,random_pauli,64
10,2,0.25,0.26000000000000001,215,222,7.4438552713662007,-0.10973391999202749,0.00016890328858303844,primary,random_pauli,64
10,2,0.25,0.27000000000000002,215,245,32.860262008733685,-0.051903179888686403,0.00074560911176296254,primary,random_pauli,64
10,2,0.25,0.28000000000000003,215,248,74.840923268871009,-0.050827706938565899,0.0016981627933213598,primary,random_pauli,64
10,2,0.25,0.29999999999999999,215,253,212.08281347473479,-0.05074142845192816,0.0048122220733680899,primary,random_pauli,64
10,2,0.25,0.34000000000000002,215,177,480.73222083593282,-0.031771558716283649,0.010907956974842427,primary,random_pauli,64
10,2,0.26000000000000001,0.27000000000000002,222,245,8.4825327510917177,0.0059275602146546761,0.00019247118931555544,primary,random_pauli,64
10,2,0.26000000000000001,0.28000000000000003,222,248,34.345601996257074,-0.021374600411835112,0.0007793119175552285,primary,random_pauli,64
10,2,0.26000000000000001,0.29999999999999999,222,253,140.15221459762927,-0.035993305566903305,0.0031800954055076166,primary,random_pauli,64
10,2,0.26000000000000001,0.34000000000000002,222,177,392.20461634435458,-0.022026263556815664,0.008899239316598407,primary,random_pauli,64
10,2,0.27000000000000002,0.28000000000000003,245,248,9.4759825327511091,-0.048676761038324898,0.00021501286013629619,primary,random_pauli,64
10,2,0.27000000000000002,0.29999999999999999,245,253,87.003275109170133,-0.049966927494089326,0.0019741301714933249,primary,random_pauli,64
10,2,0.27000000000000002,0.34000000000000002,245,177,331.39192139737997,-0.026019666952739998,0.0075193811933955395,primary,random_pauli,64
10,2,0.28000000000000003,0.29999999999999999,248,253,39.141609482220694,-0.050612010721971537,0.00088813475288951251,primary,random_pauli,64
10,2,0.28000000000000003,0.34000000000000002,248,177,246.45290081097943,-0.022243484605142513,0.005592089570565212,primary,random_pauli,64
10,2,0.29999999999999999,0.34000000000000002,253,177,111.74298190892097,-0.0080592215467280431,0.0025354814719587833,primary,random_pauli,64
10,3,0.20000000000000001,0.22,73,135,7.6454615981380822,-0.082049720972934267,0.00017347779605927899,primary,random_pauli,64
10,3,0.20000000000000001,0.23999999999999999,73,201,45.532971295577909,-0.070687657618857258,0.0010331566520863727,primary,random_pauli,64
10,3,0.20000000000000001,0.25,73,206,72.91505042668733,-0.062417874731915436,0.0016544641661209031,primary,random_pauli,64
10,3,0.20000000000000001,0.26000000000000001,73,211,107.54615981380917,-0.064887792436497643,0.0024402543312338613,primary,random_pauli,64
10,3,0.20000000000000001,0.27000000000000002,73,184,127.65089216446862,-0.063196630662208361,0.0028964366838341886,primary,random_pauli,64
10,3,0.20000000000000001,0.28000000000000003,73,156,141.35608999224212,-0.046887074124018241,0.0032074116960293417,primary,random_pauli,64
10,3,0.20000000000000001,0.29999999999999999,73,97,137.33514352211012,-0.045728004529782602,0.0031161752255092737,primary,random_pauli,64
10,3,0.20000000000000001,0.34000000000000002,73,26,72.150504266873568,-0.062140599141368727,0.0016371163865149762,primary,random_pauli,64
10,3,0.22,0.23999999999999999,135,201,21.051202482544586,-0.059325594264780242,0.00047765804120431622,primary,random_pauli,64
10,3,0.22,0.25,135,206,48.543444530643903,-0.049329977237902889,0.0011014651845681631,primary,random_pauli,64
10,3,0.22,0.26000000000000001,135,211,88.394103956555497,-0.056306828168279338,0.0020056884914250919,primary,random_pauli,64
10,3,0.22,0.27000000000000002,135,184,120.44220325833989,-0.055655394537918013,0.0027328693899749484,primary,random_pauli,64
10,3,0.22,0.28000000000000003,135,156,147.04422032583412,-0.035166191841046253,0.0033364770639346336,primary,random_pauli,64
10,3,0.22,0.29999999999999999,135,97,162.54460822342895,-0.036647575418994695,0.0036881854723835785,primary,random_pauli,64
10,3,0.22,0.34000000000000002,135,26,98.029480217222698,-0.058822412169441146,0.0022243180426230881,primary,random_pauli,64
10,3,0.23999999999999999,0.25,201,206,8.0306439100077718,-0.029338743184148225,0.00018221769720016558,primary,random_pauli,64
10,3,0.23999999999999999,0.26000000000000001,201,211,32.902249806051259,-0.053288062071778448,0.0007465618273637852,primary,random_pauli,64
10,3,0.23999999999999999,0.27000000000000002,201,184,64.55702094647026,-0.053208594720009876,0.0014648179930265741,primary,random_pauli,64
10,3,0.23999999999999999,0.28000000000000003,201,156,97.303335919317476,-0.023086490629179279,0.0022078416126777348,primary,random_pauli,64
10,3,0.23999999999999999,0.29999999999999999,201,97,136.1311093871218,-0.029088235803732848,0.0030888553331212482,primary,random_pauli,64
10,3,0.23999999999999999,0.34000000000000002,201,26,101.35764158262226,-0.058721775750373316,0.0022998350132059711,primary,random_pauli,64
10,3,0.25,0.26000000000000001,206,211,8.4301784328937295,-0.077237380959408672,0.00019128325427480067,primary,random_pauli,64
10,3,0.25,0.27000000000000002,206,184,29.405740884406566,-0.065143520487940698,0.00066722500069314359,primary,random_pauli,64
10,3,0.25,0.28000000000000003,206,156,56.094647013188613,-0.021002406444189631,0.0012728042132787686,primary,random_pauli,64
10,3,0.25,0.29999999999999999,206,97,96.88712179984482,-0.029038134327649772,0.0021983975905990084,primary,random_pauli,64
10,3,0.25,0.34000000000000002,206,26,84.141970519782816,-0.061986557146620568,0.0019092063199181504,primary,random_pauli,64
10,3,0.26000000000000001,0.27000000000000002,211,184,7.5298681148177025,-0.053049660016472704,0.00017085494556584143,primary,random_pauli,64
10,3,0.26000000000000001,0.28000000000000003,211,156,25.536074476338289,0.0071150808134198907,0.00057942111974502726,primary,random_pauli,64
10,3,0.26000000000000001,0.29999999999999999,211,97,63.512800620636078,-0.016988322669710038,0.0014411243234683973,primary,random_pauli,64
10,3,0.26000000000000001,0.34000000000000002,211,26,68.096198603568681,-0.060080204170022043,0.0015451229859867375,primary,random_pauli,64
10,3,0.27000000000000002,0.28000000000000003,184,156,5.5671062839410501,0.06727982164331249,0.00012631929624773111,primary,random_pauli,64
10,3,0.27000000000000002,0.29999999999999999,184,97,31.15438324282383,-0.0049678768874557907,0.00070690221554018469,primary,random_pauli,64
10,3,0.27000000000000002,0.34000000000000002,184,26,45.46470131885183,-0.061084567620529093,0.0010316075860231355,primary,random_pauli,64
10,3,0.28000000000000003,0.29999999999999999,156,97,11.739332816136498,-0.041091726152840027,0.00026636895078325758,primary,random_pauli,64
10,3,0.28000000000000003,0.34000000000000002,156,26,28.319627618308765,-0.082478632497836046,0.00064258076786889175,primary,random_pauli,64
10,3,0.29999999999999999,0.34000000000000002,97,26,7.8262218774243744,-0.10317208567033399,0.00017757930052217269,primary,random_pauli,64
10,4,0.20000000000000001,0.22,126,189,25.469518716577511,-0.061904761919175245,0.00057791094977423544,primary,random_pauli,64
10,4,0.20000000000000001,0.23999999999999999,126,183,98.643850267379563,-0.074798334651815596,0.0022382582816652926,primary,random_pauli,64
10,4,0.20000000000000001,0.25,126,151,127.17914438502669,-0.063883107341689893,0.0028857325865049477,primary,random_pauli,64
10,4,0.20000000000000001,0.26000000000000001,126,96,116.43208556149733,-0.067989418005248006,0.0026418786275393649,primary,random_pauli,64
10,4,0.20000000000000001,0.27000000000000002,126,95,156.82620320855619,-0.063640052527050323,0.0035584331629617324,primary,random_pauli,64
10,4,0.20000000000000001,0.28000000000000003,126,63,135.83743315508028,-0.0662698412852709,0.0030821917321292606,primary,random_pauli,64
10,4,0.20000000000000001,0.29999999999999999,126,32,107.807486631016,-0.072876984143952148,0.0024461839143883001,primary,random_pauli,64
10,4,0.22,0.23999999999999999,189,183,36.991443850267338,-0.087691907384455953,0.00083934685562448482,primary,random_pauli,64
10,4,0.22,0.25,189,151,68.676737967914434,-0.065202004290032992,0.0015582955967126722,primary,random_pauli,64
10,4,0.22,0.26000000000000001,189,96,77.621390374331583,-0.071031746048284397,0.0017612524183595773,primary,random_pauli,64
10,4,0.22,0.27000000000000002,189,95,120.02005347593591,-0.064334168770200345,0.0027232906859401026,primary,random_pauli,64
10,4,0.22,0.28000000000000003,189,63,114.61283422459903,-0.06772486774063613,0.0026005992739840645,primary,random_pauli,64
10,4,0.22,0.29999999999999999,189,32,103.49518716577535,-0.075620039700146371,0.0023483365578127677,primary,random_pauli,64
10,4,0.23999999999999999,0.25,183,151,7.388502673796804,-0.020222198101187177,0.00016764732169219254,primary,random_pauli,64
10,4,0.23999999999999999,0.26000000000000001,183,96,18.78930481283426,-0.05437158471211289,0.00042633491079339036,primary,random_pauli,64
10,4,0.23999999999999999,0.27000000000000002,183,95,41.835561497326275,-0.048762343027363306,0.00094926132481340812,primary,random_pauli,64
10,4,0.23999999999999999,0.28000000000000003,183,63,49.321925133689923,-0.057741347918726239,0.0011191291408326495,primary,random_pauli,64
10,4,0.23999999999999999,0.29999999999999999,183,32,56.367914438502673,-0.071596083805376506,0.0012790047323801687,primary,random_pauli,64
10,4,0.25,0.26000000000000001,151,96,3.8759358288770125,-0.0885209713230386,8.7946135969674784e-05,primary,random_pauli,64
10,4,0.25,0.27000000000000002,151,95,15.342245989304841,-0.063032415490451368,0.00034812012154662936,primary,random_pauli,64
10,4,0.25,0.28000000000000003,151,63,22.89224598930485,-0.070247731191239254,0.00051943186557089165,primary,random_pauli,64
10,4,0.25,0.29999999999999999,151,32,32.299465240641702,-0.081870860946214388,0.00073288446641395504,primary,random_pauli,64
10,4,0.26000000000000001,0.27000000000000002,96,95,2.4385026737967959,-0.037543859657864137,5.5330350444497383e-05,primary,random_pauli,64
10,4,0.26000000000000001,0.28000000000000003,96,63,6.4684491978609735,-0.061111111125339582,0.00014677103486329831,primary,random_pauli,64
10,4,0.26000000000000001,0.29999999999999999,96,32,13.142245989304799,-0.080208333352008346,0.00029820146765876398,primary,random_pauli,64
10,4,0.27000000000000002,0.28000000000000003,95,63,1.6002673796791471,-0.08467836259281504,3.6310542479201401e-05,primary,random_pauli,64
10,4,0.27000000000000002,0.29999999999999999,95,32,7.31550802139036,-0.094429824583389763,0.00016599105133349151,primary,random_pauli,64
10,4,0.28000000000000003,0.29999999999999999,63,32,2.156149732620313,-0.099305555578677152,4.8923678287765837e-05,primary,random_pauli,64
10,5,0.20000000000000001,0.22,171,190,51.327014218009424,-0.022690058484815132,0.0011646252081119587,primary,random_pauli,64
10,5,0.20000000000000001,0.23999999999999999,171,107,115.62085308056858,-0.049259441449956323,0.0026234715214311487,primary,random_pauli,64
10,5,0.20000000000000001,0.25,171,70,118.18720379146916,-0.062008354233317999,0.0026817027818367492,primary,random_pauli,64
10,5,0.20000000000000001,0.26000000000000001,171,54,131.28909952606637,-0.06627680313433966,0.0029789886902232242,primary,random_pauli,64
10,5,0.20000000000000001,0.27000000000000002,171,23,76.112559241706194,-0.027823181147737033,0.0017270165915028678,primary,random_pauli,64
10,5,0.20000000000000001,0.28000000000000003,171,18,77.800947867298603,-0.058040935686028319,0.0017653266312433926,primary,random_pauli,64
10,5,0.22,0.23999999999999999,190,107,32.116903633491269,-0.075828824415097515,0.00072874208928643013,primary,random_pauli,64
10,5,0.22,0.25,190,70,47.274881516587676,-0.08822055139898656,0.0010726811127346999,primary,random_pauli,64
10,5,0.22,0.26000000000000001,190,54,64.834123222748843,-0.088070175459101924,0.0014711055260361607,primary,random_pauli,64
10,5,0.22,0.27000000000000002,190,23,43.147709320695128,-0.029876430212905793,0.00097903434892452831,primary,random_pauli,64
10,5,0.22,0.28000000000000003,190,18,48.625592417061654,-0.069824561419766049,0.0011033291445271209,primary,random_pauli,64
10,5,0.23999999999999999,0.25,107,70,2.9581358609794681,-0.11300400536676462,6.7120981907960872e-05,primary,random_pauli,64
10,5,0.23999999999999999,0.26000000000000001,107,54,9.1279620853080754,-0.10031152650310632,0.00020711617274456504,primary,random_pauli,64
10,5,0.23999999999999999,0.27000000000000002,107,23,8.7476303317535713,0.0007584992552219776,0.00019848633221354148,primary,random_pauli,64
10,5,0.23999999999999999,0.28000000000000003,107,18,12.170616113744098,-0.066822429922100315,0.00027615489699275332,primary,random_pauli,64
10,5,0.25,0.26000000000000001,70,54,1.4928909952606662,-0.087619047639448,3.3874140402148479e-05,primary,random_pauli,64
10,5,0.25,0.27000000000000002,70,23,2.5434439178515054,0.057639751566215279,5.7711498462919632e-05,primary,random_pauli,64
10,5,0.25,0.28000000000000003,70,18,4.4786729857819987,-0.051428571440545551,0.00010162242120644545,primary,random_pauli,64
10,5,0.26000000000000001,0.27000000000000002,54,23,0.49052132701421891,0.20289855077187857,1.1130074703563073e-05,primary,random_pauli,64
10,5,0.26000000000000001,0.28000000000000003,54,18,1.5355450236966852,-0.033333333341094326,3.4841972985067008e-05,primary,random_pauli,64
10,5,0.27000000000000002,0.28000000000000003,23,18,0.16350710900473961,-0.2695652174540672,3.7100249011876903e-06,primary,random_pauli,64
10,6,0.20000000000000001,0.22,178,127,59.178010471204118,-0.1058480049790816,0.0013427666465838436,primary,random_pauli,64
10,6,0.20000000000000001,0.23999999999999999,178,53,98.785340314136008,-0.10905236381593564,0.0022414687328801168,primary,random_pauli,64
10,6,0.20000000000000001,0.25,178,24,69.895287958115162,-0.10378277155974436,0.0015859448581698953,primary,random_pauli,64
10,6,0.22,0.23999999999999999,127,53,17.620418848167517,-0.11225672265278967,0.00039981254083676235,primary,random_pauli,64
10,6,0.22,0.25,127,24,17.952879581151834,-0.1024059492801862,0.00040735617368273952,primary,random_pauli,64
10,6,0.23999999999999999,0.25,53,24,0.83246073298429479,-0.082704402534979307,1.8888781456854975e-05,primary,random_pauli,64
10,7,0.20000000000000001,0.22,143,45,31.699507389162527,-0.099020979044034202,0.000719271244443366,primary,random_pauli,64
10,7,0.20000000000000001,0.23999999999999999,143,15,42.266009852216705,-0.10284382286776809,0.00095902832592448814,primary,random_pauli,64
10,7,0.22,0.23999999999999999,45,15,3.3251231527093559,-0.106666666691502,7.544803263391952e-05,primary,random_pauli,64
6,0,0.26000000000000001,0.27000000000000002,21,34,0.38304721030042987,0.021288515406162483,1.4161340976422335e-05,primary,random_pauli,128
6,0,0.26000000000000001,0.28000000000000003,21,58,2.6137339055794038,0.039244663382594323,9.6630326662646519e-05,primary,random_pauli,128
6,0,0.26000000000000001,0.29999999999999999,21,120,21.630901287553627,0.00071428571428572328,0.00079969925513914144,primary,random_pauli,128
6,0,0.26000000000000001,0.34000000000000002,21,233,168.00000000000006,-0.0010627426936439808,0.0062109975482473401,primary,random_pauli,128
6,0,0.27000000000000002,0.28000000000000003,34,58,1.0579399141630919,0.057200811359026167,3.9112275077737872e-05,primary,random_pauli,128
6,0,0.27000000000000002,0.29999999999999999,34,120,19.699570815450603,-0.0061437908496732091,0.00072829753593028868,primary,random_pauli,128
6,0,0.27000000000000002,0.34000000000000002,34,233,208.25000000000006,-0.0042557795650449062,0.007699049044181598,primary,random_pauli,128
6,0,0.28000000000000003,0.29999999999999999,58,120,14.935622317596509,-0.037816091954022982,0.00055217329521511991,primary,random_pauli,128
6,0,0.28000000000000003,0.34000000000000002,58,233,261,-0.014498544719056761,0.0096492283338842563,primary,random_pauli,128
6,0,0.29999999999999999,0.34000000000000002,120,233,240.00000000000045,-0.0028397711015736822,0.0088728536403533571,primary,random_pauli,128
6,1,0.23999999999999999,0.25,13,34,0.10473933649289119,-0.21538461538461515,3.872236679538096e-06,primary,random_pauli,128
6,1,0.23999999999999999,0.26000000000000001,13,70,0.86255924170616272,-0.050549450549450439,3.1889007949137258e-05,primary,random_pauli,128
6,1,0.23999999999999999,0.27000000000000002,13,140,3.8815165876777322,-0.032747252747252695,0.00014350053577111768,primary,random_pauli,128
6,1,0.23999999999999999,0.28000000000000003,13,175,8.6255924170616254,-0.053274725274725217,0.00031889007949137253,primary,random_pauli,128
6,1,0.23999999999999999,0.29999999999999999,13,269,29.832227488151663,-0.039119245067200444,0.0011029041177837309,primary,random_pauli,128
6,1,0.23999999999999999,0.34000000000000002,13,354,109.05213270142188,-0.035436766623207286,0.004031681719283778,primary,random_pauli,128
6,1,0.25,0.26000000000000001,34,70,0.5639810426540296,0.11428571428571428,2.0850505197512827e-05,primary,random_pauli,128
6,1,0.25,0.27000000000000002,34,140,4.5118483412322368,0.058571428571428531,0.00016680404158010261,primary,random_pauli,128
6,1,0.25,0.28000000000000003,34,175,12.689573459715664,0.00076190476190475922,0.00046913636694403857,primary,random_pauli,128
6,1,0.25,0.29999999999999999,34,269,54.182464454976277,-0.0038661710037174676,0.0020031378207610489,primary,random_pauli,128
6,1,0.25,0.34000000000000002,34,354,231.02274881516595,-0.01544256120527307,0.0085409626576211685,primary,random_pauli,128
6,1,0.26000000000000001,0.27000000000000002,70,140,2.3222748815165923,0.0028571428571427778,8.58550214015234e-05,primary,random_pauli,128
6,1,0.26000000000000001,0.28000000000000003,70,175,11.611374407582959,-0.056000000000000001,0.00042927510700761692,primary,random_pauli,128
6,1,0.26000000000000001,0.29999999999999999,70,269,71.393364928909861,-0.033404142326075449,0.0026394286579439681,primary,random_pauli,128
6,1,0.26000000000000001,0.34000000000000002,70,354,375.81042654028448,-0.031658595641646498,0.013893795463377935,primary,random_pauli,128
6,1,0.27000000000000002,0.28000000000000003,140,175,5.8056872037914795,-0.11485714285714278,0.00021463755350380846,primary,random_pauli,128
6,1,0.27000000000000002,0.29999999999999999,140,269,80.317535545023532,-0.045491237387148213,0.0029693572401869616,primary,random_pauli,128
6,1,0.27000000000000002,0.34000000000000002,140,354,575.45971563981061,-0.036589415427187827,0.021274874303297463,primary,random_pauli,128
6,1,0.28000000000000003,0.29999999999999999,175,269,44.620853080568551,-0.010808284652150828,0.0016496429112149759,primary,random_pauli,128
6,1,0.28000000000000003,0.34000000000000002,175,354,528.48341232227494,-0.023544794188861989,0.019538149870375218,primary,random_pauli,128
6,1,0.29999999999999999,0.34000000000000002,269,354,361.046445497631,-0.029913048957217553,0.013347967784459536,primary,random_pauli,128
6,2,0.23999999999999999,0.25,49,86,0.88011695906432907,-0.030280018984337881,3.2538120684044348e-05,primary,random_pauli,128
6,2,0.23999999999999999,0.26000000000000001,49,170,6.9590643274853923,-0.036398559423769482,0.00025727816354825762,primary,random_pauli,128
6,2,0.23999999999999999,0.27000000000000002,49,212,19.526315789473717,-0.019278654858169653,0.00072189225889716989,primary,random_pauli,128
6,2,0.23999999999999999,0.28000000000000003,49,255,41.754385964912352,-0.046042416966786667,0.0015436689812895457,primary,random_pauli,128
6,2,0.23999999999999999,0.29999999999999999,49,261,96.15789473684211,-0.042567831730393309,0.0035549788598520948,primary,random_pauli,128
6,2,0.23999999999999999,0.34000000000000002,49,164,167.83625730994163,-0.038461921353907406,0.0062049439443991475,primary,random_pauli,128
6,2,0.25,0.26000000000000001,86,170,3.0534670008354272,-0.04251709986320109,0.00011288735747525589,primary,random_pauli,128
6,2,0.25,0.27000000000000002,86,212,15.231411862990839,-0.01377797279508554,0.00056310870081774714,primary,random_pauli,128
6,2,0.25,0.28000000000000003,86,255,41.221804511278272,-0.051296549627602932,0.0015239793259159548,primary,random_pauli,128
6,2,0.25,0.29999999999999999,86,261,117.19924812030072,-0.045025394279604398,0.0043328823972120191,primary,random_pauli,128
6,2,0.25,0.34000000000000002,86,164,238.60150375939861,-0.039371021617192914,0.0088211509217723371,primary,random_pauli,128
6,2,0.26000000000000001,0.27000000000000002,170,212,7.527151211361752,0.014961154273030006,0.00027828046261342153,primary,random_pauli,128
6,2,0.26000000000000001,0.28000000000000003,170,255,36.215538847117863,-0.055686274509803853,0.0013388965654041981,primary,random_pauli,128
6,2,0.26000000000000001,0.29999999999999999,170,261,148.27067669172916,-0.045652467883705236,0.0054816000560077589,primary,random_pauli,128
6,2,0.26000000000000001,0.34000000000000002,170,164,372.66499582289066,-0.038977761836441888,0.01377750818674749,primary,random_pauli,128
6,2,0.27000000000000002,0.28000000000000003,212,255,11.290726817042628,-0.12633370329263771,0.00041742069392013235,primary,random_pauli,128
6,2,0.27000000000000002,0.29999999999999999,212,261,104.00751879699226,-0.06585700860261702,0.0038451812157583799,primary,random_pauli,128
6,2,0.27000000000000002,0.34000000000000002,212,164,355.81286549707607,-0.046683321280652161,0.013154481162126187,primary,random_pauli,128
6,2,0.28000000000000003,0.29999999999999999,255,261,55.601503759398284,-0.035618661257606585,0.0020556000210029042,primary,random_pauli,128
6,2,0.28000000000000003,0.34000000000000002,255,164,314.43609022556393,-0.033408257611987895,0.011624772532568191,primary,random_pauli,128
6,2,0.29999999999999999,0.34000000000000002,261,164,143.03759398496263,-0.032303055789178553,0.0052881318187369105,primary,random_pauli,128
6,3,0.22,0.23999999999999999,14,102,1.4013738959764457,-0.010364145658263274,5.1809106143378115e-05,primary,random_pauli,128
6,3,0.22,0.25,14,167,5.162414131501472,-0.047048759623609916,0.00019085560424876816,primary,random_pauli,128
6,3,0.22,0.26000000000000001,14,205,11.265947006869483,-0.040313588850174199,0.00041650457879970711,primary,random_pauli,128
6,3,0.22,0.27000000000000002,14,198,17.001962708537793,-0.048946608946608926,0.00062856636129833869,primary,random_pauli,128
6,3,0.22,0.28000000000000003,14,185,22.875368007850856,-0.037194337194337179,0.00084570746792867412,primary,random_pauli,128
6,3,0.22,0.29999999999999999,14,106,23.301275760549551,-0.049326145552560659,0.00086145337273695467,primary,random_pauli,128
6,3,0.22,0.34000000000000002,14,42,20.773307163886169,-0.073809523809523811,0.0007679938087136063,primary,random_pauli,128
6,3,0.23999999999999999,0.25,102,167,4.1790971540726272,-0.12041798755430311,0.00015450215582043164,primary,random_pauli,128
6,3,0.23999999999999999,0.26000000000000001,102,205,20.520117762512303,-0.070263032042085088,0.00075863333995661048,primary,random_pauli,128
6,3,0.23999999999999999,0.27000000000000002,102,198,44.593719332679179,-0.074668251138839334,0.0016486397704910732,primary,random_pauli,128
6,3,0.23999999999999999,0.28000000000000003,102,185,74.072620215898084,-0.050609432962374114,0.0027384813247214239,primary,random_pauli,128
6,3,0.23999999999999999,0.29999999999999999,102,106,95.493621197252224,-0.06231347885065977,0.0035304205186273427,primary,random_pauli,128
6,3,0.23999999999999999,0.34000000000000002,102,42,105.10304219823365,-0.086498599439775892,0.0038856829607533672,primary,random_pauli,128
6,3,0.25,0.26000000000000001,167,205,8.3991658488714567,-0.020108076529867052,0.00031051903865871066,primary,random_pauli,128
6,3,0.25,0.27000000000000002,167,198,32.449460255152168,-0.051793382931107433,0.0011996637981351163,primary,random_pauli,128
6,3,0.25,0.28000000000000003,167,185,68.217615309126714,-0.027339914765064442,0.0025220204847158697,primary,random_pauli,128
6,3,0.25,0.29999999999999999,167,106,108.57458292443567,-0.050692577109931088,0.004014026597295519,primary,random_pauli,128
6,3,0.25,0.34000000000000002,167,42,139.38518155053978,-0.082729778538161769,0.0051531013147167416,primary,random_pauli,128
6,3,0.26000000000000001,0.27000000000000002,205,198,9.958292443572148,-0.083478689332347825,0.00036816029733188451,primary,random_pauli,128
6,3,0.26000000000000001,0.28000000000000003,205,185,37.21786064769389,-0.030955833882663139,0.0013759526263918919,primary,random_pauli,128
6,3,0.26000000000000001,0.29999999999999999,205,106,85.299313052011698,-0.058338702254947118,0.0031535346680549212,primary,random_pauli,128
6,3,0.26000000000000001,0.34000000000000002,205,42,135.19136408243381,-0.090557491289198613,0.0049980549455964857,primary,random_pauli,128
6,3,0.27000000000000002,0.28000000000000003,198,185,8.9867517173699856,0.02156702156702154,0.00033224221954340793,primary,random_pauli,128
6,3,0.27000000000000002,0.29999999999999999,198,106,46.342492639842888,-0.049958706562480207,0.0017132923105103242,primary,random_pauli,128
6,3,0.27000000000000002,0.34000000000000002,198,42,99.971540726202178,-0.091568748711605863,0.0036959702044342298,primary,random_pauli,128
6,3,0.28000000000000003,0.29999999999999999,185,106,19.244357212953805,-0.085721570627231181,0.00071146818730507177,primary,random_pauli,128
6,3,0.28000000000000003,0.34000000000000002,185,42,68.6261040235525,-0.11042471042471043,0.00253712240378602,primary,random_pauli,128
6,3,0.29999999999999999,0.34000000000000002,106,42,17.475956820412197,-0.12277628032345005,0.00064609002955271725,primary,random_pauli,128
6,4,0.22,0.23999999999999999,50,163,9.9027946537059428,-0.055754601226993883,0.00036610853163669319,primary,random_pauli,128
6,4,0.22,0.25,50,179,24.468408262454432,-0.0018770949720670245,0.00090460252218821054,primary,random_pauli,128
6,4,0.22,0.26000000000000001,50,165,40.097205346294061,-0.053454545454545442,0.0014824026434369193,primary,random_pauli,128
6,4,0.22,0.27000000000000002,50,131,49.741798298906481,-0.058796946564885481,0.0018389654004757248,primary,random_pauli,128
6,4,0.22,0.28000000000000003,50,99,54.131227217497013,-0.070787878787878761,0.0020012435686398425,primary,random_pauli,128
6,4,0.22,0.29999999999999999,50,36,34.993924665856611,-0.057888888888888906,0.0012937332160904015,primary,random_pauli,128
6,4,0.23999999999999999,0.25,163,179,8.8630012150668431,0.10587791753778654,0.00032766713581484127,primary,random_pauli,128
6,4,0.23999999999999999,0.26000000000000001,163,165,32.679222357229705,-0.051154489682097008,0.0012081581544010911,primary,random_pauli,128
6,4,0.23999999999999999,0.27000000000000002,163,131,58.376974483596705,-0.060825176790146533,0.0021582097939983128,primary,random_pauli,128
6,4,0.23999999999999999,0.28000000000000003,163,99,78.430133657351291,-0.078304517568321186,0.0028995795705626182,primary,random_pauli,128
6,4,0.23999999999999999,0.29999999999999999,163,36,64.170109356014578,-0.058600318109520572,0.0023723832850057742,primary,random_pauli,128
6,4,0.25,0.26000000000000001,179,165,8.9717496962333065,-0.20818689690198056,0.00033168759146901108,primary,random_pauli,128
6,4,0.25,0.27000000000000002,179,131,28.492102065613658,-0.14417672395411307,0.0010533593813924959,primary,random_pauli,128
6,4,0.25,0.28000000000000003,179,99,48.447448359659866,-0.13969866260369043,0.0017911129939326602,primary,random_pauli,128
6,4,0.25,0.29999999999999999,179,36,48.936816524908856,-0.091495965238982027,0.0018092050443764209,primary,random_pauli,128
6,4,0.26000000000000001,0.27000000000000002,165,131,6.5659173754556628,-0.080166551006245576,0.00024274343286279592,primary,random_pauli,128
6,4,0.26000000000000001,0.28000000000000003,165,99,19.848116646415587,-0.10545454545454536,0.00073378930850127606,primary,random_pauli,128
6,4,0.26000000000000001,0.29999999999999999,165,36,28.869987849331679,-0.062323232323232357,0.0010673299032745802,primary,random_pauli,128
6,4,0.27000000000000002,0.28000000000000003,131,99,3.939550425273397,-0.13074253990284515,0.00014564605971767753,primary,random_pauli,128
6,4,0.27000000000000002,0.29999999999999999,131,36,12.89307411907652,-0.056375459428894603,0.00047665983180330635,primary,random_pauli,128
6,4,0.28000000000000003,0.29999999999999999,99,36,4.3304981773997406,-0.019191919191919232,0.00016009948549118664,primary,random_pauli,128
6,5,0.20000000000000001,0.22,13,79,1.705980066445181,-0.072054527750730304,6.3070464345534819e-05,primary,random_pauli,128
6,5,0.20000000000000001,0.23999999999999999,13,163,14.079734219269088,-0.06946672958942901,0.00052053092092770503,primary,random_pauli,128
6,5,0.20000000000000001,0.25,13,157,21.189784053156139,-0.096031357177854007,0.00078339105239311495,primary,random_pauli,128
6,5,0.20000000000000001,0.26000000000000001,13,104,20.212624584717609,-0.072435897435897442,0.00074726524844836268,primary,random_pauli,128
6,5,0.20000000000000001,0.27000000000000002,13,62,16.401162790697679,-0.10287132222616092,0.00060635465405612353,primary,random_pauli,128
6,5,0.20000000000000001,0.28000000000000003,13,24,8.2923588039867138,-0.066826923076923062,0.00030657035833778993,primary,random_pauli,128
6,5,0.22,0.23999999999999999,79,163,21.390365448504962,-0.066878931428127716,0.00079080659140939814,primary,random_pauli,128
6,5,0.22,0.25,79,157,46.356727574750835,-0.11201591012926981,0.0017138185792353999,primary,random_pauli,128
6,5,0.22,0.26000000000000001,79,104,54.591362126245876,-0.072626582278480997,0.0020182548590571173,primary,random_pauli,128
6,5,0.22,0.27000000000000002,79,62,50.851328903654512,-0.11519804001633316,0.001879984994914983,primary,random_pauli,128
6,5,0.22,0.28000000000000003,79,24,28.345514950166141,-0.065084388185653999,0.0010479400229719653,primary,random_pauli,128
6,5,0.23999999999999999,0.25,163,157,10.627491694352177,-0.20228986753155392,0.00039290074320023997,primary,random_pauli,128
6,5,0.23999999999999999,0.26000000000000001,163,104,28.159468438538255,-0.078374233128834292,0.0010410618418554131,primary,random_pauli,128
6,5,0.23999999999999999,0.27000000000000002,163,62,37.771594684385441,-0.14741077907513675,0.0013964242974887509,primary,random_pauli,128
6,5,0.23999999999999999,0.28000000000000003,163,24,25.993355481727619,-0.06418711656441714,0.00096098016171268887,primary,random_pauli,128
6,5,0.25,0.26000000000000001,157,104,6.7807308970099793,0.045541401273885326,0.00025068513676579731,primary,random_pauli,128
6,5,0.25,0.27000000000000002,157,62,16.169435215946873,-0.11997123484692819,0.00059778763382613211,primary,random_pauli,128
6,5,0.25,0.28000000000000003,157,24,14.083056478405339,-0.018152866242038209,0.00052065374559050203,primary,random_pauli,128
6,5,0.26000000000000001,0.27000000000000002,104,62,2.6777408637873799,-0.28548387096774169,9.8996678213244787e-05,primary,random_pauli,128
6,5,0.26000000000000001,0.28000000000000003,104,24,4.1461794019933622,-0.049999999999999975,0.00015328517916889515,primary,random_pauli,128
6,5,0.27000000000000002,0.28000000000000003,62,24,0.61794019933554933,0.18548387096774177,2.2845387279979572e-05,primary,random_pauli,128
6,6,0.20000000000000001,0.22,32,149,9.8309278350515363,-0.032172818791946355,0.00036345159928869998,primary,random_pauli,128
6,6,0.20000000000000001,0.23999999999999999,32,135,35.628865979381402,-0.061967592592592644,0.0013172071383617313,primary,random_pauli,128
6,6,0.20000000000000001,0.25,32,102,42.061855670103078,-0.06318627450980395,0.0015550362050103786,primary,random_pauli,128
6,6,0.20000000000000001,0.26000000000000001,32,50,29.690721649484537,-0.07558333333333335,0.0010976726153014442,primary,random_pauli,128
6,6,0.20000000000000001,0.27000000000000002,32,17,13.740206185567015,-0.10283613445378151,0.00050797849363672402,primary,random_pauli,128
6,6,0.22,0.23999999999999999,149,135,41.474226804123667,-0.091762366393238939,0.001533311434499203,primary,random_pauli,128
6,6,0.22,0.25,149,102,70.506185567010306,-0.083861911655042351,0.0026066294386486479,primary,random_pauli,128
6,6,0.22,0.26000000000000001,149,50,61.443298969072195,-0.097288590604026823,0.0022715724955543783,primary,random_pauli,128
6,6,0.22,0.27000000000000002,149,17,32.641752577319615,-0.13110146071851556,0.001206772888263264,primary,random_pauli,128
6,6,0.23999999999999999,0.25,135,102,7.097938144329909,-0.068061002178649188,0.00026241235959550193,primary,random_pauli,128
6,6,0.23999999999999999,0.26000000000000001,135,50,13.917525773195901,-0.10281481481481473,0.00051453403842255288,primary,random_pauli,128
6,6,0.23999999999999999,0.27000000000000002,135,17,10.646907216494865,-0.15732752360203328,0.00039361853939325297,primary,random_pauli,128
6,6,0.25,0.26000000000000001,102,50,2.6288659793814477,-0.13756862745098031,9.7189762813148863e-05,primary,random_pauli,128
6,6,0.25,0.27000000000000002,102,17,3.5752577319587693,-0.20196078431372533,0.00013217807742588246,primary,random_pauli,128
6,6,0.26000000000000001,0.27000000000000002,50,17,0.43814432989690799,-0.2663529411764704,1.6198293802191478e-05,primary,random_pauli,128
6,7,0.20000000000000001,0.22,59,177,26.572519083969436,-0.099435028248587659,0.00098239196953148655,primary,random_pauli,128
6,7,0.20000000000000001,0.23999999999999999,59,98,58.849872773536823,-0.072414389484607461,0.0021756929494708629,primary,random_pauli,128
6,7,0.20000000000000001,0.25,59,47,44.09987277353688,-0.11196538045438158,0.0016303821528241493,primary,random_pauli,128
6,7,0.20000000000000001,0.26000000000000001,59,12,16.213740458015266,-0.056779661016949166,0.00059942560852768744,primary,random_pauli,128
6,7,0.22,0.23999999999999999,177,98,44.137404580152626,-0.045393750720627263,0.0016317697121031474,primary,random_pauli,128
6,7,0.22,0.25,177,47,47.627862595419842,-0.12031894859157753,0.0017608127250500817,primary,random_pauli,128
6,7,0.22,0.26000000000000001,177,12,21.618320610687029,-0.035451977401129937,0.00079923414470358344,primary,random_pauli,128
6,7,0.23999999999999999,0.25,98,47,2.930025445292626,-0.27016934433347789,0.00010832369557746913,primary,random_pauli,128
6,7,0.23999999999999999,0.26000000000000001,98,12,2.9923664122137459,-0.025510204081632636,0.00011062845505784083,primary,random_pauli,128
6,7,0.25,0.26000000000000001,47,12,0.35877862595419913,0.21914893617021258,1.3264125989077854e-05,primary,random_pauli,128
6,8,0.20000000000000001,0.22,121,150,52.456647398843877,-0.049289256198347134,0.0019393339784731811,primary,random_pauli,128
6,8,0.20000000000000001,0.23999999999999999,121,56,78.335260115606857,-0.10050177095631647,0.0028960720745199505,primary,random_pauli,128
6,8,0.20000000000000001,0.25,121,19,41.52817919075143,-0.17558938668986523,0.0015353060662912693,primary,random_pauli,128
6,8,0.22,0.23999999999999999,150,56,24.277456647398814,-0.15171428571428583,0.0008975429983016373,primary,random_pauli,128
6,8,0.22,0.25,150,19,18.533236994219653,-0.25978947368421057,0.00068517791388205426,primary,random_pauli,128
6,8,0.23999999999999999,0.25,56,19,0.76878612716763139,-0.47593984962405977,2.8422194946218599e-05,primary,random_pauli,128
6,9,0.20000000000000001,0.22,143,103,56.868725868725811,-0.087894629642202515,0.0021024495056107496,primary,random_pauli,128
6,9,0.20000000000000001,0.23999999999999999,143,13,28.710424710424682,-0.15664335664335674,0.0010614308183665921,primary,random_pauli,128
6,9,0.22,0.23999999999999999,103,13,5.1698841698841642,-0.22539208364451097,0.00019113177323734087,primary,random_pauli,128
8,0,0.26000000000000001,0.27000000000000002,13,39,0.26296680497925357,0.061538461538461486,9.7219415535510689e-06,primary,random_pauli,128
8,0,0.26000000000000001,0.28000000000000003,13,47,1.2676348547717864,0.072013093289688954,4.6864743899169258e-05,primary,random_pauli,128
8,0,0.26000000000000001,0.29999999999999999,13,114,12.298755186721978,0.010661268556005387,0.00045468772804300257,primary,random_pauli,128
8,0,0.26000000000000001,0.34000000000000002,13,269,116.08298755186728,0.0015870746354017663,0.0042916139945111537,primary,random_pauli,128
8,0,0.27000000000000002,0.28000000000000003,39,47,0.9507261410788399,0.082487725040916435,3.5148557924376949e-05,primary,random_pauli,128
8,0,0.27000000000000002,0.29999999999999999,39,114,20.754149377593315,-0.0062977957714800111,0.00076728554107256602,primary,random_pauli,128
8,0,0.27000000000000002,0.34000000000000002,39,269,266.62811203319507,-0.0069774092078924857,0.0098573008936428032,primary,random_pauli,128
8,0,0.28000000000000003,0.29999999999999999,47,114,11.116182572614065,-0.050690556177678356,0.00041096775419271271,primary,random_pauli,128
8,0,0.28000000000000003,0.34000000000000002,47,269,236.07261410788385,-0.021888264916027318,0.0087276573061452773,primary,random_pauli,128
8,0,0.29999999999999999,0.34000000000000002,114,269,254.48962655601704,-0.0074871192852018417,0.0094085383725821571,primary,random_pauli,128
8,1,0.25,0.26000000000000001,33,61,0.51091370558375726,-0.068355688027819161,1.8888593885396897e-05,primary,random_pauli,128
8,1,0.25,0.27000000000000002,33,124,4.1543147208121898,-0.048191593352883658,0.00015358594372388295,primary,random_pauli,128
8,1,0.25,0.28000000000000003,33,184,13.870050761421345,-0.03680281071585418,0.00051277887662651246,primary,random_pauli,128
8,1,0.25,0.29999999999999999,33,261,54.651015228426374,-0.039066527342389433,0.0020204602475772863,primary,random_pauli,128
8,1,0.25,0.34000000000000002,33,322,218.4532994923859,-0.03932074366856976,0.0080762673068675607,primary,random_pauli,128
8,1,0.26000000000000001,0.27000000000000002,61,124,1.9197969543147244,-0.028027498677948157,7.0975322478461066e-05,primary,random_pauli,128
8,1,0.26000000000000001,0.28000000000000003,61,184,11.394923857868042,-0.021026372059871689,0.00042127288180763992,primary,random_pauli,128
8,1,0.26000000000000001,0.29999999999999999,61,261,64.653807106598904,-0.031744237171031996,0.0023902656989520364,primary,random_pauli,128
8,1,0.26000000000000001,0.34000000000000002,61,322,319.05786802030468,-0.035691375623663577,0.011795640690613899,primary,random_pauli,128
8,1,0.27000000000000002,0.28000000000000003,124,184,5.7908629441624475,-0.014025245441795219,0.00021408949731207928,primary,random_pauli,128
8,1,0.27000000000000002,0.29999999999999999,124,261,73.927918781725737,-0.032983150002059938,0.0027331316803590883,primary,random_pauli,128
8,1,0.27000000000000002,0.34000000000000002,124,322,496.56649746192909,-0.036786215187337205,0.018358174394510769,primary,random_pauli,128
8,1,0.28000000000000003,0.29999999999999999,184,261,48.755329949238394,-0.042462102282192327,0.0018024954451113671,primary,random_pauli,128
8,1,0.28000000000000003,0.34000000000000002,184,322,541.3522842639594,-0.04057971014492754,0.020013914942271116,primary,random_pauli,128
8,1,0.29999999999999999,0.34000000000000002,261,322,341.28730964467064,-0.039638514076295157,0.012617468115779639,primary,random_pauli,128
8,2,0.23999999999999999,0.25,46,84,0.82847341337907532,0.026501035196687259,3.0628847257652023e-05,primary,random_pauli,128
8,2,0.23999999999999999,0.26000000000000001,46,146,5.7598627787307137,-0.067897558070279862,0.00021294341426748549,primary,random_pauli,128
8,2,0.23999999999999999,0.27000000000000002,46,212,18.818181818181849,-0.054388843314191901,0.00069571238770952434,primary,random_pauli,128
8,2,0.23999999999999999,0.28000000000000003,46,253,39.924528301886866,-0.036166007905138305,0.0014760187345116116,primary,random_pauli,128
8,2,0.23999999999999999,0.29999999999999999,46,260,92.315608919382498,-0.056120401337792648,0.0034129286944240759,primary,random_pauli,128
8,2,0.23999999999999999,0.34000000000000002,46,165,162.73584905660388,-0.045159420289855062,0.0060163807113244976,primary,random_pauli,128
8,2,0.25,0.26000000000000001,84,146,2.629502572898804,-0.16229615133724698,9.7213297817765111e-05,primary,random_pauli,128
8,2,0.25,0.27000000000000002,84,212,15.272727272727302,-0.094833782569631486,0.00056463614074975905,primary,random_pauli,128
8,2,0.25,0.28000000000000003,84,253,41.009433962264225,-0.057055022272413498,0.0015161279392537749,primary,random_pauli,128
8,2,0.25,0.29999999999999999,84,260,117.06689536878211,-0.072644688644688649,0.0043279892864073414,primary,random_pauli,128
8,2,0.25,0.34000000000000002,84,165,240.70754716981142,-0.053121693121693112,0.0088990118173591023,primary,random_pauli,128
8,2,0.26000000000000001,0.27000000000000002,146,212,6.6363636363636491,-0.027371413802015996,0.00024534784687340721,primary,random_pauli,128
8,2,0.26000000000000001,0.28000000000000003,146,253,31.679245283018926,-0.0044344577399967567,0.0011711887784711702,primary,random_pauli,128
8,2,0.26000000000000001,0.29999999999999999,146,260,130.22298456260702,-0.050231822971549045,0.0048143728443083523,primary,random_pauli,128
8,2,0.26000000000000001,0.34000000000000002,146,165,330.56603773584919,-0.039474885844748862,0.012221100297090453,primary,random_pauli,128
8,2,0.27000000000000002,0.28000000000000003,212,253,11.500000000000021,0.018502498322022481,0.00042515757026693167,primary,random_pauli,128
8,2,0.27000000000000002,0.29999999999999999,212,260,106.36363636363615,-0.05785195936139341,0.0039322874087929496,primary,random_pauli,128
8,2,0.27000000000000002,0.34000000000000002,212,165,367.50000000000011,-0.041203953279424985,0.013586557136791055,primary,random_pauli,128
8,2,0.28000000000000003,0.29999999999999999,253,260,56.415094339622428,-0.096029188203101454,0.0020856786465924832,primary,random_pauli,128
8,2,0.28000000000000003,0.34000000000000002,253,165,322.21698113207549,-0.051155028546332908,0.011912433808422497,primary,random_pauli,128
8,2,0.29999999999999999,0.34000000000000002,260,165,147.169811320755,-0.02871794871794869,0.0054409008171978131,primary,random_pauli,128
8,3,0.22,0.23999999999999999,23,103,2.2160898035547212,-0.0065850569860701237,8.1929335336751769e-05,primary,random_pauli,128
8,3,0.22,0.25,23,168,8.1328344246959769,-0.069461697722567314,0.00030067270638147776,primary,random_pauli,128
8,3,0.22,0.26000000000000001,23,219,18.847521047708145,-0.063748262854873936,0.00069679706558247248,primary,random_pauli,128
8,3,0.22,0.27000000000000002,23,218,29.314780168381684,-0.052253689668926996,0.0010837739747215972,primary,random_pauli,128
8,3,0.22,0.28000000000000003,23,181,35.04864359214222,-0.059796621026503315,0.001295756187024941,primary,random_pauli,128
8,3,0.22,0.29999999999999999,23,120,41.309635173058922,-0.074619565217391326,0.0015272264451122676,primary,random_pauli,128
8,3,0.22,0.34000000000000002,23,37,28.658559401309649,-0.063102232667450062,0.0010595133462966365,primary,random_pauli,128
8,3,0.23999999999999999,0.25,103,168,4.0467726847521117,-0.19521497919556152,0.00014961009061493846,primary,random_pauli,128
8,3,0.23999999999999999,0.26000000000000001,103,219,21.101028999064582,-0.12091146872367768,0.00078010975820646481,primary,random_pauli,128
8,3,0.23999999999999999,0.27000000000000002,103,218,47.260523854069305,-0.082699444790831536,0.0017472321296816027,primary,random_pauli,128
8,3,0.23999999999999999,0.28000000000000003,103,181,69.758652946679248,-0.086402403046719867,0.0025789929906003674,primary,random_pauli,128
8,3,0.23999999999999999,0.29999999999999999,103,120,104.0598690364827,-0.097297734627831714,0.0038471166158126967,primary,random_pauli,128
8,3,0.23999999999999999,0.34000000000000002,103,37,89.125350795135702,-0.074405667803726039,0.0032949841385432844,primary,random_pauli,128
8,3,0.25,0.26000000000000001,168,219,8.6043030869972075,-0.046607958251793855,0.00031810300820069438,primary,random_pauli,128
8,3,0.25,0.27000000000000002,168,218,34.260056127221759,-0.026441677588466554,0.0012666019321963722,primary,random_pauli,128
8,3,0.25,0.28000000000000003,168,181,64.001870907390213,-0.050131544330439329,0.0023661634719585908,primary,random_pauli,128
8,3,0.25,0.29999999999999999,168,120,117.86716557530397,-0.077714285714285736,0.0043575754548040233,primary,random_pauli,128
8,3,0.25,0.34000000000000002,168,37,117.74929840972875,-0.060982410982410973,0.0043532178793492231,primary,random_pauli,128
8,3,0.26000000000000001,0.27000000000000002,219,218,11.16510757717495,-0.0062753969251392542,0.00041277652254613923,primary,random_pauli,128
8,3,0.26000000000000001,0.28000000000000003,219,181,37.080449017773688,-0.051893337369762059,0.0013708724877220402,primary,random_pauli,128
8,3,0.26000000000000001,0.29999999999999999,219,120,98.33489242282495,-0.085490867579908716,0.0036354629508650684,primary,random_pauli,128
8,3,0.26000000000000001,0.34000000000000002,219,37,121.27970065481765,-0.062779217573738111,0.0044837376394002582,primary,random_pauli,128
8,3,0.27000000000000002,0.28000000000000003,218,181,9.2277829747427678,-0.097511277814384872,0.00034115319899932057,primary,random_pauli,128
8,3,0.27000000000000002,0.29999999999999999,218,120,55.060804490177624,-0.11189602446483193,0.0020356102481727334,primary,random_pauli,128
8,3,0.27000000000000002,0.34000000000000002,218,37,92.430776426566908,-0.070851191952109371,0.0034171864629047909,primary,random_pauli,128
8,3,0.28000000000000003,0.29999999999999999,181,120,20.318054256314234,-0.11908839779005548,0.00075116300697097675,primary,random_pauli,128
8,3,0.28000000000000003,0.34000000000000002,181,37,56.382600561272213,-0.066407844308396788,0.0020844773443444682,primary,random_pauli,128
8,3,0.29999999999999999,0.34000000000000002,120,37,16.613657623947642,-0.040067567567567526,0.00061421063553428266,primary,random_pauli,128
8,4,0.22,0.23999999999999999,48,159,9.0319526627218831,0.003616352201257863,0.00033391330859554541,primary,random_pauli,128
8,4,0.22,0.25,48,190,24.284023668639055,-0.031754385964912292,0.00089778578254462796,primary,random_pauli,128
8,4,0.22,0.26000000000000001,48,193,43.853254437869836,-0.038277202072538867,0.0016212646178349775,primary,random_pauli,128
8,4,0.22,0.27000000000000002,48,125,44.378698224852101,-0.065519999999999995,0.0016406903920771719,primary,random_pauli,128
8,4,0.22,0.28000000000000003,48,93,47.545562130177558,-0.056182795698924717,0.0017577700584557993,primary,random_pauli,128
8,4,0.22,0.29999999999999999,48,37,33.628402366863888,-0.057263513513513532,0.0012432495515003962,primary,random_pauli,128
8,4,0.23999999999999999,0.25,159,190,8.9378698224852204,-0.10249586229725251,0.0003304350449643427,primary,random_pauli,128
8,4,0.23999999999999999,0.26000000000000001,159,193,36.315976331361021,-0.080170756346335539,0.0013426097616445931,primary,random_pauli,128
8,4,0.23999999999999999,0.27000000000000002,159,125,52.921597633136194,-0.11161090146750516,0.0019565232925520299,primary,random_pauli,128
8,4,0.23999999999999999,0.28000000000000003,159,93,69.997633136094791,-0.086082369649015958,0.0025878281416154844,primary,random_pauli,128
8,4,0.23999999999999999,0.29999999999999999,159,37,62.659171597633133,-0.077556802085103974,0.0023165235783815987,primary,random_pauli,128
8,4,0.25,0.26000000000000001,190,193,10.849112426035521,-0.057845650395418564,0.00040109411118313302,primary,random_pauli,128
8,4,0.25,0.27000000000000002,190,125,28.106508875739696,-0.11616842105263149,0.00103910391498221,primary,random_pauli,128
8,4,0.25,0.28000000000000003,190,93,47.050295857988246,-0.080611205432937108,0.0017394599536802195,primary,random_pauli,128
8,4,0.25,0.29999999999999999,190,37,51.997041420118322,-0.072568990042674267,0.0019223422427170843,primary,random_pauli,128
8,4,0.26000000000000001,0.27000000000000002,193,125,7.1375739644970535,-0.1744911917098444,0.00026387770472574541,primary,random_pauli,128
8,4,0.26000000000000001,0.28000000000000003,193,93,21.241420118343232,-0.091993982951696376,0.00078530004926381835,primary,random_pauli,128
8,4,0.26000000000000001,0.29999999999999999,193,37,33.803550295857946,-0.076249824954488205,0.0012497248095811265,primary,random_pauli,128
8,4,0.27000000000000002,0.28000000000000003,125,93,3.4393491124260418,-0.0094967741935483522,0.00012715350538598097,primary,random_pauli,128
8,4,0.27000000000000002,0.29999999999999999,125,37,12.315088757396424,-0.04350270270270274,0.00045529158380141392,primary,random_pauli,128
8,4,0.28000000000000003,0.29999999999999999,93,37,4.0721893491124099,-0.060505666957279977,0.00015054975037700059,primary,random_pauli,128
8,5,0.22,0.23999999999999999,100,169,26.825396825396798,-0.074390532544378773,0.0009917409161506038,primary,random_pauli,128
8,5,0.22,0.25,100,160,57.142857142857139,-0.079500000000000029,0.0021125842000841283,primary,random_pauli,128
8,5,0.22,0.26000000000000001,100,103,65.39682539682542,-0.10370873786407767,0.0024177352512073924,primary,random_pauli,128
8,5,0.22,0.27000000000000002,100,63,62.500000000000043,-0.091707936507936488,0.0023106389688420173,primary,random_pauli,128
8,5,0.22,0.28000000000000003,100,35,50.00000000000005,-0.075999999999999984,0.0018485111750736142,primary,random_pauli,128
8,5,0.23999999999999999,0.25,169,160,10.730158730158747,-0.089718934911242526,0.00039669636646024251,primary,random_pauli,128
8,5,0.23999999999999999,0.26000000000000001,169,103,27.630158730158779,-0.13302694318377653,0.0010214931436351247,primary,random_pauli,128
8,5,0.23999999999999999,0.27000000000000002,169,63,38.025000000000063,-0.10325287248364162,0.0014057927486434846,primary,random_pauli,128
8,5,0.23999999999999999,0.28000000000000003,169,35,37.555555555555628,-0.07680473372781059,0.0013884372826108494,primary,random_pauli,128
8,5,0.25,0.26000000000000001,160,103,6.539682539682552,-0.17633495145631051,0.00024177352512073959,primary,random_pauli,128
8,5,0.25,0.27000000000000002,160,63,16.000000000000028,-0.11001984126984117,0.00059152357602355703,primary,random_pauli,128
8,5,0.25,0.28000000000000003,160,35,20.000000000000039,-0.072499999999999939,0.00073940447002944639,primary,random_pauli,128
8,5,0.26000000000000001,0.27000000000000002,103,63,2.5750000000000046,-0.04370473108337182,9.5198325516291214e-05,primary,random_pauli,128
8,5,0.26000000000000001,0.28000000000000003,103,35,5.722222222222233,-0.020582524271844659,0.00021155183448064716,primary,random_pauli,128
8,5,0.27000000000000002,0.28000000000000003,63,35,0.87500000000000155,0.0025396825396825063,3.2348945563788275e-05,primary,random_pauli,128
8,6,0.20000000000000001,0.22,38,132,9.9721669980119181,-0.097607655502392407,0.00036867324271050618,primary,random_pauli,128
8,6,0.20000000000000001,0.23999999999999999,38,163,49.256461232604316,-0.053907006780755599,0.0018210223806609848,primary,random_pauli,128
8,6,0.20000000000000001,0.25,38,103,48.633200795228611,-0.054471129279509464,0.0017979803029915795,primary,random_pauli,128
8,6,0.20000000000000001,0.26000000000000001,38,51,34.675944333996028,-0.058857929136566921,0.0012819774121524434,primary,random_pauli,128
8,6,0.20000000000000001,0.27000000000000002,38,16,14.807157057654077,-0.043796992481203008,0.00054742390584287348,primary,random_pauli,128
8,6,0.22,0.23999999999999999,132,163,42.775347912524808,-0.010206358059118797,0.0015814141726792764,primary,random_pauli,128
8,6,0.22,0.25,132,103,60.81709741550695,-0.025713445130920869,0.002248421684162102,primary,random_pauli,128
8,6,0.22,0.26000000000000001,132,51,53.534791252485121,-0.039483065953654188,0.0019791931977090364,primary,random_pauli,128
8,6,0.22,0.27000000000000002,132,16,26.242544731610359,-0.022272727272727274,0.00097019274397501802,primary,random_pauli,128
8,6,0.23999999999999999,0.25,163,103,8.3444333996023996,-0.056727619274524972,0.00030849556777645058,primary,random_pauli,128
8,6,0.23999999999999999,0.26000000000000001,163,51,16.526838966202813,-0.068759773848189543,0.00061100093035335859,primary,random_pauli,128
8,6,0.23999999999999999,0.27000000000000002,163,16,11.666003976143161,-0.030316973415132911,0.00043129477436707657,primary,random_pauli,128
8,6,0.25,0.26000000000000001,103,51,2.6108349900596468,-0.080791928421854106,9.6523153107969212e-05,primary,random_pauli,128
8,6,0.25,0.27000000000000002,103,16,3.2763419483101455,-0.017111650485436884,0.00012112709409627512,primary,random_pauli,128
8,6,0.26000000000000001,0.27000000000000002,51,16,0.405566600397615,0.046568627450980338,1.4993887861432109e-05,primary,random_pauli,128
8,7,0.20000000000000001,0.22,74,170,32.173913043478215,-0.083751987281399085,0.0011894767561343228,primary,random_pauli,128
8,7,0.20000000000000001,0.23999999999999999,74,102,77.217391304347743,-0.089719130895601545,0.0028547442147223759,primary,random_pauli,128
8,7,0.20000000000000001,0.25,74,35,41.400255754475687,-0.091181467181467205,0.0015305767082610788,primary,random_pauli,128
8,7,0.20000000000000001,0.26000000000000001,74,10,17.033248081841432,-0.056936936936936945,0.00062972298854170117,primary,random_pauli,128
8,7,0.22,0.23999999999999999,170,102,44.347826086956481,-0.095686274509803992,0.0016395490422392025,primary,random_pauli,128
8,7,0.22,0.25,170,35,34.239130434782609,-0.096134453781512627,0.0012658283046699738,primary,random_pauli,128
8,7,0.22,0.26000000000000001,170,10,17.391304347826093,-0.043529411764705886,0.00064296040872125675,primary,random_pauli,128
8,7,0.23999999999999999,0.25,102,35,2.2826086956521783,-0.09703081232492991,8.4388553644665072e-05,primary,random_pauli,128
8,7,0.23999999999999999,0.26000000000000001,102,10,2.6086956521739175,0.0086274509803921443,9.6444061308188642e-05,primary,random_pauli,128
8,7,0.25,0.26000000000000001,35,10,0.22378516624040959,0.1142857142857142,8.2733876122220639e-06,primary,random_pauli,128
8,8,0.20000000000000001,0.22,120,120,48.813559322033839,-0.050000000000000044,0.0018046481980379652,primary,random_pauli,128
8,8,0.20000000000000001,0.23999999999999999,120,38,61.830508474576199,-0.088421052631579011,0.0022858877175147558,primary,random_pauli,128
8,8,0.20000000000000001,0.25,120,17,43.22033898305083,-0.023058823529411764,0.0015978655920127829,primary,random_pauli,128
8,8,0.22,0.23999999999999999,120,38,15.45762711864405,-0.12684210526315798,0.00057147192937868896,primary,random_pauli,128
8,8,0.22,0.25,120,17,15.559322033898306,-0.0050980392156862548,0.00057523161312460214,primary,random_pauli,128
8,8,0.23999999999999999,0.25,38,17,0.54745762711864498,0.23839009287925683,2.023963083216196e-05,primary,random_pauli,128
10,0,0.26000000000000001,0.27000000000000002,21,39,0.41363636363636441,-0.093772893772893801,1.529222881197264e-05,primary,random_pauli,128
10,0,0.26000000000000001,0.28000000000000003,21,66,2.8000000000000052,-0.023809523809523815,0.00010351662580412249,primary,random_pauli,128
10,0,0.26000000000000001,0.29999999999999999,21,125,21.21212121212119,-0.013104761904761904,0.00078421686215244082,primary,random_pauli,128
10,0,0.26000000000000001,0.34000000000000002,21,244,165.62424242424248,-0.012099921935987506,0.0061231652596862663,primary,random_pauli,128
10,0,0.27000000000000002,0.28000000000000003,39,66,1.3000000000000023,0.04615384615384617,4.806129055191401e-05,primary,random_pauli,128
10,0,0.27000000000000002,0.29999999999999999,39,125,22.15909090909086,0.013784615384615447,0.00081922654349853095,primary,random_pauli,128
10,0,0.27000000000000002,0.34000000000000002,39,244,235.49696969696973,-0.00043235453071517003,0.0087063756036164074,primary,random_pauli,128
10,0,0.28000000000000003,0.29999999999999999,66,125,16.666666666666604,-0.0023999999999999621,0.0006161703916912018,primary,random_pauli,128
10,0,0.28000000000000003,0.34000000000000002,66,244,292.79999999999995,-0.0081967213114753999,0.010824881441231072,primary,random_pauli,128
10,0,0.29999999999999999,0.34000000000000002,125,244,246.46464646464693,-0.011095081967213111,0.0091118530650093395,primary,random_pauli,128
10,1,0.23999999999999999,0.25,11,43,0.1201727642276425,0.021987315010570808,4.4428139522856727e-06,primary,random_pauli,128
10,1,0.23999999999999999,0.26000000000000001,11,66,0.73780487804878181,-0.072727272727272654,2.7276811241939938e-05,primary,random_pauli,128
10,1,0.23999999999999999,0.27000000000000002,11,120,3.0182926829268348,0.001515151515151542,0.0001115869550806634,primary,random_pauli,128
10,1,0.23999999999999999,0.28000000000000003,11,173,7.7357723577235911,-0.031739358906988938,0.0002859932330215521,primary,random_pauli,128
10,1,0.23999999999999999,0.29999999999999999,11,244,24.54878048780488,-0.029706905116741178,0.00090757390132272734,primary,random_pauli,128
10,1,0.23999999999999999,0.34000000000000002,11,327,91.387195121951294,-0.028490408673894903,0.0033786050288311937,primary,random_pauli,128
10,1,0.25,0.26000000000000001,43,66,0.72103658536585502,-0.16744186046511614,2.6656883713714033e-05,primary,random_pauli,128
10,1,0.25,0.27000000000000002,43,120,5.2439024390243993,-0.0087209302325580926,0.0001938682451906475,primary,random_pauli,128
10,1,0.25,0.28000000000000003,43,173,17.009908536585396,-0.049648250212842186,0.00062886012033716283,primary,random_pauli,128
10,1,0.25,0.29999999999999999,43,244,66.641260162601597,-0.040045749142203588,0.0024637422826311399,primary,random_pauli,128
10,1,0.25,0.34000000000000002,43,327,289.36509146341473,-0.034099044638835542,0.010697892104926401,primary,random_pauli,128
10,1,0.26000000000000001,0.27000000000000002,66,120,2.0121951219512231,0.14999999999999994,7.4391303387108919e-05,primary,random_pauli,128
10,1,0.26000000000000001,0.28000000000000003,66,173,11.603658536585387,0.0092485549132947844,0.00042898984953232817,primary,random_pauli,128
10,1,0.26000000000000001,0.29999999999999999,66,244,65.463414634146261,-0.0081967213114754103,0.0024201970701939364,primary,random_pauli,128
10,1,0.26000000000000001,0.34000000000000002,66,327,350.92682926829281,-0.017431192660550456,0.012973843310711778,primary,random_pauli,128
10,1,0.27000000000000002,0.28000000000000003,120,173,5.2743902439024479,-0.13150289017341038,0.00019499538615105823,primary,random_pauli,128
10,1,0.27000000000000002,0.29999999999999999,120,244,66.951219512194982,-0.060928961748633964,0.0024752015490619784,primary,random_pauli,128
10,1,0.27000000000000002,0.34000000000000002,120,327,488.50609756097572,-0.041349934469200531,0.01806017960866128,primary,random_pauli,128
10,1,0.28000000000000003,0.29999999999999999,173,244,42.898373983739681,-0.025641997536245652,0.0015859624740285985,primary,random_pauli,128
10,1,0.28000000000000003,0.34000000000000002,173,327,517.41768292682923,-0.026324441851832209,0.019129047381418778,primary,random_pauli,128
10,1,0.29999999999999999,0.34000000000000002,244,327,324.34146341463469,-0.02666566400962549,0.011990976393233628,primary,random_pauli,128
10,2,0.23999999999999999,0.25,50,94,0.94834543987086539,-0.08170212765957445,3.5060542868627906e-05,primary,random_pauli,128
10,2,0.23999999999999999,0.26000000000000001,50,178,7.1832122679580435,-0.065617977528089844,0.00026556496300492622,primary,random_pauli,128
10,2,0.23999999999999999,0.27000000000000002,50,220,19.975786924939502,-0.064848484848484822,0.00073850930723280044,primary,random_pauli,128
10,2,0.23999999999999999,0.28000000000000003,50,255,41.162227602905638,-0.056274509803921534,0.0015217767542978918,primary,random_pauli,128
10,2,0.23999999999999999,0.29999999999999999,50,251,91.16222760290556,-0.049482071713147426,0.0033702879293715012,primary,random_pauli,128
10,2,0.23999999999999999,0.34000000000000002,50,191,192.69572235673945,-0.049905759162303658,0.0071240039233063006,primary,random_pauli,128
10,2,0.25,0.26000000000000001,94,178,3.3761097659402806,-0.049533827396605237,0.00012481553261231533,primary,random_pauli,128
10,2,0.25,0.27000000000000002,94,220,16.690879741727226,-0.056421663442940008,0.0006170655544878509,primary,random_pauli,128
10,2,0.25,0.28000000000000003,94,255,43.52905569007271,-0.047798637185370564,0.0016092789176700205,primary,random_pauli,128
10,2,0.25,0.29999999999999999,94,251,119.01735270379335,-0.043038060523862012,0.0044000981300127929,primary,random_pauli,128
10,2,0.25,0.34000000000000002,94,191,293.43704600484273,-0.046372829329273571,0.010848433174410831,primary,random_pauli,128
10,2,0.26000000000000001,0.27000000000000002,178,220,7.9015334947538483,-0.063309499489274779,0.00029212145930541884,primary,random_pauli,128
10,2,0.26000000000000001,0.28000000000000003,178,255,36.634382566586027,-0.046931042079753224,0.0013543813113251239,primary,random_pauli,128
10,2,0.26000000000000001,0.29999999999999999,178,251,144.23890234059709,-0.041414118805676206,0.0053325444571389029,primary,random_pauli,128
10,2,0.26000000000000001,0.34000000000000002,178,191,439.03793381759505,-0.045977704570857113,0.016231330538861069,primary,random_pauli,128
10,2,0.27000000000000002,0.28000000000000003,220,255,11.319612590799053,-0.030552584670231669,0.00041848860743192031,primary,random_pauli,128
10,2,0.27000000000000002,0.29999999999999999,220,251,100.27845036319592,-0.034115658577810001,0.0037073167223086439,primary,random_pauli,128
10,2,0.27000000000000002,0.34000000000000002,220,191,415.45197740113002,-0.043501733868226013,0.015359352458648374,primary,random_pauli,128
10,2,0.28000000000000003,0.29999999999999999,255,251,51.658595641646293,-0.035897195531599174,0.0019098298266438437,primary,random_pauli,128
10,2,0.28000000000000003,0.34000000000000002,255,191,353.78934624697342,-0.045659925401225071,0.01307967120319036,primary,random_pauli,128
10,2,0.29999999999999999,0.34000000000000002,251,191,154.77320419693331,-0.050541290336038013,0.0057219999511996271,primary,random_pauli,128
10,3,0.22,0.23999999999999999,15,98,1.4554455445544536,-0.0001360544217687277,5.3808147076400135e-05,primary,random_pauli,128
10,3,0.22,0.25,15,177,5.9146039603960396,-0.054689265536723174,0.00021866423033853449,primary,random_pauli,128
10,3,0.22,0.26000000000000001,15,191,11.34653465346535,-0.036369982547993014,0.00041948392210581391,primary,random_pauli,128
10,3,0.22,0.27000000000000002,15,197,18.285891089108922,-0.047620981387478847,0.00067603348048793669,primary,random_pauli,128
10,3,0.22,0.28000000000000003,15,174,23.257425742574277,-0.062528735632183891,0.00085983222777186522,primary,random_pauli,128
10,3,0.22,0.29999999999999999,15,128,30.4158415841584,-0.04924479166666669,0.0011244804613517098,primary,random_pauli,128
10,3,0.22,0.34000000000000002,15,30,16.039603960396047,-0.064444444444444443,0.00059298774329094128,primary,random_pauli,128
10,3,0.23999999999999999,0.25,98,177,4.2935643564356507,-0.16379568776663192,0.00015873403387538086,primary,random_pauli,128
10,3,0.23999999999999999,0.26000000000000001,98,191,18.532673267326768,-0.072603910674217245,0.00068515707277283055,primary,random_pauli,128
10,3,0.23999999999999999,0.27000000000000002,98,197,43.008415841584231,-0.079277599364618881,0.0015900307461076287,primary,random_pauli,128
10,3,0.23999999999999999,0.28000000000000003,98,174,67.532673267326842,-0.09372507623739143,0.0024966980243449734,primary,random_pauli,128
10,3,0.23999999999999999,0.29999999999999999,98,128,111.77821782178219,-0.06561437074829933,0.0041324656954675361,primary,random_pauli,128
10,3,0.23999999999999999,0.34000000000000002,98,30,72.772277227722824,-0.077306122448979567,0.002690407353820012,primary,random_pauli,128
10,3,0.25,0.26000000000000001,177,191,8.3680693069307068,0.018587866418197412,0.00030936939255303818,primary,random_pauli,128
10,3,0.25,0.27000000000000002,177,197,34.523762376237677,-0.037018555163612361,0.0012763512111612257,primary,random_pauli,128
10,3,0.25,0.28000000000000003,177,174,68.609405940594186,-0.0703682057276446,0.0025365050719270048,primary,random_pauli,128
10,3,0.25,0.29999999999999999,177,128,140.19801980198014,-0.045978107344632785,0.0051831521265430381,primary,random_pauli,128
10,3,0.25,0.34000000000000002,177,30,106.46287128712876,-0.067696170747018197,0.0039359561460936224,primary,random_pauli,128
10,3,0.26000000000000001,0.27000000000000002,191,197,9.3136138613861572,-0.092624976745422138,0.0003443263860618562,primary,random_pauli,128
10,3,0.26000000000000001,0.28000000000000003,191,174,32.904950495049562,-0.11484624180056562,0.0012165033741068621,primary,random_pauli,128
10,3,0.26000000000000001,0.29999999999999999,191,128,96.823762376237511,-0.062119600785340366,0.0035795961353029403,primary,random_pauli,128
10,3,0.26000000000000001,0.34000000000000002,191,30,90.772277227722796,-0.078481675392670161,0.0033558713768465113,primary,random_pauli,128
10,3,0.27000000000000002,0.28000000000000003,197,174,8.4846534653465486,-0.13706750685570912,0.00031367953494640291,primary,random_pauli,128
10,3,0.27000000000000002,0.29999999999999999,197,128,56.174257425742461,-0.051951142131979745,0.002076774852058936,primary,random_pauli,128
10,3,0.27000000000000002,0.34000000000000002,197,30,71.68069306930694,-0.076461203770848446,0.0026500512435127105,primary,random_pauli,128
10,3,0.28000000000000003,0.29999999999999999,174,128,22.051485148514764,-0.0093929597701149538,0.00081524833447998676,primary,random_pauli,128
10,3,0.28000000000000003,0.34000000000000002,174,30,46.514851485148519,-0.066360153256704982,0.0017196644555437291,primary,random_pauli,128
10,3,0.29999999999999999,0.34000000000000002,128,30,15.207920792079236,-0.094843749999999921,0.00056224023067585622,primary,random_pauli,128
10,4,0.22,0.23999999999999999,51,163,9.5993071593533372,-0.045182244677011957,0.00035488853114057557,primary,random_pauli,128
10,4,0.22,0.25,51,201,26.633660508083139,-0.024114720515071724,0.00098465238164616858,primary,random_pauli,128
10,4,0.22,0.26000000000000001,51,178,41.930715935334888,-0.059021810971579637,0.0015501879397060749,primary,random_pauli,128
10,4,0.22,0.27000000000000002,51,126,46.377020785219429,-0.021064425770308124,0.0017145688237619862,primary,random_pauli,128
10,4,0.22,0.28000000000000003,51,106,56.182448036951556,-0.050647428782833868,0.0020770776607859499,primary,random_pauli,128
10,4,0.22,0.29999999999999999,51,41,38.632794457274812,-0.084361549497847937,0.001428263045571888,primary,random_pauli,128
10,4,0.23999999999999999,0.25,163,201,9.4581408775981703,0.018020327808808672,0.00034966958215321522,primary,random_pauli,128
10,4,0.23999999999999999,0.26000000000000001,163,178,33.503464203233314,-0.072861377266147304,0.0012386305596671105,primary,random_pauli,128
10,4,0.23999999999999999,0.27000000000000002,163,126,53.360854503464296,-0.0049858798325055961,0.0019727627172226171,primary,random_pauli,128
10,4,0.23999999999999999,0.28000000000000003,163,106,79.806004618937791,-0.053380020835744835,0.0029504458275216566,primary,random_pauli,128
10,4,0.23999999999999999,0.29999999999999999,163,41,69.453810623556578,-0.097421317771459917,0.0025677229017818143,primary,random_pauli,128
10,4,0.25,0.26000000000000001,201,178,10.328521939953829,-0.1637430823411033,0.00038184776455995277,primary,random_pauli,128
10,4,0.25,0.27000000000000002,201,126,29.244803695150164,-0.016488983653162731,0.0010811869288663832,primary,random_pauli,128
10,4,0.25,0.28000000000000003,201,106,55.356235565819958,-0.077180137050596009,0.0020465324010685111,primary,random_pauli,128
10,4,0.25,0.29999999999999999,201,41,59.476039260969962,-0.12050964688751367,0.002198842464460398,primary,random_pauli,128
10,4,0.26000000000000001,0.27000000000000002,178,126,6.4745958429561306,0.13076511503477783,0.00023936725539579125,primary,random_pauli,128
10,4,0.26000000000000001,0.28000000000000003,178,106,21.787528868360312,-0.033898664405342366,0.00080548981180805941,primary,random_pauli,128
10,4,0.26000000000000001,0.29999999999999999,178,41,33.709006928406424,-0.10970128802411624,0.0012462295201558621,primary,random_pauli,128
10,4,0.27000000000000002,0.28000000000000003,126,106,3.8556581986143259,-0.19856244384546257,0.00014254454534805551,primary,random_pauli,128
10,4,0.27000000000000002,0.29999999999999999,126,41,13.422055427251706,-0.18985675571041444,0.00049621638899464417,primary,random_pauli,128
10,4,0.28000000000000003,0.29999999999999999,106,41,5.0184757505773474,-0.18550391164289037,0.00018553417013556322,primary,random_pauli,128
10,5,0.20000000000000001,0.22,12,91,1.7062499999999983,0.045604395604395664,6.3080443849386958e-05,primary,random_pauli,128
10,5,0.20000000000000001,0.23999999999999999,12,195,14.624999999999982,-0.00064102564102563907,0.00054068951870903093,primary,random_pauli,128
10,5,0.20000000000000001,0.25,12,135,15.820312499999995,-0.042814814814814826,0.000584880488988135,primary,random_pauli,128
10,5,0.20000000000000001,0.26000000000000001,12,106,17.887500000000003,-0.026100628930817608,0.00066130487288258493,primary,random_pauli,128
10,5,0.20000000000000001,0.27000000000000002,12,70,16.078125000000004,-0.029795918367346935,0.00059441187473460862,primary,random_pauli,128
10,5,0.20000000000000001,0.28000000000000003,12,21,6.3000000000000034,-0.039880952380952378,0.0002329124080592753,primary,random_pauli,128
10,5,0.20000000000000001,0.29999999999999999,12,10,4.6874999999999982,-0.030000000000000006,0.00017329792266315109,primary,random_pauli,128
10,5,0.22,0.23999999999999999,91,195,27.726562499999972,-0.046886446886446942,0.0010250572125525381,primary,random_pauli,128
10,5,0.22,0.25,91,135,43.189453125,-0.10176095509428845,0.001596723734937609,primary,random_pauli,128
10,5,0.22,0.26000000000000001,91,106,60.28750000000003,-0.061953141198424218,0.0022288423493450095,primary,random_pauli,128
10,5,0.22,0.27000000000000002,91,70,62.207031250000043,-0.059956043956043946,0.00229980784867557,primary,random_pauli,128
10,5,0.22,0.28000000000000003,91,21,26.873437500000019,-0.068376068376068355,0.00099351699062784631,primary,random_pauli,128
10,5,0.22,0.29999999999999999,91,10,22.749999999999993,-0.048901098901098922,0.00084107258465849339,primary,random_pauli,128
10,5,0.23999999999999999,0.25,195,135,10.283203125000018,-0.21150997150997133,0.00038017231784228853,primary,random_pauli,128
10,5,0.23999999999999999,0.26000000000000001,195,106,32.296875000000057,-0.07701983551040148,0.0011940226871491135,primary,random_pauli,128
10,5,0.23999999999999999,0.27000000000000002,195,70,47.988281250000085,-0.068669108669108608,0.0017741374832640133,primary,random_pauli,128
10,5,0.23999999999999999,0.28000000000000003,195,21,25.593750000000043,-0.079120879120879062,0.00094620665774080692,primary,random_pauli,128
10,5,0.23999999999999999,0.29999999999999999,195,10,27.421875,-0.04957264957264957,0.0010137928475794343,primary,random_pauli,128
10,5,0.25,0.26000000000000001,135,106,5.5898437500000107,0.057470300489168395,0.00020665777277580814,primary,random_pauli,128
10,5,0.25,0.27000000000000002,135,70,14.765625000000025,0.0027513227513227658,0.0005458884563889271,primary,random_pauli,128
10,5,0.25,0.28000000000000003,135,21,9.9667968750000178,-0.0349911816578483,0.0003684747080625258,primary,random_pauli,128
10,5,0.25,0.29999999999999999,135,10,13.183593749999995,-0.017185185185185185,0.00048740040749011243,primary,random_pauli,128
10,5,0.26000000000000001,0.27000000000000002,106,70,2.8984375000000053,-0.051967654986522858,0.00010715588218004867,primary,random_pauli,128
10,5,0.26000000000000001,0.28000000000000003,106,21,3.4781250000000061,-0.081221922731356644,0.0001285870586160584,primary,random_pauli,128
10,5,0.26000000000000001,0.29999999999999999,106,10,6.6249999999999929,-0.035849056603773605,0.00024492773069725339,primary,random_pauli,128
10,5,0.27000000000000002,0.28000000000000003,70,21,0.57421875000000111,-0.11047619047619042,2.122899552623606e-05,primary,random_pauli,128
10,5,0.27000000000000002,0.29999999999999999,70,10,2.4609374999999947,-0.030476190476190511,9.098140939815416e-05,primary,random_pauli,128
10,5,0.28000000000000003,0.29999999999999999,21,10,0.32812499999999878,0.0095238095238095559,1.2130854586420537e-05,primary,random_pauli,128
10,6,0.20000000000000001,0.22,27,140,7.9746835443037885,-0.088994708994709043,0.00029482583298642395,primary,random_pauli,128
10,6,0.20000000000000001,0.23999999999999999,27,152,34.63291139240502,-0.094346978557504929,0.001280386474683898,primary,random_pauli,128
10,6,0.20000000000000001,0.25,27,87,30.973101265822773,-0.091545338441890195,0.001145082476331201,primary,random_pauli,128
10,6,0.20000000000000001,0.26000000000000001,27,43,22.044303797468359,-0.099454493252942866,0.00081498283832675861,primary,random_pauli,128
10,6,0.20000000000000001,0.27000000000000002,27,25,17.444620253164562,-0.087957671957671957,0.00064493150965780322,primary,random_pauli,128
10,6,0.22,0.23999999999999999,140,152,44.894514767932435,-0.099699248120300829,0.0016597602449606086,primary,random_pauli,128
10,6,0.22,0.25,140,87,57.816455696202524,-0.093245758073344301,0.0021374872891515755,primary,random_pauli,128
10,6,0.22,0.26000000000000001,140,43,50.801687763713112,-0.10468438538205979,0.0018781497508764816,primary,random_pauli,128
10,6,0.22,0.27000000000000002,140,25,46.149789029535896,-0.087542857142857117,0.0017061680149677342,primary,random_pauli,128
10,6,0.23999999999999999,0.25,152,87,6.9746835443038098,-0.080338777979431272,0.00025785560948495245,primary,random_pauli,128
10,6,0.23999999999999999,0.26000000000000001,152,43,13.789029535865003,-0.10966952264381875,0.00050978350380933137,primary,random_pauli,128
10,6,0.23999999999999999,0.27000000000000002,152,25,18.037974683544338,-0.079438596491228003,0.00066686795556453236,primary,random_pauli,128
10,6,0.25,0.26000000000000001,87,43,1.9731012658227884,-0.13900026730820625,7.294599478850629e-05,primary,random_pauli,128
10,6,0.25,0.27000000000000002,87,25,4.5886075949367173,-0.078988505747126361,0.00016964184834536346,primary,random_pauli,128
10,6,0.26000000000000001,0.27000000000000002,43,25,0.5669831223628703,-0.01897674418604647,2.0961492755317904e-05,primary,random_pauli,128
10,7,0.20000000000000001,0.22,71,157,31.399999999999963,-0.12083968780837902,0.0011608650179462273,primary,random_pauli,128
10,7,0.20000000000000001,0.23999999999999999,71,78,62.399999999999928,-0.14777898158179859,0.0023069419464918656,primary,random_pauli,128
10,7,0.20000000000000001,0.25,71,33,41.249999999999986,-0.12773367477592834,0.0015250217194357296,primary,random_pauli,128
10,7,0.20000000000000001,0.26000000000000001,71,16,28.800000000000004,-0.10492957746478875,0.0010647424368424008,primary,random_pauli,128
10,7,0.22,0.23999999999999999,157,78,34.495774647887281,-0.17471827535521814,0.0012753164985888129,primary,random_pauli,128
10,7,0.22,0.25,157,33,32.837323943661971,-0.13232966608762789,0.0012140032053874292,primary,random_pauli,128
10,7,0.22,0.26000000000000001,157,16,28.304225352112692,-0.096974522292993609,0.0010464135373036434,primary,random_pauli,128
10,7,0.23999999999999999,0.25,78,33,1.8126760563380313,-0.04755244755244753,6.7015038938584312e-05,primary,random_pauli,128
10,7,0.23999999999999999,0.26000000000000001,78,16,3.5154929577464853,-0.019230769230769208,0.0001299685603657393,primary,random_pauli,128
10,7,0.25,0.26000000000000001,33,16,0.37183098591549363,0.009090909090909113,1.374667465406858e-05,primary,random_pauli,128
10,8,0.20000000000000001,0.22,108,153,53.131832797427599,-0.088344226579520763,0.0019642957335637519,primary,random_pauli,128
10,8,0.20000000000000001,0.23999999999999999,108,32,44.450160771704141,-0.072337962962963007,0.0016433323784062763,primary,random_pauli,128
10,8,0.20000000000000001,0.25,108,18,39.06752411575561,-0.092592592592592615,0.0014443350982086419,primary,random_pauli,128
10,8,0.22,0.23999999999999999,153,32,15.74276527331188,-0.056331699346405265,0.00058201355068555601,primary,random_pauli,128
10,8,0.22,0.25,153,18,19.924437299035368,-0.095424836601307197,0.0007366109000864076,primary,random_pauli,128
10,8,0.23999999999999999,0.25,32,18,0.46302250803858597,-0.17361111111111097,1.7118045608398752e-05,primary,random_pauli,128
10,9,0.20000000000000001,0.22,161,91,54.872659176029906,-0.12479694218824662,0.0020286544738579377,primary,random_pauli,128
10,9,0.20000000000000001,0.23999999999999999,161,15,36.179775280898831,-0.13888198757763984,0.0013375743783678707,primary,random_pauli,128
10,9,0.22,0.23999999999999999,91,15,5.1123595505617923,-0.15296703296703307,0.00018900507520415568,primary,random_pauli,128
6,0,0.27000000000000002,0.28000000000000003,18,47,0.5183823529411774,-0.11347517730496449,2.9720191147872219e-05,primary,random_pauli,256
6,0,0.27000000000000002,0.29999999999999999,18,121,12.01102941176468,-0.0238751147842057,0.00068862315234112167,primary,random_pauli,256
6,0,0.27000000000000002,0.34000000000000002,18,222,119.97794117647064,-0.017503217503217497,0.0068786433895011391,primary,random_pauli,256
6,0,0.28000000000000003,0.29999999999999999,47,121,13.938725490196026,0.020924916476173821,0.00079914291753167073,primary,random_pauli,256
6,0,0.28000000000000003,0.34000000000000002,47,222,230.16176470588235,-0.0015078908695929834,0.013195764869655241,primary,random_pauli,256
6,0,0.29999999999999999,0.34000000000000002,121,222,263.35294117647106,-0.012724294542476354,0.015098700229109098,primary,random_pauli,256
6,1,0.26000000000000001,0.27000000000000002,27,91,0.68250000000000111,-0.13870573870573866,3.9129477196390053e-05,primary,random_pauli,256
6,1,0.26000000000000001,0.28000000000000003,27,153,4.5900000000000087,-0.061437908496732002,0.00026315648400209585,primary,random_pauli,256
6,1,0.26000000000000001,0.29999999999999999,27,250,29.999999999999964,-0.0603555555555556,0.0017199770196215361,primary,random_pauli,256
6,1,0.26000000000000001,0.34000000000000002,27,379,181.92000000000004,-0.04242157725007329,0.010429940646985009,primary,random_pauli,256
6,1,0.27000000000000002,0.28000000000000003,91,153,3.8675000000000073,0.015829921712274639,0.00022173370411287703,primary,random_pauli,256
6,1,0.27000000000000002,0.29999999999999999,91,250,56.874999999999886,-0.034238827838827868,0.0032607897663658259,primary,random_pauli,256
6,1,0.27000000000000002,0.34000000000000002,91,379,469.43361111111119,-0.028666697042121082,0.026913834111635504,primary,random_pauli,256
6,1,0.28000000000000003,0.29999999999999999,153,250,42.499999999999844,-0.059273202614379183,0.0024366341111305033,primary,random_pauli,256
6,1,0.28000000000000003,0.34000000000000002,153,379,579.87000000000012,-0.036082800167853708,0.033245435812264718,primary,random_pauli,256
6,1,0.29999999999999999,0.34000000000000002,250,379,421.11111111111188,-0.024487598944591009,0.024143381127280154,primary,random_pauli,256
6,2,0.25,0.26000000000000001,30,100,0.7575757575757589,0.033333333333333243,4.343376312175609e-05,primary,random_pauli,256
6,2,0.25,0.27000000000000002,30,188,5.6969696969697079,-0.039716312056737584,0.00032662189867560586,primary,random_pauli,256
6,2,0.25,0.28000000000000003,30,243,16.568181818181849,-0.054595336076817519,0.00094989639947280573,primary,random_pauli,256
6,2,0.25,0.29999999999999999,30,273,51.704545454545439,-0.047912087912087932,0.0029643543330598468,primary,random_pauli,256
6,2,0.25,0.34000000000000002,30,156,95.727272727272762,-0.047578347578347578,0.0054882903080650915,primary,random_pauli,256
6,2,0.26000000000000001,0.27000000000000002,100,188,4.7474747474747563,-0.11276595744680841,0.00027218491556300483,primary,random_pauli,256
6,2,0.26000000000000001,0.28000000000000003,100,243,24.545454545454589,-0.0985596707818929,0.0014072539251448973,primary,random_pauli,256
6,2,0.26000000000000001,0.29999999999999999,100,273,110.30303030303018,-0.068223443223443272,0.006323955910527668,primary,random_pauli,256
6,2,0.26000000000000001,0.34000000000000002,100,156,252.12121212121224,-0.057692307692307682,0.014454756366920406,primary,random_pauli,256
6,2,0.27000000000000002,0.28000000000000003,188,243,11.536363636363658,-0.08435338411697739,0.00066140934481810176,primary,random_pauli,256
6,2,0.27000000000000002,0.29999999999999999,188,273,116.6454545454543,-0.053375938482321521,0.0066875833753830029,primary,random_pauli,256
6,2,0.27000000000000002,0.34000000000000002,188,156,362.89696969696979,-0.049824643441664714,0.020805814945636058,primary,random_pauli,256
6,2,0.28000000000000003,0.29999999999999999,243,273,67.009090909090659,-0.037887215664993534,0.0038418032156455483,primary,random_pauli,256
6,2,0.28000000000000003,0.34000000000000002,243,156,344.61818181818182,-0.044069853329112597,0.019757845109034323,primary,random_pauli,256
6,2,0.29999999999999999,0.34000000000000002,273,156,172.07272727272755,-0.047161172161172125,0.0098653712204231896,primary,random_pauli,256
6,3,0.25,0.26000000000000001,52,172,2.957671957671963,-0.049016100178890867,0.00016957092662582744,primary,random_pauli,256
6,3,0.25,0.27000000000000002,52,192,13.20634920634923,-0.0759615384615384,0.00075715390493392716,primary,random_pauli,256
6,3,0.25,0.28000000000000003,52,193,29.86904761904767,-0.12650458349940205,0.0017124691834247802,primary,random_pauli,256
6,3,0.25,0.29999999999999999,52,112,48.148148148148131,-0.10395604395604398,0.0027604569450716031,primary,random_pauli,256
6,3,0.25,0.34000000000000002,52,35,48.750000000000021,-0.08346764346764346,0.0027949626568850006,primary,random_pauli,256
6,3,0.26000000000000001,0.27000000000000002,172,192,10.920634920634939,-0.10290697674418593,0.00062610803677228574,primary,random_pauli,256
6,3,0.26000000000000001,0.28000000000000003,172,193,43.910052910052983,-0.16524882515965766,0.0025174760645218989,primary,random_pauli,256
6,3,0.26000000000000001,0.29999999999999999,172,112,101.92592592592581,-0.1176910299003323,0.005843675009874651,primary,random_pauli,256
6,3,0.26000000000000001,0.34000000000000002,172,35,127.40740740740746,-0.087774086378737529,0.0073045937623433255,primary,random_pauli,256
6,3,0.27000000000000002,0.28000000000000003,192,193,12.253968253968276,-0.22759067357512938,0.00070255145986657661,primary,random_pauli,256
6,3,0.27000000000000002,0.29999999999999999,192,112,63.999999999999865,-0.12261904761904775,0.0036692843085259401,primary,random_pauli,256
6,3,0.27000000000000002,0.34000000000000002,192,35,108.88888888888893,-0.085612244897959197,0.0062428795527004,primary,random_pauli,256
6,3,0.28000000000000003,0.29999999999999999,193,112,28.592592592592485,-0.070133234641006792,0.0016392867396886697,primary,random_pauli,256
6,3,0.28000000000000003,0.34000000000000002,193,35,80.416666666666671,-0.061949173451764129,0.0046104939553744005,primary,random_pauli,256
6,3,0.29999999999999999,0.34000000000000002,112,35,20.740740740740776,-0.057857142857142822,0.0011891199148000777,primary,random_pauli,256
6,4,0.23999999999999999,0.25,44,104,1.8784893267651923,-0.083566433566433548,0.00010769861578801549,primary,random_pauli,256
6,4,0.23999999999999999,0.26000000000000001,44,175,12.643678160919562,-0.081090909090909033,0.00072489452934241193,primary,random_pauli,256
6,4,0.23999999999999999,0.27000000000000002,44,152,24.709359605911377,-0.076236044657097241,0.0014166510230577425,primary,random_pauli,256
6,4,0.23999999999999999,0.28000000000000003,44,94,27.165845648604318,-0.098162475822050219,0.0015574876744728393,primary,random_pauli,256
6,4,0.23999999999999999,0.29999999999999999,44,40,26.009852216748769,-0.064696969696969697,0.0014912116032186735,primary,random_pauli,256
6,4,0.25,0.26000000000000001,104,175,7.4712643678161044,-0.078615384615384518,0.00042834676733869792,primary,random_pauli,256
6,4,0.25,0.27000000000000002,104,152,25.95730706075538,-0.07257085020242908,0.0014881990545253048,primary,random_pauli,256
6,4,0.25,0.28000000000000003,104,94,36.118226600985288,-0.10302782324058911,0.0020707506581059344,primary,random_pauli,256
6,4,0.25,0.29999999999999999,104,40,42.692939244663364,-0.060923076923076927,0.0024476958133639831,primary,random_pauli,256
6,4,0.26000000000000001,0.27000000000000002,175,152,10.919540229885076,-0.066526315789473656,0.00062604527534117389,primary,random_pauli,256
6,4,0.26000000000000001,0.28000000000000003,175,94,27.011494252873614,-0.1152340425531914,0.0015486383126860621,primary,random_pauli,256
6,4,0.26000000000000001,0.29999999999999999,175,40,45.977011494252814,-0.056500000000000029,0.0026359801066996717,primary,random_pauli,256
6,4,0.27000000000000002,0.28000000000000003,152,94,5.8653530377668419,-0.16394176931690915,0.00033627574789754492,primary,random_pauli,256
6,4,0.27000000000000002,0.29999999999999999,152,40,22.463054187192071,-0.053157894736842147,0.0012878645664161244,primary,random_pauli,256
6,4,0.28000000000000003,0.29999999999999999,94,40,6.1740558292282195,0.0022340425531915059,0.0003539744714710979,primary,random_pauli,256
6,5,0.23999999999999999,0.25,66,159,5.0355086372360933,-0.12738707833047447,0.00028869863793839492,primary,random_pauli,256
6,5,0.23999999999999999,0.26000000000000001,66,147,18.621880998080648,-0.1059987631416202,0.0010676402459608568,primary,random_pauli,256
6,5,0.23999999999999999,0.27000000000000002,66,96,27.362763915547074,-0.14280303030303018,0.0015687775042690141,primary,random_pauli,256
6,5,0.23999999999999999,0.28000000000000003,66,53,26.856046065259168,-0.1607775871926814,0.0015397260690047732,primary,random_pauli,256
6,5,0.25,0.26000000000000001,159,147,11.215451055662209,-0.084610447952765941,0.00064301060268097063,primary,random_pauli,256
6,5,0.25,0.27000000000000002,159,96,29.297504798464541,-0.15051100628930805,0.0016797011661870251,primary,random_pauli,256
6,5,0.25,0.28000000000000003,159,53,36.392994241842672,-0.17190775681341708,0.002086503792372945,primary,random_pauli,256
6,5,0.26000000000000001,0.27000000000000002,147,96,6.7715930902111445,-0.21641156462585018,0.00038823281671303885,primary,random_pauli,256
6,5,0.26000000000000001,0.28000000000000003,147,53,14.953934740882943,-0.21555641124374261,0.00085734747024129399,primary,random_pauli,256
6,5,0.27000000000000002,0.28000000000000003,96,53,2.4414587332053785,-0.21470125786163505,0.0001399750971822521,primary,random_pauli,256
6,6,0.23999999999999999,0.25,88,163,8.8762376237623908,-0.03943112102621301,0.00050889749111904671,primary,random_pauli,256
6,6,0.23999999999999999,0.26000000000000001,88,95,20.693069306930727,-0.12818181818181806,0.001186386789111888,primary,random_pauli,256
6,6,0.23999999999999999,0.27000000000000002,88,44,21.564356435643603,-0.04848484848484845,0.001236339917074494,primary,random_pauli,256
6,6,0.23999999999999999,0.28000000000000003,88,14,12.19801980198022,-0.10551948051948042,0.00069934379147648142,primary,random_pauli,256
6,6,0.25,0.26000000000000001,163,95,9.5823019801980376,-0.21693251533742314,0.00054937797336715281,primary,random_pauli,256
6,6,0.25,0.27000000000000002,163,44,17.752475247524782,-0.053011712214166166,0.0010177949822380934,primary,random_pauli,256
6,6,0.25,0.28000000000000003,163,14,12.709158415841605,-0.12754893368390288,0.00072864868046590772,primary,random_pauli,256
6,6,0.26000000000000001,0.27000000000000002,95,44,2.5866336633663409,0.1109090909090908,0.000148298348638986,primary,random_pauli,256
6,6,0.26000000000000001,0.28000000000000003,95,14,3.2920792079207981,-0.082857142857142782,0.00018874335281325494,primary,random_pauli,256
6,6,0.27000000000000002,0.28000000000000003,44,14,0.38118811881188186,-0.27662337662337638,2.1854493483640044e-05,primary,random_pauli,256
6,7,0.23999999999999999,0.25,148,152,15.62222222222225,-0.12652916073968698,0.00089566210725477286,primary,random_pauli,256
6,7,0.23999999999999999,0.26000000000000001,148,48,19.73333333333337,-0.15405405405405395,0.0011313626617955026,primary,random_pauli,256
6,7,0.23999999999999999,0.27000000000000002,148,12,11.100000000000019,-0.036036036036036015,0.00063639149725997022,primary,random_pauli,256
6,7,0.25,0.26000000000000001,152,48,5.0666666666666753,-0.1815789473684209,0.00029048500775830468,primary,random_pauli,256
6,7,0.25,0.27000000000000002,152,12,5.0666666666666753,0.0092105263157894659,0.00029048500775830468,primary,random_pauli,256
6,7,0.26000000000000001,0.27000000000000002,48,12,0.40000000000000069,0.19999999999999984,2.2933026928287212e-05,primary,random_pauli,256
6,8,0.22,0.23999999999999999,34,144,18.475471698113186,0.0078431372549019936,0.0010592462249140932,primary,random_pauli,256
6,8,0.22,0.25,34,68,19.630188679245283,-0.072549019607843143,0.0011254491139712252,primary,random_pauli,256
6,8,0.22,0.26000000000000001,34,19,9.7509433962264183,-0.1004643962848297,0.00055904661870466107,primary,random_pauli,256
6,8,0.23999999999999999,0.25,144,68,9.2377358490566213,-0.2333333333333332,0.00052962311245704824,primary,random_pauli,256
6,8,0.23999999999999999,0.26000000000000001,144,19,10.32452830188681,-0.20877192982456125,0.00059193171392258313,primary,random_pauli,256
6,8,0.25,0.26000000000000001,68,19,1.2188679245283041,-0.18421052631578932,6.9880827338082742e-05,primary,random_pauli,256
6,9,0.22,0.23999999999999999,42,121,24.550724637681132,-0.10968122786304611,0.0014075560730622619,primary,random_pauli,256
6,9,0.22,0.25,42,44,20.086956521739133,-0.11774891774891776,0.001151636787050943,primary,random_pauli,256
6,9,0.23999999999999999,0.25,121,44,6.4299516908212668,-0.13388429752066106,0.00036864563818297437,primary,random_pauli,256
6,10,0.22,0.23999999999999999,77,93,37.689473684210483,-0.13735511800027941,0.0021608342872824243,primary,random_pauli,256
6,10,0.22,0.25,77,20,18.236842105263158,-0.068917748917748919,0.0010455649777173033,primary,random_pauli,256
6,10,0.23999999999999999,0.25,93,20,2.4473684210526359,0.067956989247311805,0.00014031391475859939,primary,random_pauli,256
6,12,0.20000000000000001,0.22,17,142,12.572916666666652,-0.14987572493786253,0.0007208375912094424,primary,random_pauli,256
6,12,0.20000000000000001,0.23999999999999999,17,33,11.687499999999986,-0.12352941176470596,0.00067007438056089009,primary,random_pauli,256
6,12,0.22,0.23999999999999999,142,33,24.406249999999972,-0.097183098591549374,0.0013992729711712704,primary,random_pauli,256
8,0,0.27000000000000002,0.28000000000000003,13,43,0.34252450980392213,0.013595706618962354,1.9637809517329277e-05,primary,random_pauli,256
8,0,0.27000000000000002,0.29999999999999999,13,113,8.1011029411764532,0.019514408894939883,0.0004644570297470651,primary,random_pauli,256
8,0,0.27000000000000002,0.34000000000000002,13,239,93.286151960784338,0.0026483976274771343,0.0053483345873823916,primary,random_pauli,256
8,0,0.28000000000000003,0.29999999999999999,43,113,11.909313725490151,0.022473760032928655,0.0006827915309102142,primary,random_pauli,256
8,0,0.28000000000000003,0.34000000000000002,43,239,226.6985294117647,0.00082384612889626252,0.012997208699007754,primary,random_pauli,256
8,0,0.29999999999999999,0.34000000000000002,113,239,264.774509803922,-0.010001110823119904,0.015180202408143448,primary,random_pauli,256
8,1,0.26000000000000001,0.27000000000000002,26,101,0.71905805038335291,-0.075552170601675392,4.1225444081107769e-05,primary,random_pauli,256
8,1,0.26000000000000001,0.28000000000000003,26,154,4.3855421686747063,-0.022577422577422519,0.00025143439162338995,primary,random_pauli,256
8,1,0.26000000000000001,0.29999999999999999,26,290,33.033953997809377,-0.018010610079575603,0.0018939213914489054,primary,random_pauli,256
8,1,0.26000000000000001,0.34000000000000002,26,342,155.82913472070103,-0.034244264507422392,0.0089340843569038174,primary,random_pauli,256
8,1,0.27000000000000002,0.28000000000000003,101,154,4.25903614457832,0.030397325446830353,0.00024418147648040748,primary,random_pauli,256
8,1,0.27000000000000002,0.29999999999999999,101,290,72.182365826943993,0.0011699100944576983,0.0041384003481419558,primary,random_pauli,256
8,1,0.27000000000000002,0.34000000000000002,101,342,463.4605695509311,-0.028343135065386243,0.026571384304277034,primary,random_pauli,256
8,1,0.28000000000000003,0.29999999999999999,154,290,48.915662650602222,-0.013443797581728671,0.0028044605219531798,primary,random_pauli,256
8,1,0.28000000000000003,0.34000000000000002,154,342,519.18072289156623,-0.038133211817422352,0.029765963746799726,primary,random_pauli,256
8,1,0.29999999999999999,0.34000000000000002,290,342,434.52354874041703,-0.050477918935269164,0.024912350610597218,primary,random_pauli,256
8,2,0.25,0.26000000000000001,24,100,0.634920634920636,-0.13666666666666655,3.6401630044900338e-05,primary,random_pauli,256
8,2,0.25,0.27000000000000002,24,195,4.9523809523809614,-0.066538461538461491,0.00028393271435022267,primary,random_pauli,256
8,2,0.25,0.28000000000000003,24,218,12.45714285714288,-0.061518858307849068,0.0007141999814809448,primary,random_pauli,256
8,2,0.25,0.29999999999999999,24,232,36.825396825396815,-0.062643678160919564,0.0021112945426042156,primary,random_pauli,256
8,2,0.25,0.34000000000000002,24,176,90.514285714285748,-0.063215488215488211,0.0051894163792009854,primary,random_pauli,256
8,2,0.26000000000000001,0.27000000000000002,100,195,5.1587301587301679,0.0035897435897435629,0.00029576324411481527,primary,random_pauli,256
8,2,0.26000000000000001,0.28000000000000003,100,218,23.068783068783112,-0.023944954128440339,0.0013225925582980459,primary,random_pauli,256
8,2,0.26000000000000001,0.29999999999999999,100,232,98.201058201058089,-0.044137931034482797,0.005630118780277903,primary,random_pauli,256
8,2,0.26000000000000001,0.34000000000000002,100,176,297.98941798941809,-0.0540340909090909,0.01708449836773987,primary,random_pauli,256
8,2,0.27000000000000002,0.28000000000000003,195,218,11.246031746031766,-0.051479651846624237,0.00064476387217029727,primary,random_pauli,256
8,2,0.27000000000000002,0.29999999999999999,195,232,107.7142857142855,-0.060047155909224943,0.0061755365371173191,primary,random_pauli,256
8,2,0.27000000000000002,0.34000000000000002,195,176,444.88888888888903,-0.06226606726606726,0.025506622172461631,primary,random_pauli,256
8,2,0.28000000000000003,0.29999999999999999,218,232,53.51957671957652,-0.064330907940525303,0.0030684147352514493,primary,random_pauli,256
8,2,0.28000000000000003,0.34000000000000002,218,176,365.40952380952376,-0.064063803169307765,0.020949866123441005,primary,random_pauli,256
8,2,0.29999999999999999,0.34000000000000002,232,176,172.83386243386272,-0.063930250783699002,0.0099090090532891369,primary,random_pauli,256
8,3,0.25,0.26000000000000001,54,153,2.7213438735177911,-0.088888888888888823,0.00015602163083128207,primary,random_pauli,256
8,3,0.25,0.27000000000000002,54,192,13.660079051383423,-0.066666666666666624,0.00078316740181976895,primary,random_pauli,256
8,3,0.25,0.28000000000000003,54,204,32.656126482213494,-0.077777777777777724,0.0018722595699753848,primary,random_pauli,256
8,3,0.25,0.29999999999999999,54,117,52.025691699604728,-0.056068376068376079,0.0029827664717745044,primary,random_pauli,256
8,3,0.25,0.34000000000000002,54,39,56.187747035573146,-0.061538461538461528,0.003221387789516467,primary,random_pauli,256
8,3,0.26000000000000001,0.27000000000000002,153,192,9.6758893280632581,-0.044444444444444411,0.00055474357628900297,primary,random_pauli,256
8,3,0.26000000000000001,0.28000000000000003,153,204,41.122529644268845,-0.07222222222222216,0.0023576601992282625,primary,random_pauli,256
8,3,0.26000000000000001,0.29999999999999999,153,117,94.339920948616481,-0.047863247863247894,0.0054087498688177625,primary,random_pauli,256
8,3,0.26000000000000001,0.34000000000000002,153,39,125.7865612648222,-0.058119658119658114,0.0072116664917570295,primary,random_pauli,256
8,3,0.27000000000000002,0.28000000000000003,192,204,12.90118577075101,-0.099999999999999922,0.00073965810171867051,primary,random_pauli,256
8,3,0.27000000000000002,0.29999999999999999,192,117,66.592885375493935,-0.049002849002849055,0.0038179410838713587,primary,random_pauli,256
8,3,0.27000000000000002,0.34000000000000002,192,39,120.8537549407115,-0.060073260073260075,0.0069288560410998897,primary,random_pauli,256
8,3,0.28000000000000003,0.29999999999999999,204,117,31.446640316205414,-0.023504273504273549,0.0018029166229392496,primary,random_pauli,256
8,3,0.28000000000000003,0.34000000000000002,204,39,94.339920948616594,-0.05341880341880343,0.0054087498688177695,primary,random_pauli,256
8,3,0.29999999999999999,0.34000000000000002,117,39,24.04743083003957,-0.068376068376068327,0.0013787009469535517,primary,random_pauli,256
8,4,0.23999999999999999,0.25,32,117,1.5420098846787507,0.0011752136752136144,8.8407385522556976e-05,primary,random_pauli,256
8,4,0.23999999999999999,0.26000000000000001,32,163,8.5930807248764562,-0.067599693251533699,0.00049266337915134309,primary,random_pauli,256
8,4,0.23999999999999999,0.27000000000000002,32,143,16.962108731466255,-0.10673076923076914,0.0009724812407481266,primary,random_pauli,256
8,4,0.23999999999999999,0.28000000000000003,32,113,23.828665568369072,-0.087195796460176916,0.0013661585728613932,primary,random_pauli,256
8,4,0.23999999999999999,0.29999999999999999,32,39,18.504118616144972,-0.077297008547008564,0.0010608886262706816,primary,random_pauli,256
8,4,0.25,0.26000000000000001,117,163,7.8546128500823862,-0.13637460017828101,0.00045032512000552457,primary,random_pauli,256
8,4,0.25,0.27000000000000002,117,143,27.563426688632671,-0.16068376068376053,0.001580282016215706,primary,random_pauli,256
8,4,0.25,0.28000000000000003,117,113,49.00700164744655,-0.11665279983864045,0.0028096972211387643,primary,random_pauli,256
8,4,0.25,0.29999999999999999,117,39,46.983113673805583,-0.092991452991453005,0.0026936625276404017,primary,random_pauli,256
8,4,0.26000000000000001,0.27000000000000002,163,143,9.6000823723229178,-0.18499292118924004,0.00055039736889564124,primary,random_pauli,256
8,4,0.26000000000000001,0.28000000000000003,163,113,30.344316309719989,-0.10679189966882016,0.0017397175576281804,primary,random_pauli,256
8,4,0.26000000000000001,0.29999999999999999,163,39,41.89126853377261,-0.082145666194746003,0.0024017339733627911,primary,random_pauli,256
8,4,0.27000000000000002,0.28000000000000003,143,113,6.6552718286655805,-0.028590878148400268,0.00038156382015464696,primary,random_pauli,256
8,4,0.27000000000000002,0.29999999999999999,143,39,20.67257001647442,-0.047863247863247915,0.0011852115121617748,primary,random_pauli,256
8,4,0.28000000000000003,0.29999999999999999,113,39,7.260296540362412,-0.057499432720671761,0.00041625144016870348,primary,random_pauli,256
8,5,0.23999999999999999,0.25,70,141,4.7000000000000091,-0.098966565349544039,0.00026946306640737483,primary,random_pauli,256
8,5,0.23999999999999999,0.26000000000000001,70,173,23.066666666666709,-0.10199834847233684,0.0013224712195312295,primary,random_pauli,256
8,5,0.23999999999999999,0.27000000000000002,70,94,28.200000000000049,-0.10816616008105362,0.0016167783984442487,primary,random_pauli,256
8,5,0.23999999999999999,0.28000000000000003,70,47,25.066666666666709,-0.12048632218844976,0.0014371363541726653,primary,random_pauli,256
8,5,0.25,0.26000000000000001,141,173,11.615714285714308,-0.10503013159512965,0.00066595872126394063,primary,random_pauli,256
8,5,0.25,0.27000000000000002,141,94,25.245714285714328,-0.11276595744680841,0.0014474016138453273,primary,random_pauli,256
8,5,0.25,0.28000000000000003,141,47,28.401428571428625,-0.12765957446808499,0.0016283268155759935,primary,random_pauli,256
8,5,0.26000000000000001,0.27000000000000002,173,94,7.7438095238095377,-0.12050178329848717,0.000443972480842627,primary,random_pauli,256
8,5,0.26000000000000001,0.28000000000000003,173,47,15.487619047619075,-0.13897429590456267,0.00088794496168525399,primary,random_pauli,256
8,5,0.27000000000000002,0.28000000000000003,94,47,2.1038095238095273,-0.15744680851063819,0.00012061680115377727,primary,random_pauli,256
8,6,0.23999999999999999,0.25,92,161,9.188585607940464,-0.082608695652173811,0.00052680520294942656,primary,random_pauli,256
8,6,0.23999999999999999,0.26000000000000001,92,95,21.687344913151399,-0.13860411899313491,0.0012433911622408823,primary,random_pauli,256
8,6,0.23999999999999999,0.27000000000000002,92,37,19.004962779156358,-0.1873482177830002,0.0010896033079637205,primary,random_pauli,256
8,6,0.23999999999999999,0.28000000000000003,92,18,16.436724565756851,-0.15567632850241533,0.0009423596176983529,primary,random_pauli,256
8,6,0.25,0.26000000000000001,161,95,9.4882133995037403,-0.19459954233409596,0.00054398363348038615,primary,random_pauli,256
8,6,0.25,0.27000000000000002,161,37,14.781637717121614,-0.23971797884841342,0.00084746923952733829,primary,random_pauli,256
8,6,0.25,0.28000000000000003,161,18,16.179900744416901,-0.18003220611916251,0.00092763524867181622,primary,random_pauli,256
8,6,0.26000000000000001,0.27000000000000002,95,37,2.1805210918114177,-0.28483641536273091,0.00012501487229052348,primary,random_pauli,256
8,6,0.26000000000000001,0.28000000000000003,95,18,4.2431761786600566,-0.17274853801169576,0.00024327218391669437,primary,random_pauli,256
8,6,0.27000000000000002,0.28000000000000003,37,18,0.41315136476426878,-0.060660660660660642,2.3687028433993931e-05,primary,random_pauli,256
8,7,0.22,0.23999999999999999,13,157,5.385224274406327,-0.066340029397354297,0.00030874873324956514,primary,random_pauli,256
8,7,0.22,0.25,13,147,11.344986807387862,-0.051979766265480544,0.00065043721988722141,primary,random_pauli,256
8,7,0.22,0.26000000000000001,13,44,6.0369393139841723,-0.094055944055944044,0.00034611322963008632,primary,random_pauli,256
8,7,0.22,0.27000000000000002,13,18,3.858839050131929,-0.13504273504273501,0.00022123714962150407,primary,random_pauli,256
8,7,0.23999999999999999,0.25,157,147,15.223614775725622,-0.023259240001733107,0.00087280891899396544,primary,random_pauli,256
8,7,0.23999999999999999,0.26000000000000001,157,44,18.22691292875993,-0.12177185871453378,0.0010449957125369927,primary,random_pauli,256
8,7,0.23999999999999999,0.27000000000000002,157,18,16.777044854881296,-0.18084453880632212,0.00096187105358518641,primary,random_pauli,256
8,7,0.25,0.26000000000000001,147,44,4.2664907651715112,-0.22028447742733445,0.00024460886901741705,primary,random_pauli,256
8,7,0.25,0.27000000000000002,147,18,6.9815303430079281,-0.25963718820861659,0.00040026905839213702,primary,random_pauli,256
8,7,0.26000000000000001,0.27000000000000002,44,18,0.52242744063324631,-0.29898989898989875,2.9952106410295967e-05,primary,random_pauli,256
8,8,0.22,0.23999999999999999,27,153,14.098976109215004,-0.063616557734204812,0.00080833049693476299,primary,random_pauli,256
8,8,0.22,0.25,27,81,16.794368600682592,-0.11358024691358025,0.00096286426840758621,primary,random_pauli,256
8,8,0.22,0.26000000000000001,27,32,11.795221843003416,-0.14432870370370368,0.00067625035037679603,primary,random_pauli,256
8,8,0.23999999999999999,0.25,153,81,10.57423208191128,-0.213507625272331,0.00060624787270107381,primary,random_pauli,256
8,8,0.23999999999999999,0.26000000000000001,153,32,16.70989761092153,-0.22504084967320245,0.00095802132970046244,primary,random_pauli,256
8,8,0.25,0.26000000000000001,81,32,2.2116040955631435,-0.23657407407407383,0.00012679694069564942,primary,random_pauli,256
8,9,0.22,0.23999999999999999,64,131,35.67659574468081,-0.078530534351145084,0.0020454308273059516,primary,random_pauli,256
8,9,0.22,0.25,64,40,24.51063829787234,-0.088333333333333333,0.0014052578202865332,primary,random_pauli,256
8,9,0.23999999999999999,0.25,131,40,5.5744680851063935,-0.10793893129770983,0.00031959856676655587,primary,random_pauli,256
8,10,0.22,0.23999999999999999,75,82,35.142857142857103,-0.077463414634146369,0.0020148302229852279,primary,random_pauli,256
8,10,0.22,0.25,75,18,17.357142857142858,-0.053629629629629617,0.00099512956135246124,primary,random_pauli,256
8,10,0.23999999999999999,0.25,82,18,2.1085714285714321,-0.0059620596205962138,0.00012088981337911402,primary,random_pauli,256
8,12,0.20000000000000001,0.22,14,141,10.846153846153836,0.040628166160081088,0.00062183784555547858,primary,random_pauli,256
8,12,0.20000000000000001,0.23999999999999999,14,27,8.3076923076922977,-0.046825396825396853,0.00047630132851057919,primary,random_pauli,256
8,12,0.22,0.23999999999999999,141,27,20.917582417582395,-0.13427895981087479,0.0011992587021427085,primary,random_pauli,256
10,0,0.26000000000000001,0.27000000000000002,13,16,0.12093023255813976,0.0096153846153846836,6.9332406992496235e-06,primary,random_pauli,256
10,0,0.26000000000000001,0.28000000000000003,13,42,1.2697674418604674,0.01135531135531136,7.2799027342121045e-05,primary,random_pauli,256
10,0,0.26000000000000001,0.29999999999999999,13,105,12.697674418604636,-0.0024175824175824158,0.00072799027342120828,primary,random_pauli,256
10,0,0.26000000000000001,0.34000000000000002,13,254,122.86511627906982,0.00024227740763174682,0.0070441725504376074,primary,random_pauli,256
10,0,0.27000000000000002,0.28000000000000003,16,42,0.39069767441860531,0.013095238095238037,2.2399700720652628e-05,primary,random_pauli,256
10,0,0.27000000000000002,0.29999999999999999,16,105,8.7906976744185865,-0.0064285714285714571,0.00050399326621468224,primary,random_pauli,256
10,0,0.27000000000000002,0.34000000000000002,16,254,115.77674418604654,-0.0010967379077615308,0.0066377779802200519,primary,random_pauli,256
10,0,0.28000000000000003,0.29999999999999999,42,105,10.255813953488333,-0.016190476190476231,0.00058799214391712829,primary,random_pauli,256
10,0,0.28000000000000003,0.34000000000000002,42,254,223.28372093023256,-0.0034620672415947942,0.012801428961852955,primary,random_pauli,256
10,0,0.29999999999999999,0.34000000000000002,105,254,248.09302325581442,0.0029021372328459057,0.014223809957614421,primary,random_pauli,256
10,1,0.26000000000000001,0.27000000000000002,36,83,0.86860465116279229,-0.33266398929049507,4.9799334637879509e-05,primary,random_pauli,256
10,1,0.26000000000000001,0.28000000000000003,36,155,6.4883720930232665,-0.11616487455197123,0.00037199502982512394,primary,random_pauli,256
10,1,0.26000000000000001,0.29999999999999999,36,271,45.376744186046452,-0.064995899958999639,0.0026015652408415044,primary,random_pauli,256
10,1,0.26000000000000001,0.34000000000000002,36,315,210.97674418604663,-0.044484126984126987,0.012095838389152404,primary,random_pauli,256
10,1,0.27000000000000002,0.28000000000000003,83,155,3.7398255813953551,0.1003342401865526,0.00021441380191309229,primary,random_pauli,256
10,1,0.27000000000000002,0.29999999999999999,83,271,58.847965116278949,0.024226796484832343,0.0033739049217163235,primary,random_pauli,256
10,1,0.27000000000000002,0.34000000000000002,83,315,372.41424418604663,-0.0033155752260743722,0.021351464725990806,primary,random_pauli,256
10,1,0.28000000000000003,0.29999999999999999,155,271,48.843023255813769,-0.013826925366027891,0.0028002959189613345,primary,random_pauli,256
10,1,0.28000000000000003,0.34000000000000002,155,315,510.95930232558146,-0.020590544461512216,0.029294608598728466,primary,random_pauli,256
10,1,0.29999999999999999,0.34000000000000002,271,315,397.04651162790765,-0.023972354009254369,0.022763695857363233,primary,random_pauli,256
10,2,0.25,0.26000000000000001,26,98,0.6546762589928069,-0.081004709576138131,3.7534270691980871e-05,primary,random_pauli,256
10,2,0.25,0.27000000000000002,26,174,4.6495375128468739,-0.047656940760388997,0.00026656992246549681,primary,random_pauli,256
10,2,0.25,0.28000000000000003,26,239,14.36947584789314,-0.037914386868361738,0.00082383894141276385,primary,random_pauli,256
10,2,0.25,0.29999999999999999,26,247,41.251284686536465,-0.055870445344129584,0.0023650420563569529,primary,random_pauli,256
10,2,0.25,0.34000000000000002,26,189,102.2697841726619,-0.055107855107855104,0.0058633892859544321,primary,random_pauli,256
10,2,0.26000000000000001,0.27000000000000002,98,174,4.3812949640287844,-0.014309171944639864,0.00025119088847710275,primary,random_pauli,256
10,2,0.26000000000000001,0.28000000000000003,98,239,24.071942446043209,-0.016369225514473548,0.0013801062608282198,primary,random_pauli,256
10,2,0.26000000000000001,0.29999999999999999,98,247,99.510791366906361,-0.049586879286127435,0.0057052091451810756,primary,random_pauli,256
10,2,0.26000000000000001,0.34000000000000002,98,189,304.57553956834545,-0.051870748299319716,0.017462097626546155,primary,random_pauli,256
10,2,0.27000000000000002,0.28000000000000003,174,239,10.684994861253871,-0.018429279084307231,0.0006125981872043628,primary,random_pauli,256
10,2,0.27000000000000002,0.29999999999999999,174,247,99.383864337101528,-0.061346115066623311,0.005697932092699972,primary,random_pauli,256
10,2,0.27000000000000002,0.34000000000000002,174,189,414.03237410071949,-0.057236687778559704,0.023737538961086171,primary,random_pauli,256
10,2,0.28000000000000003,0.29999999999999999,239,247,60.671120246659591,-0.082804533057781404,0.003478431085964984,primary,random_pauli,256
10,2,0.28000000000000003,0.34000000000000002,239,189,417.8201438848921,-0.063704589227601791,0.023954701527232631,primary,random_pauli,256
10,2,0.29999999999999999,0.34000000000000002,247,189,191.91366906474855,-0.054154617312511998,0.011002903351420679,primary,random_pauli,256
10,3,0.23999999999999999,0.25,14,59,0.25525339925834406,0.17966101694915243,1.4634332696821104e-05,primary,random_pauli,256
10,3,0.23999999999999999,0.26000000000000001,14,154,2.6650185414091516,0.10389610389610383,0.00015279235493630171,primary,random_pauli,256
10,3,0.23999999999999999,0.27000000000000002,14,222,8.6440049443757871,0.021021021021021009,0.0004955829953940435,primary,random_pauli,256
10,3,0.23999999999999999,0.28000000000000003,14,194,13.428924598269493,-0.0072164948453608069,0.00076991472357513071,primary,random_pauli,256
10,3,0.23999999999999999,0.29999999999999999,14,127,19.779975278121135,-0.011286089238845142,0.0011340367642350164,primary,random_pauli,256
10,3,0.23999999999999999,0.34000000000000002,14,39,16.872682323856626,-0.027179487179487167,0.00096735419521359759,primary,random_pauli,256
10,3,0.25,0.26000000000000001,59,154,2.8077873918417855,0.028131190843055241,0.00016097765966503221,primary,random_pauli,256
10,3,0.25,0.27000000000000002,59,222,16.190358467243538,-0.058298976943044707,0.00092823481676979579,primary,random_pauli,256
10,3,0.25,0.28000000000000003,59,194,31.833745364647772,-0.069508998776865227,0.0018251103491892609,primary,random_pauli,256
10,3,0.25,0.29999999999999999,59,127,57.887824474660057,-0.049475510476444697,0.0033188575937433511,primary,random_pauli,256
10,3,0.25,0.34000000000000002,59,39,57.596106304079136,-0.050161765416002695,0.0033021326420898437,primary,random_pauli,256
10,3,0.26000000000000001,0.27000000000000002,154,222,10.564894932014852,-0.14472914472914464,0.00060571254992605327,primary,random_pauli,256
10,3,0.26000000000000001,0.28000000000000003,154,194,36.929542645241106,-0.11832909358682545,0.0021172654898316094,primary,random_pauli,256
10,3,0.26000000000000001,0.29999999999999999,154,127,96.702101359703221,-0.068877185806319727,0.0055441797362600744,primary,random_pauli,256
10,3,0.26000000000000001,0.34000000000000002,154,39,118.78368355995062,-0.05994838494838494,0.0068101735343037246,primary,random_pauli,256
10,3,0.27000000000000002,0.28000000000000003,222,194,13.309023485784945,-0.091929042444506254,0.00076304048497178136,primary,random_pauli,256
10,3,0.27000000000000002,0.29999999999999999,222,127,78.413473423980065,-0.043593199498711356,0.004495645743931664,primary,random_pauli,256
10,3,0.27000000000000002,0.34000000000000002,222,39,131.10074165636593,-0.047836847836847829,0.0075163420968096493,primary,random_pauli,256
10,3,0.28000000000000003,0.29999999999999999,194,127,30.454882571075288,-0.019425278025813838,0.0017460566052507332,primary,random_pauli,256
10,3,0.28000000000000003,0.34000000000000002,194,39,84.170580964153288,-0.040488148735571418,0.0048257154995512575,primary,random_pauli,256
10,3,0.29999999999999999,0.34000000000000002,127,39,24.489493201483356,-0.051019584090450182,0.0014040455176243087,primary,random_pauli,256
10,4,0.23999999999999999,0.25,32,128,1.6463022508038616,-0.043749999999999969,9.4386734624461862e-05,primary,random_pauli,256
10,4,0.23999999999999999,0.26000000000000001,32,150,7.7170418006431012,-0.052333333333333294,0.00044243781855216497,primary,random_pauli,256
10,4,0.23999999999999999,0.27000000000000002,32,154,17.826366559485564,-0.099350649350649287,0.0010220313608555011,primary,random_pauli,256
10,4,0.23999999999999999,0.28000000000000003,32,115,23.66559485530551,-0.053586956521739094,0.0013568093102266391,primary,random_pauli,256
10,4,0.23999999999999999,0.29999999999999999,32,43,19.909967845659164,-0.069186046511627922,0.0011414895718645836,primary,random_pauli,256
10,4,0.25,0.26000000000000001,128,150,7.7170418006431012,-0.060916666666666619,0.00044243781855216497,primary,random_pauli,256
10,4,0.25,0.27000000000000002,128,154,31.691318327974333,-0.12715097402597395,0.0018169446415208907,primary,random_pauli,256
10,4,0.25,0.28000000000000003,128,115,53.247588424437403,-0.056865942028985469,0.0030528209480099383,primary,random_pauli,256
10,4,0.25,0.29999999999999999,128,43,55.305466237942099,-0.074273255813953512,0.0031708043662905081,primary,random_pauli,256
10,4,0.26000000000000001,0.27000000000000002,150,154,9.2845659163987317,-0.19338528138528127,0.00053230800044557348,primary,random_pauli,256
10,4,0.26000000000000001,0.28000000000000003,150,115,27.733118971061142,-0.054840579710144895,0.0015900109104218427,primary,random_pauli,256
10,4,0.26000000000000001,0.29999999999999999,150,43,41.479099678456549,-0.077612403100775246,0.0023781032747178799,primary,random_pauli,256
10,4,0.27000000000000002,0.28000000000000003,154,115,7.1181672025723595,0.083704121964991482,0.00040810280034160628,primary,random_pauli,256
10,4,0.27000000000000002,0.29999999999999999,154,43,23.95418006430863,-0.039021443672606501,0.001373354641149574,primary,random_pauli,256
10,4,0.28000000000000003,0.29999999999999999,115,43,7.9501607717041498,-0.10038422649140566,0.00045580312765425903,primary,random_pauli,256
10,5,0.23999999999999999,0.25,64,144,4.7603305785124057,-0.12708333333333321,0.00027292197336143466,primary,random_pauli,256
10,5,0.23999999999999999,0.26000000000000001,64,141,18.644628099173588,-0.1450132978723403,0.001068944395665619,primary,random_pauli,256
10,5,0.23999999999999999,0.27000000000000002,64,91,27.074380165289305,-0.11815476190476179,0.0015522437234931595,primary,random_pauli,256
10,5,0.23999999999999999,0.28000000000000003,64,44,23.272727272727316,-0.14218749999999988,0.0013342852031003472,primary,random_pauli,256
10,5,0.25,0.26000000000000001,144,141,10.487603305785141,-0.16294326241134741,0.00060128122256191058,primary,random_pauli,256
10,5,0.25,0.27000000000000002,144,91,27.074380165289305,-0.11369047619047609,0.0015522437234931595,primary,random_pauli,256
10,5,0.25,0.28000000000000003,144,44,29.454545454545507,-0.14722222222222212,0.0016887047101738766,primary,random_pauli,256
10,5,0.26000000000000001,0.27000000000000002,141,91,6.6275826446281112,-0.064437689969604778,0.00037997632814676299,primary,random_pauli,256
10,5,0.26000000000000001,0.28000000000000003,141,44,12.81818181818184,-0.13936170212765947,0.00073489927202011294,primary,random_pauli,256
10,5,0.27000000000000002,0.28000000000000003,91,44,2.0681818181818219,-0.21428571428571416,0.00011857417332239412,primary,random_pauli,256
10,6,0.23999999999999999,0.25,119,149,10.308720930232576,-0.14692910721335498,0.00059102543672305324,primary,random_pauli,256
10,6,0.23999999999999999,0.26000000000000001,119,118,32.655813953488426,-0.13572140720695047,0.0018722416519012153,primary,random_pauli,256
10,6,0.23999999999999999,0.27000000000000002,119,44,27.397674418604698,-0.083855360325948466,0.0015707790130357654,primary,random_pauli,256
10,6,0.25,0.26000000000000001,149,118,10.222093023255832,-0.12451370720054591,0.00058605883641445612,primary,random_pauli,256
10,6,0.25,0.27000000000000002,149,44,15.246511627907005,-0.052318486882245212,0.00087412165431308717,primary,random_pauli,256
10,6,0.26000000000000001,0.27000000000000002,118,44,3.018604651162796,0.019876733436055487,0.00017306435437742328,primary,random_pauli,256
10,7,0.22,0.23999999999999999,13,117,4.7830188679245227,0.030769230769230788,0.0002742227512415468,primary,random_pauli,256
10,7,0.22,0.25,13,116,10.669811320754718,-0.0038019451812555207,0.00061172767584652822,primary,random_pauli,256
10,7,0.22,0.26000000000000001,13,59,9.6477987421383684,-0.055671447196870921,0.00055313307088038579,primary,random_pauli,256
10,7,0.22,0.27000000000000002,13,13,3.321540880503147,-0.15384615384615383,0.00019043246613996339,primary,random_pauli,256
10,7,0.23999999999999999,0.25,117,116,10.669811320754734,-0.072944297082228035,0.00061172767584652908,primary,random_pauli,256
10,7,0.23999999999999999,0.26000000000000001,117,59,21.707547169811356,-0.1421121251629725,0.0012445494094808697,primary,random_pauli,256
10,7,0.23999999999999999,0.27000000000000002,117,13,10.761792452830207,-0.27692307692307672,0.00061700119029348198,primary,random_pauli,256
10,7,0.25,0.26000000000000001,116,59,5.3805031446540967,-0.21127995324371698,0.00030847805876021555,primary,random_pauli,256
10,7,0.25,0.27000000000000002,116,13,4.7421383647798834,-0.37891246684350105,0.00027187896704290195,primary,random_pauli,256
10,7,0.26000000000000001,0.27000000000000002,59,13,0.60298742138364891,-0.54654498044328514,3.4570816930024166e-05,primary,random_pauli,256
10,8,0.22,0.23999999999999999,29,137,14.138790035587174,-0.14356909136672549,0.00081061313154879764,primary,random_pauli,256
10,8,0.22,0.25,29,92,21.362989323843415,-0.13628185907046478,0.0012247950235810311,primary,random_pauli,256
10,8,0.22,0.26000000000000001,29,23,9.4946619217081878,-0.11199400299850074,0.00054435334381379181,primary,random_pauli,256
10,8,0.23999999999999999,0.25,137,92,11.21352313167262,-0.12170739447794342,0.00064290006984904827,primary,random_pauli,256
10,8,0.23999999999999999,0.26000000000000001,137,23,11.21352313167262,-0.080418914630276034,0.00064290006984904827,primary,random_pauli,256
10,8,0.25,0.26000000000000001,92,23,1.8825622775800748,-0.039130434782608643,0.00010793212851480372,primary,random_pauli,256
10,9,0.22,0.23999999999999999,67,136,35.874015748031454,-0.07906057945566293,0.0020567494229385085,primary,random_pauli,256
10,9,0.22,0.25,67,51,30.268700787401578,-0.13571358891815435,0.0017353823256043689,primary,random_pauli,256
10,9,0.23999999999999999,0.25,136,51,6.8267716535433198,-0.24901960784313704,0.00039139634540994128,primary,random_pauli,256
10,10,0.22,0.23999999999999999,86,89,39.658031088082858,-0.12072119153383858,0.0022736967371646353,primary,random_pauli,256
10,10,0.22,0.25,86,18,18.046632124352332,-0.1727820844099914,0.001034659751181661,primary,random_pauli,256
10,10,0.23999999999999999,0.25,89,18,2.0751295336787599,-0.27690387016229689,0.00011897250368884752,primary,random_pauli,256
10,12,0.20000000000000001,0.22,20,116,14.499999999999982,-0.041724137931034515,0.00083132222615040906,primary,random_pauli,256
10,12,0.20000000000000001,0.23999999999999999,20,24,11.999999999999986,-0.13250000000000009,0.00068799080784861437,primary,random_pauli,256
10,12,0.22,0.23999999999999999,116,24,17.399999999999977,-0.22327586206896566,0.00099758667138049066,primary,random_pauli,256
6,0,0.22,0.23999999999999999,31,39,1.3993055555555542,0.0043011408990189541,2.2568438338881856e-05,primary,z_projective,32
6,0,0.22,0.25,31,53,4.2786458333333339,-0.010549968242876536,6.9007340305427282e-05,primary,z_projective,32
6,0,0.22,0.26000000000000001,31,76,10.90740740740741,-0.0013582550207427988,0.00017591808346205363,primary,z_projective,32
6,0,0.22,0.27000000000000002,31,105,23.546006944444464,-0.011994038621264153,0.00037975737589464727,primary,z_projective,32
6,0,0.22,0.28000000000000003,31,128,41.333333333333371,-0.0096775670227925402,0.00066663694785620365,primary,z_projective,32
6,0,0.22,0.29999999999999999,31,173,99.314814814814753,-0.0085587731473252011,0.001601780444154487,primary,z_projective,32
6,0,0.22,0.34000000000000002,31,259,334.5416666666668,-0.005675347112894644,0.0053955927967111461,primary,z_projective,32
6,0,0.23999999999999999,0.25,39,53,0.5980902777777789,-0.040252186526667476,9.64618735452211e-06,primary,z_projective,32
6,0,0.23999999999999999,0.26000000000000001,39,76,3.4305555555555616,-0.0070176509405045434,5.5329074637258889e-05,primary,z_projective,32
6,0,0.23999999999999999,0.27000000000000002,39,105,10.66406250000002,-0.02285749163478621,0.00017199334056647913,primary,z_projective,32
6,0,0.23999999999999999,0.28000000000000003,39,128,23.111111111111153,-0.016666920983698277,0.0003727432396615336,primary,z_projective,32
6,0,0.23999999999999999,0.29999999999999999,39,173,70.28125,-0.012845411162773249,0.0011335180159238413,primary,z_projective,32
6,0,0.23999999999999999,0.34000000000000002,39,259,292.27430555555577,-0.0076706447152773607,0.0047138915562664595,primary,z_projective,32
6,0,0.25,0.26000000000000001,53,76,1.1655092592592615,0.026216884645658387,1.8797698434453345e-05,primary,z_projective,32
6,0,0.25,0.27000000000000002,53,105,6.440972222222233,-0.014160144188845579,0.00010388201766408424,primary,z_projective,32
6,0,0.25,0.28000000000000003,53,128,17.6666666666667,-0.0088051658027085439,0.00028493353416434542,primary,z_projective,32
6,0,0.25,0.29999999999999999,53,173,66.326678240740719,-0.007364056089994399,0.00106973744380277,primary,z_projective,32
6,0,0.25,0.34000000000000002,53,259,321.72656250000006,-0.0040504734029006804,0.0051889067823209997,primary,z_projective,32
6,0,0.26000000000000001,0.27000000000000002,76,105,2.3090277777777821,-0.054537173023349546,3.7240723313539641e-05,primary,z_projective,32
6,0,0.26000000000000001,0.28000000000000003,76,128,11.259259259259281,-0.026316191026892009,0.00018159286034792664,primary,z_projective,32
6,0,0.26000000000000001,0.29999999999999999,76,173,60.870370370370303,-0.01575929127390761,0.00098173640125597548,primary,z_projective,32
6,0,0.26000000000000001,0.34000000000000002,76,259,364.51851851851865,-0.0078338931589705656,0.0058790688537641153,primary,z_projective,32
6,0,0.27000000000000002,0.28000000000000003,105,128,3.8888888888888959,0.0019047909695655268,6.2721218212277279e-05,primary,z_projective,32
6,0,0.27000000000000002,0.29999999999999999,105,173,47.304687499999908,-0.0028333306907602708,0.00076294481841027628,primary,z_projective,32
6,0,0.27000000000000002,0.34000000000000002,105,259,385.57725694444451,-0.001161996035487849,0.0062187107838438263,primary,z_projective,32
6,0,0.28000000000000003,0.29999999999999999,128,173,25.62962962962953,-0.0052023915209231759,0.00041336269526567269,primary,z_projective,32
6,0,0.28000000000000003,0.34000000000000002,128,259,345.33333333333337,-0.0016731272029967454,0.0055696441772502131,primary,z_projective,32
6,0,0.29999999999999999,0.34000000000000002,173,259,207.43981481481515,9.1504955966464826e-05,0.0033456543148065571,primary,z_projective,32
6,1,0.20000000000000001,0.22,52,99,2.5599204375932345,-0.052292950219249179,4.128719872431943e-05,primary,z_projective,32
6,1,0.20000000000000001,0.23999999999999999,52,168,17.376429636996498,-0.031593888677889613,0.00028025250043174394,primary,z_projective,32
6,1,0.20000000000000001,0.25,52,199,32.160616608652397,-0.016961990555037047,0.00051869649912497293,primary,z_projective,32
6,1,0.20000000000000001,0.26000000000000001,52,241,56.085529587270017,-0.024886005860753447,0.00090456499023281757,primary,z_projective,32
6,1,0.20000000000000001,0.27000000000000002,52,263,83.307309796121359,-0.022872533856540603,0.0013436063887886495,primary,z_projective,32
6,1,0.20000000000000001,0.28000000000000003,52,300,124.11735454997519,-0.02865428338351203,0.0020018035745124601,primary,z_projective,32
6,1,0.20000000000000001,0.29999999999999999,52,322,208.15514669318736,-0.019407845112981107,0.003357191411421935,primary,z_projective,32
6,1,0.20000000000000001,0.34000000000000002,52,367,465.00049726504244,-0.021274690587030503,0.0074996736834286601,primary,z_projective,32
6,1,0.22,0.23999999999999999,99,168,8.2705121829935244,-0.010894827136530038,0.00013338941126318581,primary,z_projective,32
6,1,0.22,0.25,99,199,22.042391844853306,0.006591982554437696,0.00035550660055411621,primary,z_projective,32
6,1,0.22,0.26000000000000001,99,241,47.456986573843871,-0.011182533681505595,0.00076540114558161499,primary,z_projective,32
6,1,0.22,0.27000000000000002,99,263,80.920561909497806,-0.011104367311457182,0.0013051121712134648,primary,z_projective,32
6,1,0.22,0.28000000000000003,99,300,132.91894579811051,-0.020774727771599655,0.0021437583953012053,primary,z_projective,32
6,1,0.22,0.29999999999999999,99,322,253.62904027846832,-0.011186568836414093,0.0040906086120710353,primary,z_projective,32
6,1,0.22,0.34000000000000002,99,367,650.4167081054203,-0.016104980648327393,0.010490124414340557,primary,z_projective,32
6,1,0.23999999999999999,0.25,168,199,4.1561412232720114,0.041565601936373119,6.703154757922742e-05,primary,z_projective,32
6,1,0.23999999999999999,0.26000000000000001,168,241,20.133267031327733,-0.011470240226481149,0.00032471563751947352,primary,z_projective,32
6,1,0.23999999999999999,0.27000000000000002,168,263,49.435106911984178,-0.011244060761408612,0.00079730489005040857,primary,z_projective,32
6,1,0.23999999999999999,0.28000000000000003,168,300,100.24863252113393,-0.025714678089134458,0.0016168413486446812,primary,z_projective,32
6,1,0.23999999999999999,0.29999999999999999,168,322,242.10044753853808,-0.011283816069708777,0.0039046718569768993,primary,z_projective,32
6,1,0.23999999999999999,0.34000000000000002,168,367,766.48433615116915,-0.017147011350686862,0.012362099478179114,primary,z_projective,32
6,1,0.25,0.26000000000000001,199,241,5.9620835405271118,-0.064506082389335417,9.6158350991629814e-05,primary,z_projective,32
6,1,0.25,0.27000000000000002,199,263,26.025360517155693,-0.037648892110299474,0.00041974516698420984,primary,z_projective,32
6,1,0.25,0.28000000000000003,199,300,66.795126802585898,-0.048141438097636984,0.0010772927289518692,primary,z_projective,32
6,1,0.25,0.29999999999999999,199,322,199.1484336151168,-0.021853699670925167,0.0032119283215046404,primary,z_projective,32
6,1,0.25,0.34000000000000002,199,367,735.41434609646967,-0.02367063504924909,0.011860992945760063,primary,z_projective,32
6,1,0.26000000000000001,0.27000000000000002,241,263,7.8795375435107058,-0.010791701831263534,0.00012708364980300825,primary,z_projective,32
6,1,0.26000000000000001,0.28000000000000003,241,300,35.952262555942376,-0.03995911595178777,0.00057984935271334552,primary,z_projective,32
6,1,0.26000000000000001,0.29999999999999999,241,322,154.35504724017883,-0.011190603991322594,0.0024894865543159564,primary,z_projective,32
6,1,0.26000000000000001,0.34000000000000002,241,367,703.70561909497781,-0.018566204131738293,0.011349584663775867,primary,z_projective,32
6,1,0.27000000000000002,0.28000000000000003,263,300,9.8085529587270184,-0.069126530072312009,0.00015819541469254137,primary,z_projective,32
6,1,0.27000000000000002,0.29999999999999999,263,322,94.750621581302639,-0.011323571378008946,0.0015281677059299438,primary,z_projective,32
6,1,0.27000000000000002,0.34000000000000002,263,367,587.95735952262567,-0.019676847317520403,0.0094827604747198899,primary,z_projective,32
6,1,0.28000000000000003,0.29999999999999999,300,322,48.035803083043078,0.017577907969142666,0.00077473647955890554,primary,z_projective,32
6,1,0.28000000000000003,0.34000000000000002,300,367,492.73993038289404,-0.011435233525055127,0.0079470639502579946,primary,z_projective,32
6,1,0.29999999999999999,0.34000000000000002,322,367,235.05519641969209,-0.025941804272153982,0.0037910438399749321,primary,z_projective,32
6,2,0.20000000000000001,0.22,159,229,17.701020904229438,-0.01830793363719747,0.00028548761006937968,primary,z_projective,32
6,2,0.20000000000000001,0.23999999999999999,159,274,84.717549829849204,-0.043617247284428451,0.0013663511818167696,primary,z_projective,32
6,2,0.20000000000000001,0.25,159,277,133.82049100631983,-0.025611725181679274,0.0021582987988323756,primary,z_projective,32
6,2,0.20000000000000001,0.26000000000000001,159,265,184.35342732134174,-0.025912345076542248,0.0029733098253950712,primary,z_projective,32
6,2,0.20000000000000001,0.27000000000000002,159,257,243.35038891589704,-0.034141081220888742,0.0039248313030608127,primary,z_projective,32
6,2,0.20000000000000001,0.28000000000000003,159,225,278.26932425862918,-0.039719683642408507,0.0044880148307850157,primary,z_projective,32
6,2,0.20000000000000001,0.29999999999999999,159,235,454.12007778317923,-0.036307258139678993,0.0073241908696838748,primary,z_projective,32
6,2,0.20000000000000001,0.34000000000000002,159,136,515.10743801652904,-0.031869837809323176,0.0083078141200975952,primary,z_projective,32
6,2,0.22,0.23999999999999999,229,274,30.503646086533752,-0.068926560931659442,0.00049197235949062924,primary,z_projective,32
6,2,0.22,0.25,229,277,69.384662129314535,-0.03048091954466714,0.0011190575658851642,primary,z_projective,32
6,2,0.22,0.26000000000000001,229,265,118.00680602819646,-0.029714550796214635,0.001903250733795868,primary,z_projective,32
6,2,0.22,0.27000000000000002,229,257,178.81927564414207,-0.040474340254365249,0.0028840532935468051,primary,z_projective,32
6,2,0.22,0.28000000000000003,229,225,225.43753038405467,-0.046856933644145511,0.0036359271093741835,primary,z_projective,32
6,2,0.22,0.29999999999999999,229,235,418.5901798736021,-0.040807089265299377,0.00675115354629477,primary,z_projective,32
6,2,0.22,0.34000000000000002,229,136,545.05785123966962,-0.034130155171344129,0.0087908637666646878,primary,z_projective,32
6,2,0.23999999999999999,0.25,274,277,9.2243558580457155,0.046410363229317339,0.00014877330085033265,primary,z_projective,32
6,2,0.23999999999999999,0.26000000000000001,274,265,35.298979095770598,0.0094974593392301073,0.0005693129924236555,primary,z_projective,32
6,2,0.23999999999999999,0.27000000000000002,274,257,77.025036460865465,-0.021506193136169145,0.0012422839164867123,primary,z_projective,32
6,2,0.23999999999999999,0.28000000000000003,274,225,119.88332523091901,-0.035822120000388556,0.0019335158233256225,primary,z_projective,32
6,2,0.23999999999999999,0.29999999999999999,274,235,281.72581429265927,-0.031433932043179361,0.0045437621848152063,primary,z_projective,32
6,2,0.23999999999999999,0.34000000000000002,274,136,452.89256198347141,-0.027170874019281067,0.0073043931103412337,primary,z_projective,32
6,2,0.25,0.26000000000000001,277,265,8.9213660670880071,-0.027415444550857124,0.00014388658658882534,primary,z_projective,32
6,2,0.25,0.27000000000000002,277,257,34.608167233835736,-0.055464471318912391,0.00055817136231438649,primary,z_projective,32
6,2,0.25,0.28000000000000003,277,225,68.172702965483836,-0.063232947743623868,0.0010995107088391371,primary,z_projective,32
6,2,0.25,0.29999999999999999,277,235,197.78500243072429,-0.047002791097678714,0.0031899384762616874,primary,z_projective,32
6,2,0.25,0.34000000000000002,277,136,370.85950413223156,-0.035346567046903123,0.0059813382560848982,primary,z_projective,32
6,2,0.26000000000000001,0.27000000000000002,265,257,8.2772241127856248,-0.083513498086967661,0.00013349766336941558,primary,z_projective,32
6,2,0.26000000000000001,0.28000000000000003,265,225,28.986387943607244,-0.081141699340007242,0.00046750154487343977,primary,z_projective,32
6,2,0.26000000000000001,0.29999999999999999,265,235,121.0986874088477,-0.051899627734384127,0.0019531175652490315,primary,z_projective,32
6,2,0.26000000000000001,0.34000000000000002,265,136,280.33057851239681,-0.036337957358908872,0.0045212593850871268,primary,z_projective,32
6,2,0.27000000000000002,0.28000000000000003,257,225,7.0278317938745873,-0.07876990059304681,0.0001133470726721453,primary,z_projective,32
6,2,0.27000000000000002,0.29999999999999999,257,235,66.061618862420872,-0.041361670950189597,0.0010654624831181619,primary,z_projective,32
6,2,0.27000000000000002,0.34000000000000002,257,136,208.14876033057854,-0.02959859439775761,0.0033570884101652224,primary,z_projective,32
6,2,0.28000000000000003,0.29999999999999999,225,235,25.704910063198735,-0.022657556128760938,0.00041457684168021787,primary,z_projective,32
6,2,0.28000000000000003,0.34000000000000002,225,136,133.88429752066116,-0.021403376698542736,0.0021593278902833561,primary,z_projective,32
6,2,0.29999999999999999,0.34000000000000002,235,136,62.148760330578625,-0.020776286983433635,0.0010023546749957325,primary,z_projective,32
6,3,0.20000000000000001,0.22,229,228,39.022421524663635,-0.080837056658006209,0.00062936583830225726,primary,z_projective,32
6,3,0.20000000000000001,0.23999999999999999,229,183,125.28251121076219,-0.051383607923541449,0.0020205955861282996,primary,z_projective,32
6,3,0.20000000000000001,0.25,229,176,188.26606875934226,-0.050046416684634949,0.0030364141321600159,primary,z_projective,32
6,3,0.20000000000000001,0.26000000000000001,229,161,247.99775784753365,-0.051923365000070103,0.0039997855249998765,primary,z_projective,32
6,3,0.20000000000000001,0.27000000000000002,229,143,299.81371449925274,-0.048809577863361917,0.0048354895054648281,primary,z_projective,32
6,3,0.20000000000000001,0.28000000000000003,229,120,328.60986547085213,-0.056525607781612516,0.0052999228488611215,primary,z_projective,32
6,3,0.20000000000000001,0.29999999999999999,229,63,269.56278026905818,-0.062458844499857967,0.0043475929619563852,primary,z_projective,32
6,3,0.20000000000000001,0.34000000000000002,229,35,293.52391629297466,-0.048695155291824645,0.0047340456696858451,primary,z_projective,32
6,3,0.22,0.23999999999999999,228,183,31.183856502242119,-0.021930159189076689,0.00050294300615420556,primary,z_projective,32
6,3,0.22,0.25,228,176,67.479820627802695,-0.029519323369054124,0.0010883356854484462,primary,z_projective,32
6,3,0.22,0.26000000000000001,228,161,109.7399103139014,-0.03746651917110206,0.0017699196500727266,primary,z_projective,32
6,3,0.22,0.27000000000000002,228,143,152.29820627802701,-0.035998586345504215,0.0024563131789635084,primary,z_projective,32
6,3,0.22,0.28000000000000003,228,120,184.03587443946205,-0.048421791489481295,0.0029681882330412192,primary,z_projective,32
6,3,0.22,0.29999999999999999,228,63,171.76681614349769,-0.057864291460320919,0.0027703090175051344,primary,z_projective,32
6,3,0.22,0.34000000000000002,228,35,214.70852017937224,-0.043338171730794399,0.0034628862718814202,primary,z_projective,32
6,3,0.23999999999999999,0.25,183,176,6.0179372197309524,-0.044697651729008983,9.7059176626250484e-05,primary,z_projective,32
6,3,0.23999999999999999,0.26000000000000001,183,161,22.020179372197351,-0.053002879153127409,0.00035514835083696203,primary,z_projective,32
6,3,0.23999999999999999,0.27000000000000002,183,143,44.006165919282587,-0.045377537783122562,0.00070974522907945659,primary,z_projective,32
6,3,0.23999999999999999,0.28000000000000003,183,120,65.650224215246752,-0.061667607639683583,0.0010588273813772779,primary,z_projective,32
6,3,0.23999999999999999,0.29999999999999999,183,63,77.5493273542601,-0.069842335550735643,0.0012507398442519076,primary,z_projective,32
6,3,0.23999999999999999,0.34000000000000002,183,35,119.67488789237676,-0.047619774239137928,0.0019301540806356608,primary,z_projective,32
6,3,0.25,0.26000000000000001,176,161,5.2944693572496355,-0.061308106577245829,8.5390860310526385e-05,primary,z_projective,32
6,3,0.25,0.27000000000000002,176,143,18.810164424514237,-0.045717480810179338,0.00030337622420882669,primary,z_projective,32
6,3,0.25,0.28000000000000003,176,120,35.51569506726463,-0.067324259609908454,0.00057280825549918307,primary,z_projective,32
6,3,0.25,0.29999999999999999,176,63,51.793721973094158,-0.074871272315080992,0.00083534537260297379,primary,z_projective,32
6,3,0.25,0.34000000000000002,176,35,93.228699551569534,-0.047944454518041149,0.0015036216706853537,primary,z_projective,32
6,3,0.26000000000000001,0.27000000000000002,161,143,4.3017563527653282,-0.030126855043112851,6.9380074002302675e-05,primary,z_projective,32
6,3,0.26000000000000001,0.28000000000000003,161,120,14.439461883408097,-0.07033233612623975,0.00023288416448325375,primary,z_projective,32
6,3,0.26000000000000001,0.29999999999999999,161,63,30.322869955156914,-0.078262063749539784,0.00048905674541483151,primary,z_projective,32
6,3,0.26000000000000001,0.34000000000000002,161,35,67.384155455904363,-0.046273998010640562,0.001086792767588516,primary,z_projective,32
6,3,0.27000000000000002,0.28000000000000003,143,120,3.2062780269058351,-0.11053781720936667,5.171185639923181e-05,primary,z_projective,32
6,3,0.27000000000000002,0.29999999999999999,143,63,15.149663677130015,-0.094307133318348807,0.00024433852148636942,primary,z_projective,32
6,3,0.27000000000000002,0.34000000000000002,143,35,45.823056801195833,-0.04858073272028738,0.00073904861437235363,primary,z_projective,32
6,3,0.28000000000000003,0.29999999999999999,120,63,5.6502242152466158,-0.086191791372839832,9.1128586102142282e-05,primary,z_projective,32
6,3,0.28000000000000003,0.34000000000000002,120,35,28.251121076233183,-0.038254551972107483,0.00045564293051071305,primary,z_projective,32
6,3,0.29999999999999999,0.34000000000000002,63,35,6.5919282511210886,-0.014285932271741382,0.00010631668378583326,primary,z_projective,32
6,4,0.20000000000000001,0.22,221,150,50.379939209726388,-0.081310441302190714,0.00081254344132144476,primary,z_projective,32
6,4,0.20000000000000001,0.23999999999999999,221,104,139.72036474164116,-0.081053272973890214,0.0022534538105981397,primary,z_projective,32
6,4,0.20000000000000001,0.25,221,82,172.13145896656528,-0.069701979581488729,0.0027761900911816048,primary,z_projective,32
6,4,0.20000000000000001,0.26000000000000001,221,49,148.11702127659575,-0.050568691092473056,0.0023888777174850503,primary,z_projective,32
6,4,0.20000000000000001,0.27000000000000002,221,28,115.20212765957449,-0.079205197863429763,0.0018580160024883729,primary,z_projective,32
6,4,0.20000000000000001,0.28000000000000003,221,24,128.97264437689975,-0.037161200519082928,0.0020801112097829019,primary,z_projective,32
6,4,0.22,0.23999999999999999,150,104,23.708206686930062,-0.080796104645589714,0.00038237338415126807,primary,z_projective,32
6,4,0.22,0.25,150,82,42.059270516717326,-0.061963005101020742,0.00067834509015297169,primary,z_projective,32
6,4,0.22,0.26000000000000001,150,49,44.680851063829799,-0.035197815987614248,0.00072062676243892941,primary,z_projective,32
6,4,0.22,0.27000000000000002,150,28,39.893617021276626,-0.078363100487925372,0.00064341675217761583,primary,z_projective,32
6,4,0.22,0.28000000000000003,150,24,49.240121580547161,-0.022444786924713678,0.00079416010554494315,primary,z_projective,32
6,4,0.23999999999999999,0.25,104,82,3.2401215805471177,-0.024296806011882867,5.2257695834006786e-05,primary,z_projective,32
6,4,0.23999999999999999,0.26000000000000001,104,49,7.7446808510638441,0.010400472670361148,0.00012490863882274797,primary,z_projective,32
6,4,0.23999999999999999,0.27000000000000002,104,28,9.9574468085106567,-0.076741097716149148,0.00016059682134353308,primary,z_projective,32
6,4,0.23999999999999999,0.28000000000000003,104,24,15.173252279635287,0.0067308719357242934,0.00024471896585681233,primary,z_projective,32
6,4,0.25,0.26000000000000001,82,49,1.5265957446808538,0.045097751352605159,2.4621414383330126e-05,primary,z_projective,32
6,4,0.25,0.27000000000000002,82,28,3.4893617021276659,-0.10296324356828229,5.6277518590468863e-05,primary,z_projective,32
6,4,0.25,0.28000000000000003,82,24,6.729483282674785,0.017073431251593347,0.00010853521442447567,primary,z_projective,32
6,4,0.26000000000000001,0.27000000000000002,49,28,0.52127659574468177,-0.25102423848916977,8.4073122284541891e-06,primary,z_projective,32
6,4,0.26000000000000001,0.28000000000000003,49,24,1.7872340425531945,0.0030612712010874401,2.8825070497557217e-05,primary,z_projective,32
6,4,0.27000000000000002,0.28000000000000003,28,24,0.25531914893617064,0.25714678089134463,4.1178672139367451e-06,primary,z_projective,32
6,5,0.20000000000000001,0.22,104,54,28.221105527638162,-0.14366316078683528,0.00045515883034046435,primary,z_projective,32
6,5,0.20000000000000001,0.23999999999999999,104,29,60.623115577889379,-0.076493209634068873,0.00097774859850914553,primary,z_projective,32
6,5,0.20000000000000001,0.25,104,12,39.195979899497473,-0.11820693189976783,0.00063216504213953423,primary,z_projective,32
6,5,0.22,0.23999999999999999,54,29,7.8693467336683325,-0.0093232584813024901,0.00012691928922955255,primary,z_projective,32
6,5,0.22,0.25,54,12,7.3266331658291461,-0.1012361126417229,0.00011816623479992837,primary,z_projective,32
6,5,0.23999999999999999,0.25,29,12,0.43718592964824199,-0.28506182096256344,7.0510716238640509e-06,primary,z_projective,32
8,0,0.20000000000000001,0.22,12,29,0.39411098527746274,0.0034483284793858666,6.3563454276282767e-06,primary,z_projective,32
8,0,0.20000000000000001,0.23999999999999999,12,46,2.5005662514156257,-0.0021739462152650115,4.032991581667596e-05,primary,z_projective,32
8,0,0.20000000000000001,0.25,12,56,4.7565118912797262,0.018571711953263795,7.671451378172063e-05,primary,z_projective,32
8,0,0.20000000000000001,0.26000000000000001,12,86,10.518686296715742,0.011628084407231362,0.00016964866762014799,primary,z_projective,32
8,0,0.20000000000000001,0.27000000000000002,12,97,16.148357870894682,0.0044183295685798086,0.00026044577428894171,primary,z_projective,32
8,0,0.20000000000000001,0.28000000000000003,12,114,24.78822197055494,-0.00043860318378154118,0.00039979220896531017,primary,z_projective,32
8,0,0.20000000000000001,0.29999999999999999,12,172,58.437146092865213,0.001162808440723129,0.00094249259788971068,primary,z_projective,32
8,0,0.20000000000000001,0.34000000000000002,12,271,180.46206115515295,-0.0021613403067948229,0.0029105486528784828,primary,z_projective,32
8,0,0.22,0.23999999999999999,29,46,1.5107587768969404,-0.0077962209099158896,2.4365990805908389e-05,primary,z_projective,32
8,0,0.22,0.25,29,56,4.1381653454133636,0.028653967602515745,6.6741626990096984e-05,primary,z_projective,32
8,0,0.22,0.26000000000000001,29,86,11.297848244620615,0.015717962371154106,0.00018221523559201085,primary,z_projective,32
8,0,0.22,0.27000000000000002,29,97,19.910815402038519,0.0048063300042573845,0.00032112786795830412,primary,z_projective,32
8,0,0.22,0.28000000000000003,29,114,33.696489241223134,-0.0017342470715040093,0.00054346753406221877,primary,z_projective,32
8,0,0.22,0.29999999999999999,29,172,90.382785956964867,0.0005914284310574448,0.001457721884736086,primary,z_projective,32
8,0,0.22,0.34000000000000002,29,271,320.41223103057774,-0.0030962851044916044,0.0051677088326617972,primary,z_projective,32
8,0,0.23999999999999999,0.25,46,56,0.7293318233295597,0.10155434462737892,1.176289211319719e-05,primary,z_projective,32
8,0,0.23999999999999999,0.26000000000000001,46,86,4.4801812004530079,0.039232145652224069,7.2257765838211284e-05,primary,z_projective,32
8,0,0.23999999999999999,0.27000000000000002,46,97,11.369762174405457,0.013208030613706222,0.00018337508597894906,primary,z_projective,32
8,0,0.23999999999999999,0.28000000000000003,46,114,23.755379388448514,0.0012967398477019265,0.00038313420025842273,primary,z_projective,32
8,0,0.23999999999999999,0.29999999999999999,46,172,80.64326160815402,0.0033873115447152213,0.0013006397850878011,primary,z_projective,32
8,0,0.23999999999999999,0.34000000000000002,46,271,352.94450736126868,-0.0021562979434067478,0.0056923995762079198,primary,z_projective,32
8,0,0.25,0.26000000000000001,56,86,1.3635334088335243,-0.023090053322930772,2.199149395075996e-05,primary,z_projective,32
8,0,0.25,0.27000000000000002,56,97,6.151755379388459,-0.030965126393130121,9.9217437824358889e-05,primary,z_projective,32
8,0,0.25,0.28000000000000003,56,114,16.267270668176696,-0.032122461745523738,0.00026236363713348507,primary,z_projective,32
8,0,0.25,0.29999999999999999,56,172,68.17667044167608,-0.016246095071817537,0.0010995746975379958,primary,z_projective,32
8,0,0.25,0.34000000000000002,56,271,348.03397508493782,-0.013679702673494051,0.0056132009734085027,primary,z_projective,32
8,0,0.26000000000000001,0.27000000000000002,86,97,2.3618346545866409,-0.038840199463329471,3.8092409164709222e-05,primary,z_projective,32
8,0,0.26000000000000001,0.28000000000000003,86,114,11.103057757644416,-0.036638665956820214,0.00017907359359904546,primary,z_projective,32
8,0,0.26000000000000001,0.29999999999999999,86,172,67.007927519818708,-0.014535105509039229,0.0010807248455802004,primary,z_projective,32
8,0,0.26000000000000001,0.34000000000000002,86,271,422.30577576443966,-0.012503408842314458,0.006811079840749649,primary,z_projective,32
8,0,0.27000000000000002,0.28000000000000003,97,114,3.1308040770101977,-0.034437132450310964,5.0494588892754075e-05,primary,z_projective,32
8,0,0.27000000000000002,0.29999999999999999,97,172,42.513023782559372,-0.0064334075242757985,0.00068566336496476336,primary,z_projective,32
8,0,0.27000000000000002,0.34000000000000002,97,271,364.68374858437159,-0.0087410101821694553,0.0058817337360252677,primary,z_projective,32
8,0,0.28000000000000003,0.29999999999999999,114,172,22.206115515288705,0.0075684549387418226,0.00035814718719808886,primary,z_projective,32
8,0,0.28000000000000003,0.34000000000000002,114,271,314.88788221970555,-0.0044583231374791992,0.0050786104045124529,primary,z_projective,32
8,0,0.29999999999999999,0.34000000000000002,172,271,211.15288788222011,-0.010471712175589695,0.0034055399203748288,primary,z_projective,32
8,1,0.20000000000000001,0.22,45,109,2.4961832061068674,-0.015576180589046454,4.0259224688927263e-05,primary,z_projective,32
8,1,0.20000000000000001,0.23999999999999999,45,184,16.854961832061047,-0.010954273429140828,0.00027184210432156387,primary,z_projective,32
8,1,0.20000000000000001,0.25,45,192,27.480916030534342,-0.015611349321397397,0.00044322082226341976,primary,z_projective,32
8,1,0.20000000000000001,0.26000000000000001,45,226,46.580152671755727,-0.0086399220674589303,0.00075125929373649682,primary,z_projective,32
8,1,0.20000000000000001,0.27000000000000002,45,260,72.938931297709942,-0.010793815494204597,0.0011763819324241607,primary,z_projective,32
8,1,0.20000000000000001,0.28000000000000003,45,299,109.55725190839701,-0.015280798012255809,0.0017669736780901685,primary,z_projective,32
8,1,0.20000000000000001,0.29999999999999999,45,317,181.48854961832055,-0.018243531090631506,0.0029271041803646679,primary,z_projective,32
8,1,0.20000000000000001,0.34000000000000002,45,333,373.67175572519096,-0.019322474159736692,0.0060266951307268541,primary,z_projective,32
8,1,0.22,0.23999999999999999,109,184,10.206615776081414,-0.0063323662692351991,0.00016461549650583594,primary,z_projective,32
8,1,0.22,0.25,109,192,23.963358778625953,-0.015634795142964692,0.00038648855701370213,primary,z_projective,32
8,1,0.22,0.26000000000000001,109,226,50.145547073791377,-0.0051717928066651727,0.00080876309152867352,primary,z_projective,32
8,1,0.22,0.27000000000000002,109,260,90.139949109414829,-0.0088808694562678564,0.0014538053359890429,primary,z_projective,32
8,1,0.22,0.28000000000000003,109,299,149.27175572519096,-0.015182337153325594,0.0024075016363978552,primary,z_projective,32
8,1,0.22,0.29999999999999999,109,317,281.34758269720089,-0.018910368716027772,0.0045376619471608716,primary,z_projective,32
8,1,0.22,0.34000000000000002,109,333,664.9832061068704,-0.019946856421518395,0.010725057457130238,primary,z_projective,32
8,1,0.23999999999999999,0.25,184,192,4.4946564885496256,-0.034239652890423661,7.2491227819083905e-05,primary,z_projective,32
8,1,0.23999999999999999,0.26000000000000001,184,226,21.162340966921157,-0.0040112193440951481,0.00034131286431485344,primary,z_projective,32
8,1,0.23999999999999999,0.27000000000000002,184,260,54.778625954198574,-0.010579871580956293,0.00088348683904508531,primary,z_projective,32
8,1,0.23999999999999999,0.28000000000000003,184,299,111.99185750636153,-0.019607322595370787,0.0018062397598255077,primary,z_projective,32
8,1,0.23999999999999999,0.29999999999999999,184,317,267.15114503816795,-0.02310303619829196,0.0043086973534967928,primary,z_projective,32
8,1,0.23999999999999999,0.34000000000000002,184,333,779.54198473282486,-0.022669754451975034,0.012572697324872352,primary,z_projective,32
8,1,0.25,0.26000000000000001,192,226,5.520610687022911,0.026217214202233361,8.9038138516918296e-05,primary,z_projective,32
8,1,0.25,0.27000000000000002,192,260,25.404580152671798,0.0012500190737773909,0.00040973302680351775,primary,z_projective,32
8,1,0.25,0.28000000000000003,192,299,65.734351145038289,-0.014729879163686496,0.0010601842068541025,primary,z_projective,32
8,1,0.25,0.29999999999999999,192,317,193.5877862595419,-0.020875712859865617,0.0031222444590556456,primary,z_projective,32
8,1,0.25,0.34000000000000002,192,333,658.88244274809188,-0.021384210181036298,0.01062666243458776,primary,z_projective,32
8,1,0.26000000000000001,0.27000000000000002,226,260,7.4758269720101902,-0.023717176054678581,0.00012057247924166017,primary,z_projective,32
8,1,0.26000000000000001,0.28000000000000003,226,299,34.388804071246874,-0.035203425846646423,0.00055463340451163677,primary,z_projective,32
8,1,0.26000000000000001,0.29999999999999999,226,317,145.83613231552147,-0.032648944625390384,0.0023520908258219181,primary,z_projective,32
8,1,0.26000000000000001,0.34000000000000002,226,333,612.78778625954226,-0.027334388228945006,0.0098832333753779179,primary,z_projective,32
8,1,0.27000000000000002,0.28000000000000003,260,299,9.8905852417302977,-0.046689675638614273,0.00015951845704980706,primary,z_projective,32
8,1,0.27000000000000002,0.29999999999999999,260,317,94.37404580152652,-0.035626200815627652,0.0015220941737896247,primary,z_projective,32
8,1,0.27000000000000002,0.34000000000000002,260,333,539.74809160305369,-0.027851132825268785,0.0087052262999387908,primary,z_projective,32
8,1,0.28000000000000003,0.29999999999999999,299,317,48.235623409669024,-0.030094463404134325,0.00077795924438136242,primary,z_projective,32
8,1,0.28000000000000003,0.34000000000000002,299,333,456.03206106870226,-0.024711375689711199,0.007355027935050322,primary,z_projective,32
8,1,0.29999999999999999,0.34000000000000002,317,333,214.88244274809199,-0.022019831832499642,0.0034656913495517746,primary,z_projective,32
8,2,0.20000000000000001,0.22,165,212,16.890391115403165,-0.03918870546218458,0.00027241351890169103,primary,z_projective,32
8,2,0.20000000000000001,0.23999999999999999,165,264,84.133268952196914,-0.055758426563645186,0.0013569277167933291,primary,z_projective,32
8,2,0.20000000000000001,0.25,165,260,129.46644133268947,-0.044093912912956175,0.002088075321770039,primary,z_projective,32
8,2,0.20000000000000001,0.26000000000000001,165,244,174.9589570255915,-0.049103249670104827,0.0028217928656043127,primary,z_projective,32
8,2,0.20000000000000001,0.27000000000000002,165,275,268.39389183969104,-0.037333903003484138,0.004328740763207892,primary,z_projective,32
8,2,0.20000000000000001,0.28000000000000003,165,264,336.53307580878811,-0.036023276944311504,0.0054277108671733241,primary,z_projective,32
8,2,0.20000000000000001,0.29999999999999999,165,226,450.14485755673576,-0.040651733195122372,0.0072600772726158294,primary,z_projective,32
8,2,0.20000000000000001,0.34000000000000002,165,161,628.52969579913099,-0.035156353711003993,0.010137123823657753,primary,z_projective,32
8,2,0.22,0.23999999999999999,212,264,27.024625784645071,-0.072328147665105799,0.00043586163024270574,primary,z_projective,32
8,2,0.22,0.25,212,260,59.884113954611301,-0.047364051213470572,0.00096582974883326945,primary,z_projective,32
8,2,0.22,0.26000000000000001,212,244,99.909222597778907,-0.054060521774064951,0.0016113672390790966,primary,z_projective,32
8,2,0.22,0.27000000000000002,212,275,175.94157411878331,-0.036591982020003973,0.0028376408218926201,primary,z_projective,32
8,2,0.22,0.28000000000000003,212,264,243.2216320618061,-0.034968134105020476,0.003922754672184359,primary,z_projective,32
8,2,0.22,0.29999999999999999,212,226,370.15548044422974,-0.041017490128356822,0.0059699835415061558,primary,z_projective,32
8,2,0.22,0.34000000000000002,212,161,593.31337518107216,-0.034484295085807228,0.0095691439730557805,primary,z_projective,32
8,2,0.23999999999999999,0.25,264,260,8.2858522452921441,0.0025641416897997905,0.0001336368205932828,primary,z_projective,32
8,2,0.23999999999999999,0.26000000000000001,264,244,31.103814582327434,-0.035792895883024138,0.0005016520649963231,primary,z_projective,32
8,2,0.23999999999999999,0.27000000000000002,264,275,78.874939642684836,-0.012767871589936121,0.0012721197344937498,primary,z_projective,32
8,2,0.23999999999999999,0.28000000000000003,264,264,134.61323032351544,-0.01628812732497785,0.0021710843468693325,primary,z_projective,32
8,2,0.23999999999999999,0.29999999999999999,264,226,259.28343795267983,-0.030580604282773833,0.0041818045090267182,primary,z_projective,32
8,2,0.23999999999999999,0.34000000000000002,264,161,513.08546595847451,-0.026915524569947519,0.0082752031213532713,primary,z_projective,32
8,2,0.25,0.26000000000000001,260,244,7.658136166103346,-0.074149933455848069,0.00012351281903318564,primary,z_projective,32
8,2,0.25,0.27000000000000002,260,275,34.52438435538393,-0.020433878229804078,0.0005568200858053449,primary,z_projective,32
8,2,0.25,0.28000000000000003,260,264,74.572670207629301,-0.022572216996570395,0.0012027313853395453,primary,z_projective,32
8,2,0.25,0.29999999999999999,260,226,177.32979237083526,-0.037209553477288569,0.0028600304407274475,primary,z_projective,32
8,2,0.25,0.34000000000000002,260,161,409.30226943505568,-0.030191043043252781,0.0066013552172613579,primary,z_projective,32
8,2,0.26000000000000001,0.27000000000000002,244,275,8.0999517141477693,0.033282176996239921,0.00013063855859279247,primary,z_projective,32
8,2,0.26000000000000001,0.28000000000000003,244,264,31.103814582327434,0.0032166412330684427,0.0005016520649963231,primary,z_projective,32
8,2,0.26000000000000001,0.29999999999999999,244,226,106.50700144857545,-0.027974458482648682,0.0017177782831692228,primary,z_projective,32
8,2,0.26000000000000001,0.34000000000000002,244,161,303.49782713664905,-0.024696181741678362,0.0048949080281459334,primary,z_projective,32
8,2,0.27000000000000002,0.28000000000000003,275,264,8.7638821825205362,-0.026848894530103033,0.00014134663716597218,primary,z_projective,32
8,2,0.27000000000000002,0.29999999999999999,275,226,67.521728633510236,-0.048393336975611594,0.0010890115908923723,primary,z_projective,32
8,2,0.27000000000000002,0.34000000000000002,275,161,261.88737324963796,-0.032978804418523841,0.004223801593190731,primary,z_projective,32
8,2,0.28000000000000003,0.29999999999999999,264,226,28.80927088363099,-0.059165558198365893,0.0004646449454474115,primary,z_projective,32
8,2,0.28000000000000003,0.34000000000000002,264,161,184.7107677450507,-0.034000456066593972,0.002979073123687176,primary,z_projective,32
8,2,0.29999999999999999,0.34000000000000002,226,161,70.277160791888093,-0.021417905000708056,0.0011334520638944493,primary,z_projective,32
8,3,0.20000000000000001,0.22,238,244,42.326530612244852,0.017151384453537154,0.00068265554469409007,primary,z_projective,32
8,3,0.20000000000000001,0.23999999999999999,238,189,131.14285714285697,-0.03591713690978119,0.0021151130811013605,primary,z_projective,32
8,3,0.20000000000000001,0.25,238,199,215.75255102040811,-0.023320316990087089,0.0034797247283330952,primary,z_projective,32
8,3,0.20000000000000001,0.26000000000000001,238,188,293.51020408163265,-0.027436499463062768,0.0047338245148459083,primary,z_projective,32
8,3,0.20000000000000001,0.27000000000000002,238,122,259.25,-0.031634119759742521,0.0041812652112513064,primary,z_projective,32
8,3,0.20000000000000001,0.28000000000000003,238,89,247.02040816326542,-0.049226508855732772,0.0039840225231327284,primary,z_projective,32
8,3,0.20000000000000001,0.29999999999999999,238,68,294.89795918367338,-0.041093064005185517,0.0047562066638522707,primary,z_projective,32
8,3,0.20000000000000001,0.34000000000000002,238,35,297.50000000000011,-0.030156522576986845,0.0047981731932392052,primary,z_projective,32
8,3,0.22,0.23999999999999999,244,189,33.612244897959144,-0.088985658273099538,0.00054210881490413031,primary,z_projective,32
8,3,0.22,0.25,244,199,79.629008746355694,-0.050301451285836574,0.0012842815972133579,primary,z_projective,32
8,3,0.22,0.26000000000000001,244,188,133.73760932944612,-0.049730441421362709,0.0021569620571846911,primary,z_projective,32
8,3,0.22,0.27000000000000002,244,122,135.60495626822166,-0.051148321445054372,0.0021870792135682544,primary,z_projective,32
8,3,0.22,0.28000000000000003,244,89,142.45189504373189,-0.071352473292156063,0.0022975087869746519,primary,z_projective,32
8,3,0.22,0.29999999999999999,244,68,193.49271137026227,-0.055654176119866186,0.0031207110614586988,primary,z_projective,32
8,3,0.22,0.34000000000000002,244,35,224.08163265306129,-0.038041173748740845,0.0036140587660275407,primary,z_projective,32
8,3,0.23999999999999999,0.25,189,199,6.8533163265306243,0.027066962688689213,0.00011053243254705147,primary,z_projective,32
8,3,0.23999999999999999,0.26000000000000001,189,188,25.89795918367351,-0.010475224569625958,0.00041769039836875727,primary,z_projective,32
8,3,0.23999999999999999,0.27000000000000002,189,122,37.813775510204152,-0.025923430226357642,0.00060987241676714837,primary,z_projective,32
8,3,0.23999999999999999,0.28000000000000003,189,89,49.040816326530695,-0.062535880801684346,0.00079094564797488082,primary,z_projective,32
8,3,0.23999999999999999,0.29999999999999999,189,68,84.306122448979579,-0.0445436820687884,0.0013597155521365904,primary,z_projective,32
8,3,0.23999999999999999,0.34000000000000002,189,35,120.53571428571436,-0.027852276843869119,0.0019440377583652248,primary,z_projective,32
8,3,0.25,0.26000000000000001,199,188,6.8170553935860179,-0.048017411827941128,0.00010994760486161735,primary,z_projective,32
8,3,0.25,0.27000000000000002,199,122,17.69533527696796,-0.052418626683881066,0.00028539591049185777,primary,z_projective,32
8,3,0.25,0.28000000000000003,199,89,29.04500728862979,-0.092403495298475538,0.00046844697603274201,primary,z_projective,32
8,3,0.25,0.29999999999999999,199,68,61.64358600583089,-0.058865811020283931,0.00099420706523802721,primary,z_projective,32
8,3,0.25,0.34000000000000002,199,35,102.79974489795923,-0.033954414569708942,0.00165798648820577,primary,z_projective,32
8,3,0.26000000000000001,0.27000000000000002,188,122,4.1793002915451964,-0.056819841539821017,6.7405064287021679e-05,primary,z_projective,32
8,3,0.26000000000000001,0.28000000000000003,188,89,12.195335276967951,-0.11459653703374274,0.00019669018759163704,primary,z_projective,32
8,3,0.26000000000000001,0.29999999999999999,188,68,37.271137026239025,-0.061577910818369649,0.0006011205733137654,primary,z_projective,32
8,3,0.26000000000000001,0.34000000000000002,188,35,76.734693877551052,-0.032196539912429913,0.001237601180351872,primary,z_projective,32
8,3,0.27000000000000002,0.28000000000000003,122,89,1.978498542274056,-0.17237323252766446,3.1909844263536864e-05,primary,z_projective,32
8,3,0.27000000000000002,0.29999999999999999,122,68,13.604956268221546,-0.063163933911219203,0.00021942499650881445,primary,z_projective,32
8,3,0.27000000000000002,0.34000000000000002,122,35,38.125000000000007,-0.028678925394231176,0.0006148919428310745,primary,z_projective,32
8,3,0.28000000000000003,0.29999999999999999,89,68,4.4110787172011499,-0.0085592846029964049,7.1143259341655566e-05,primary,z_projective,32
8,3,0.28000000000000003,0.34000000000000002,89,35,20.433673469387752,-0.0047298742053256083,0.00032956068665619974,primary,z_projective,32
8,3,0.29999999999999999,0.34000000000000002,68,35,6.9387755102040938,-0.0028151690064902148,0.00011191074503181836,primary,z_projective,32
8,4,0.20000000000000001,0.22,206,143,44.63333333333329,-0.048741323542115564,0.00071986038159633473,primary,z_projective,32
8,4,0.20000000000000001,0.23999999999999999,206,88,109.86666666666655,-0.03223791468294334,0.0017719640162371314,primary,z_projective,32
8,4,0.20000000000000001,0.25,206,82,159.96212121212116,-0.072309888585111656,0.0025799191997770755,primary,z_projective,32
8,4,0.20000000000000001,0.26000000000000001,206,50,140.45454545454544,-0.048583265593646334,0.0022652949071213348,primary,z_projective,32
8,4,0.20000000000000001,0.27000000000000002,206,43,164.40984848484854,-0.07172963690652176,0.0026516535385025862,primary,z_projective,32
8,4,0.20000000000000001,0.28000000000000003,206,32,159.80606060606067,-0.072938006149533982,0.0025774022054358314,primary,z_projective,32
8,4,0.20000000000000001,0.29999999999999999,206,16,124.8484848484848,-0.043350176034298742,0.0020135954729967416,primary,z_projective,32
8,4,0.22,0.23999999999999999,143,88,19.066666666666645,-0.015734505823771113,0.00030751317272076432,primary,z_projective,32
8,4,0.22,0.25,143,82,39.974999999999994,-0.088022265280442366,0.00064472932235205762,primary,z_projective,32
8,4,0.22,0.26000000000000001,143,50,43.33333333333335,-0.048504236619411716,0.00069889357436537451,primary,z_projective,32
8,4,0.22,0.27000000000000002,143,43,58.229166666666707,-0.080924962252284224,0.00093913824055347228,primary,z_projective,32
8,4,0.22,0.28000000000000003,143,32,62.400000000000063,-0.081003567018673436,0.00100640674708614,primary,z_projective,32
8,4,0.22,0.29999999999999999,143,16,55.46666666666664,-0.042002389157344534,0.0008945837751876786,primary,z_projective,32
8,4,0.23999999999999999,0.25,88,82,2.7333333333333378,-0.23259778419378471,4.4084056229200597e-05,primary,z_projective,32
8,4,0.23999999999999999,0.26000000000000001,88,50,6.6666666666666794,-0.081273967415052287,0.00010752208836390393,primary,z_projective,32
8,4,0.23999999999999999,0.27000000000000002,88,43,12.900000000000023,-0.12438526653795957,0.00020805524098415409,primary,z_projective,32
8,4,0.23999999999999999,0.28000000000000003,88,32,17.066666666666695,-0.11363809761612456,0.000275256546211594,primary,z_projective,32
8,4,0.23999999999999999,0.29999999999999999,88,16,19.200000000000003,-0.050758350268535674,0.00030966361448804276,primary,z_projective,32
8,4,0.25,0.26000000000000001,82,50,1.5530303030303056,0.070049849363680139,2.5047759221136706e-05,primary,z_projective,32
8,4,0.25,0.27000000000000002,82,43,5.3424242424242516,-0.070279007710047026,8.6164291720710275e-05,primary,z_projective,32
8,4,0.25,0.28000000000000003,82,32,8.9454545454545595,-0.073984868756904507,0.0001442750931137474,primary,z_projective,32
8,4,0.25,0.29999999999999999,82,16,12.42424242424242,-0.014390463483485829,0.00020038207376909324,primary,z_projective,32
8,4,0.26000000000000001,0.27000000000000002,50,43,0.814393939393941,-0.21060786478377416,1.3134800567181447e-05,primary,z_projective,32
8,4,0.26000000000000001,0.28000000000000003,50,32,2.4242424242424288,-0.14600222781719682,3.9098941223237788e-05,primary,z_projective,32
8,4,0.26000000000000001,0.29999999999999999,50,16,4.8484848484848433,-0.035500541695277353,7.8197882446475345e-05,primary,z_projective,32
8,4,0.27000000000000002,0.28000000000000003,43,32,0.52121212121212213,-0.081396590850619496,8.4062723629961232e-06,primary,z_projective,32
8,4,0.27000000000000002,0.29999999999999999,43,16,2.3454545454545408,0.022868566000888366,3.7828225633482416e-05,primary,z_projective,32
8,4,0.28000000000000003,0.29999999999999999,32,16,0.77575757575757287,0.075001144426642435,1.2511661191436023e-05,primary,z_projective,32
8,5,0.20000000000000001,0.22,97,49,25.831521739130405,-0.036482778437701875,0.00041661887445133193,primary,z_projective,32
8,5,0.20000000000000001,0.23999999999999999,97,28,59.043478260869492,-0.026914990955265356,0.00095227171303161572,primary,z_projective,32
8,5,0.20000000000000001,0.25,97,10,32.948369565217376,-0.046103796271607475,0.00053140162557567885,primary,z_projective,32
8,5,0.22,0.23999999999999999,49,28,7.4565217391304257,-0.017347203472828841,0.00012026111839832261,primary,z_projective,32
8,5,0.22,0.25,49,10,5.991847826086957,-0.052517808160877866,9.6638398712937929e-05,primary,z_projective,32
8,5,0.23999999999999999,0.25,28,10,0.38043478260869634,-0.12285901753697584,6.1357713468532127e-06,primary,z_projective,32
10,0,0.20000000000000001,0.22,11,24,0.31845597104945683,-0.046970413681331619,5.1361576588788699e-06,primary,z_projective,32
10,0,0.20000000000000001,0.23999999999999999,11,38,2.0168878166465594,0.01028723831051232,3.2528998506232833e-05,primary,z_projective,32
10,0,0.20000000000000001,0.25,11,70,5.8051869722557283,-0.03116930677470851,9.3627873989979472e-05,primary,z_projective,32
10,0,0.20000000000000001,0.26000000000000001,11,69,8.2400482509047048,-0.015898354139917747,0.0001328980794234909,primary,z_projective,32
10,0,0.20000000000000001,0.27000000000000002,11,100,16.254523522316045,-0.015896346455101341,0.00026215804717194264,primary,z_projective,32
10,0,0.20000000000000001,0.28000000000000003,11,119,25.264173703256951,-0.011917676119741493,0.000407468507604391,primary,z_projective,32
10,0,0.20000000000000001,0.29999999999999999,11,150,49.758745476477664,-0.011127442518570943,0.00080252463419982394,primary,z_projective,32
10,0,0.20000000000000001,0.34000000000000002,11,248,161.24487334137521,-0.011740857827435556,0.0026006078279456712,primary,z_projective,32
10,0,0.22,0.23999999999999999,24,38,1.1001206272617599,0.067544890302356261,1.774309009430882e-05,primary,z_projective,32
10,0,0.22,0.25,24,70,4.5597104945717728,-0.020635235503626448,7.354043920667479e-05,primary,z_projective,32
10,0,0.22,0.26000000000000001,24,69,7.9903498190591113,-0.00036232436921082573,0.00012887086489550637,primary,z_projective,32
10,0,0.22,0.27000000000000002,24,100,18.094089264173718,-0.0034667195646092431,0.00029182713970902721,primary,z_projective,32
10,0,0.22,0.28000000000000003,24,119,31.006031363088084,-0.00023343026587813165,0.00050007498660538906,primary,z_projective,32
10,0,0.22,0.29999999999999999,24,150,69.481302774426993,-0.002166699727880778,0.0011206162164826632,primary,z_projective,32
10,0,0.22,0.34000000000000002,24,248,258.47044632086858,-0.0058692651851195519,0.0041686923253155097,primary,z_projective,32
10,0,0.23999999999999999,0.25,38,70,0.80217129071170212,-0.19699548711559162,1.2937669860433551e-05,primary,z_projective,32
10,0,0.23999999999999999,0.26000000000000001,38,69,3.1628468033775685,-0.068269539040777816,5.1011384021137999e-05,primary,z_projective,32
10,0,0.23999999999999999,0.27000000000000002,38,100,10.313630880579028,-0.050807792809252843,0.00016634146963414567,primary,z_projective,32
10,0,0.23999999999999999,0.28000000000000003,38,119,21.819059107358299,-0.03412259054999528,0.00035190462020379262,primary,z_projective,32
10,0,0.23999999999999999,0.29999999999999999,38,150,61.881785283474059,-0.025403896404626442,0.00099804881780487229,primary,z_projective,32
10,0,0.23999999999999999,0.34000000000000002,38,248,284.1978287092885,-0.020552096282614698,0.0045836316076964543,primary,z_projective,32
10,0,0.25,0.26000000000000001,70,69,1.4565741857659857,0.060456409034035985,2.3492084746576715e-05,primary,z_projective,32
10,0,0.25,0.27000000000000002,70,100,8.4439083232810752,0.022286054343916541,0.00013618599853087949,primary,z_projective,32
10,0,0.25,0.28000000000000003,70,119,22.608564535585085,0.020168374971870167,0.00036463801106642992,primary,z_projective,32
10,0,0.25,0.29999999999999999,70,150,79.161640530759925,0.0089144217375666263,0.0012767437362269927,primary,z_projective,32
10,0,0.25,0.34000000000000002,70,248,424.05307599517505,-0.00094727507895058709,0.006839260846220759,primary,z_projective,32
10,0,0.26000000000000001,0.27000000000000002,69,100,2.0808202653799794,-0.015884300346202904,3.356012106653816e-05,primary,z_projective,32
10,0,0.26000000000000001,0.28000000000000003,69,119,9.9047044632087022,2.4357940787256262e-05,0.00015974617627672165,primary,z_projective,32
10,0,0.26000000000000001,0.29999999999999999,69,150,49.939686369119364,-0.003971075086550732,0.00080544290559691361,primary,z_projective,32
10,0,0.26000000000000001,0.34000000000000002,69,248,330.26779252110987,-0.0086227355930739141,0.0053266624156809292,primary,z_projective,32
10,0,0.27000000000000002,0.28000000000000003,100,119,3.5886610373944574,0.015933016227777416,5.7879049375623787e-05,primary,z_projective,32
10,0,0.27000000000000002,0.29999999999999999,100,150,40.711700844390748,0,0.00065661106434530933,primary,z_projective,32
10,0,0.27000000000000002,0.34000000000000002,100,248,366.46562123039814,-0.0075853691997697717,0.0059104723362401615,primary,z_projective,32
10,0,0.28000000000000003,0.29999999999999999,119,150,21.531966224366627,-0.0079665081138887307,0.00034727429625374084,primary,z_projective,32
10,0,0.28000000000000003,0.34000000000000002,119,248,320.39565741857655,-0.011505100104360974,0.0051674415282556823,primary,z_projective,32
10,0,0.29999999999999999,0.34000000000000002,150,248,179.49336550060349,-0.01327439609959709,0.0028949252259135535,primary,z_projective,32
10,1,0.20000000000000001,0.22,58,111,3.2384305835010023,-0.049084315292158981,5.223042290393446e-05,primary,z_projective,32
10,1,0.20000000000000001,0.23999999999999999,58,183,21.356136820925531,-0.034407911493762676,0.00034443846455567596,primary,z_projective,32
10,1,0.20000000000000001,0.25,58,170,30.998490945674035,-0.045550390784169809,0.00049995337239126499,primary,z_projective,32
10,1,0.20000000000000001,0.26000000000000001,58,220,57.766599597585511,-0.03163057668818476,0.00093167781396207515,primary,z_projective,32
10,1,0.20000000000000001,0.27000000000000002,58,271,96.853873239436652,-0.029629812448070302,0.0015620896075255557,primary,z_projective,32
10,1,0.20000000000000001,0.28000000000000003,58,281,131.17102615694171,-0.029721891733354197,0.0021155673997845918,primary,z_projective,32
10,1,0.20000000000000001,0.29999999999999999,58,325,237.04728370221321,-0.027854005920257656,0.0038231728476979085,primary,z_projective,32
10,1,0.20000000000000001,0.34000000000000002,58,369,527.51408450704241,-0.02466829796441802,0.0085079124011354992,primary,z_projective,32
10,1,0.22,0.23999999999999999,111,183,10.217806841046267,-0.019731507695366367,0.0001647959895072415,primary,z_projective,32
10,1,0.22,0.25,111,170,21.356891348088531,-0.043194441112177039,0.00034445063380611989,primary,z_projective,32
10,1,0.22,0.26000000000000001,111,220,49.134808853118741,-0.022903707386197663,0.00079246158888728285,primary,z_projective,32
10,1,0.22,0.27000000000000002,111,271,94.570548289738511,-0.021848011310434838,0.0015252634274748132,primary,z_projective,32
10,1,0.22,0.28000000000000003,111,281,141.20674044265607,-0.023267750547085943,0.0022774265435181124,primary,z_projective,32
10,1,0.22,0.29999999999999999,111,325,290.34205231388319,-0.02254642857728233,0.0046827275706975762,primary,z_projective,32
10,1,0.22,0.34000000000000002,111,369,741.71227364185131,-0.020598961743127864,0.011962567894066661,primary,z_projective,32
10,1,0.23999999999999999,0.25,183,170,3.9122233400402484,-0.090120307945798311,6.3097563550070117e-05,primary,z_projective,32
10,1,0.23999999999999999,0.26000000000000001,183,220,20.251509054325993,-0.026075907077028952,0.00032662268190624538,primary,z_projective,32
10,1,0.23999999999999999,0.27000000000000002,183,271,56.128898390342158,-0.023259013720480483,0.00090526445587424148,primary,z_projective,32
10,1,0.23999999999999999,0.28000000000000003,183,281,103.46680080482915,-0.025035871972945732,0.0016687449748300897,primary,z_projective,32
10,1,0.23999999999999999,0.29999999999999999,183,325,269.25301810865193,-0.023484735537920982,0.0043425970207989365,primary,z_projective,32
10,1,0.23999999999999999,0.34000000000000002,183,369,849.18259557344118,-0.020772452552680162,0.013695882911750499,primary,z_projective,32
10,1,0.25,0.26000000000000001,170,220,4.7032193158953808,0.037968493791740408,7.5854994431778292e-05,primary,z_projective,32
10,1,0.25,0.27000000000000002,170,271,23.174044265593604,0.010171633392178433,0.00037375824529112576,primary,z_projective,32
10,1,0.25,0.28000000000000003,170,281,54.065643863179169,-0.0033410599819948695,0.00087198764053621495,primary,z_projective,32
10,1,0.25,0.29999999999999999,170,325,173.69844064386311,-0.010157621056345502,0.0028014628625372602,primary,z_projective,32
10,1,0.25,0.34000000000000002,170,369,638.97510060362197,-0.013067135286778143,0.010305590584415537,primary,z_projective,32
10,1,0.26000000000000001,0.27000000000000002,220,271,7.4974849094567526,-0.017625227007383542,0.00012092178524124655,primary,z_projective,32
10,1,0.26000000000000001,0.28000000000000003,220,281,31.096579476861223,-0.023995836868862509,0.0005015353749489341,primary,z_projective,32
10,1,0.26000000000000001,0.29999999999999999,220,325,143.86317907444652,-0.022189149768367,0.0023202704179132116,primary,z_projective,32
10,1,0.26000000000000001,0.34000000000000002,220,369,653.36016096579499,-0.019446588921592966,0.010537597344122785,primary,z_projective,32
10,1,0.27000000000000002,0.28000000000000003,271,281,9.5763329979879455,-0.030366446730341473,0.00015445009842177403,primary,z_projective,32
10,1,0.27000000000000002,0.29999999999999999,271,325,99.682469818913276,-0.023710457355361488,0.001607710099230204,primary,z_projective,32
10,1,0.27000000000000002,0.34000000000000002,271,369,616.1910211267608,-0.019706783480765738,0.009938121813395347,primary,z_projective,32
10,1,0.28000000000000003,0.29999999999999999,281,325,45.938128772635643,-0.020382462667871481,0.0007409045311745577,primary,z_projective,32
10,1,0.28000000000000003,0.34000000000000002,281,369,469.41700201207243,-0.017930172939169781,0.0075709044554791239,primary,z_projective,32
10,1,0.29999999999999999,0.34000000000000002,325,369,241.29778672032239,-0.016704028074818938,0.0038917262918635349,primary,z_projective,32
10,2,0.20000000000000001,0.22,147,196,14.006806028196388,-0.050681045440225447,0.00022590615531896871,primary,z_projective,32
10,2,0.20000000000000001,0.23999999999999999,147,251,71.749149246475369,-0.0485683753195989,0.0011571927547971662,primary,z_projective,32
10,2,0.20000000000000001,0.25,147,290,129.52722411278558,-0.023067675465910691,0.0020890556454879138,primary,z_projective,32
10,2,0.20000000000000001,0.26000000000000001,147,289,185.87603305785123,-0.033570018471696793,0.0029978668876767256,primary,z_projective,32
10,2,0.20000000000000001,0.27000000000000002,147,239,209.22666504618385,-0.033655481805353681,0.0033744731950771001,primary,z_projective,32
10,2,0.20000000000000001,0.28000000000000003,147,272,311.00826446281002,-0.024247568868090461,0.0050160387140211898,primary,z_projective,32
10,2,0.20000000000000001,0.29999999999999999,147,226,403.76762275157978,-0.037792401360760113,0.0065120907017968055,primary,z_projective,32
10,2,0.20000000000000001,0.34000000000000002,147,147,514.75012153621799,-0.039262017944105575,0.0083020512079721113,primary,z_projective,32
10,2,0.22,0.23999999999999999,196,251,23.916383082158454,-0.046455705198972352,0.00038573091826572201,primary,z_projective,32
10,2,0.22,0.25,196,290,62.173067574137093,-0.004658762149700864,0.0010027467098341989,primary,z_projective,32
10,2,0.22,0.26000000000000001,196,289,110.14876033057857,-0.025014504987432469,0.0017765137112158384,primary,z_projective,32
10,2,0.22,0.27000000000000002,196,239,142.33106465726797,-0.026845256351404986,0.0022955599966510893,primary,z_projective,32
10,2,0.22,0.28000000000000003,196,272,233.25619834710761,-0.015436410010712144,0.0037620290355158937,primary,z_projective,32
10,2,0.22,0.29999999999999999,196,226,344.54837141468147,-0.034570240340893781,0.005556984065533275,primary,z_projective,32
10,2,0.22,0.34000000000000002,196,147,504.24501701507069,-0.037358846694752264,0.0081326215914828848,primary,z_projective,32
10,2,0.23999999999999999,0.25,251,290,8.8466212931453718,0.078935123948841987,0.00014268107946053534,primary,z_projective,32
10,2,0.23999999999999999,0.26000000000000001,251,289,35.264462809917411,-0.0035733047758926243,0.00056875630295303051,primary,z_projective,32
10,2,0.23999999999999999,0.27000000000000002,251,239,65.61752552260586,-0.013771623786360095,0.0010583000066193503,primary,z_projective,32
10,2,0.23999999999999999,0.28000000000000003,251,272,132.76033057851262,7.3237583417935724e-05,0.0021412001993525854,primary,z_projective,32
10,2,0.23999999999999999,0.29999999999999999,251,226,248.19348565872633,-0.030608418721534258,0.0040029422844514266,primary,z_projective,32
10,2,0.23999999999999999,0.34000000000000002,251,147,448.43218279047187,-0.035539474993908249,0.0072324547174823011,primary,z_projective,32
10,2,0.25,0.26000000000000001,290,289,10.185950413223159,-0.086081733500627228,0.00016428219906013832,primary,z_projective,32
10,2,0.25,0.27000000000000002,290,239,33.694701020904283,-0.060124997653961135,0.00054343869308474805,primary,z_projective,32
10,2,0.25,0.28000000000000003,290,272,86.280991735537341,-0.026214057871723415,0.0013915668626270539,primary,z_projective,32
10,2,0.25,0.29999999999999999,290,226,199.13709285367031,-0.05251712725560953,0.0032117454141514859,primary,z_projective,32
10,2,0.25,0.34000000000000002,290,147,419.66820612542551,-0.048258874876436063,0.0067685402913808448,primary,z_projective,32
10,2,0.26000000000000001,0.27000000000000002,289,239,8.394628099173568,-0.034168261807295042,0.00013539119163921744,primary,z_projective,32
10,2,0.26000000000000001,0.28000000000000003,289,272,38.214876033057919,0.0037197799427284954,0.00061634149164631205,primary,z_projective,32
10,2,0.26000000000000001,0.29999999999999999,289,226,127.00826446280978,-0.044125975694355099,0.0020484290751774429,primary,z_projective,32
10,2,0.26000000000000001,0.34000000000000002,289,147,330.44628099173565,-0.043531017548412161,0.0053295411336475142,primary,z_projective,32
10,2,0.27000000000000002,0.28000000000000003,239,272,7.9008264462810063,0.041607821692752033,0.00012742700389573408,primary,z_projective,32
10,2,0.27000000000000002,0.29999999999999999,239,226,59.081915410792298,-0.047445213656708451,0.00095289163942618418,primary,z_projective,32
10,2,0.27000000000000002,0.34000000000000002,239,147,209.22666504618385,-0.044868554082857455,0.0033744731950771001,primary,z_projective,32
10,2,0.28000000000000003,0.29999999999999999,272,226,29.884297520661043,-0.091971731331438822,0.00048198331180645583,primary,z_projective,32
10,2,0.28000000000000003,0.34000000000000002,272,147,174.94214876033058,-0.059281283378792383,0.0028215217766369184,primary,z_projective,32
10,2,0.29999999999999999,0.34000000000000002,226,147,64.602819640252903,-0.042936059402469223,0.0010419345122874911,primary,z_projective,32
10,3,0.20000000000000001,0.22,228,246,39.554301833568367,-0.028905019575065961,0.00063794417053821852,primary,z_projective,32
10,3,0.20000000000000001,0.23999999999999999,228,217,139.56558533145258,-0.038861859053306684,0.0022509574797852584,primary,z_projective,32
10,3,0.20000000000000001,0.25,228,201,201.9922425952044,-0.043053812225289423,0.0032577941635716966,primary,z_projective,32
10,3,0.20000000000000001,0.26000000000000001,228,164,237.32581100141041,-0.044052875873472085,0.0038276650232293148,primary,z_projective,32
10,3,0.20000000000000001,0.27000000000000002,228,145,285.60296191819469,-0.043002989593303544,0.0046062940362541138,primary,z_projective,32
10,3,0.20000000000000001,0.28000000000000003,228,105,270.12693935119898,-0.03153556891389226,0.0043566918963585718,primary,z_projective,32
10,3,0.20000000000000001,0.29999999999999999,228,79,317.55994358251047,-0.04814863608894903,0.0051217062472072462,primary,z_projective,32
10,3,0.20000000000000001,0.34000000000000002,228,33,259.99717912552899,-0.023388372371519184,0.0041933159502451252,primary,z_projective,32
10,3,0.22,0.23999999999999999,246,217,37.645980253878662,-0.048818698531547418,0.00060716616231049742,primary,z_projective,32
10,3,0.22,0.25,246,201,78.458039492242605,-0.052486340658771724,0.0012653958382715337,primary,z_projective,32
10,3,0.22,0.26000000000000001,246,164,113.80535966149512,-0.051626804022675145,0.0018354884906713683,primary,z_projective,32
10,3,0.22,0.27000000000000002,246,145,157.21967559943593,-0.048642177600598573,0.0025356881778520243,primary,z_projective,32
10,3,0.22,0.28000000000000003,246,105,163.94217207334287,-0.032412418693501026,0.0026441107068360423,primary,z_projective,32
10,3,0.22,0.29999999999999999,246,79,219.28349788434403,-0.052959540217419804,0.0035366729454399501,primary,z_projective,32
10,3,0.22,0.34000000000000002,246,33,206.09873060648809,-0.022468931170928057,0.00332402488859388,primary,z_projective,32
10,3,0.23999999999999999,0.25,217,201,7.6898801128349934,-0.059821624913220323,0.00012402479535001052,primary,z_projective,32
10,3,0.23999999999999999,0.26000000000000001,217,164,25.097320169252512,-0.054434909513802872,0.00040477744154033277,primary,z_projective,32
10,3,0.23999999999999999,0.27000000000000002,217,145,49.926833568406288,-0.048524496979966018,0.00080523561160081433,primary,z_projective,32
10,3,0.23999999999999999,0.28000000000000003,217,105,64.273624823695457,-0.024209278774477847,0.0010366251551642669,primary,z_projective,32
10,3,0.23999999999999999,0.29999999999999999,217,79,108.80606488011283,-0.054339820779377261,0.0017548582983852199,primary,z_projective,32
10,3,0.23999999999999999,0.34000000000000002,217,33,126.25176304654451,-0.017198977698804189,0.0020362279833583789,primary,z_projective,32
10,3,0.25,0.26000000000000001,201,164,5.8117066290550179,-0.049048194114385428,9.3733025057150804e-05,primary,z_projective,32
10,3,0.25,0.27000000000000002,201,145,20.553596614950671,-0.04287593301333887,0.00033149484471431379,primary,z_projective,32
10,3,0.25,0.28000000000000003,201,105,33.488187588152385,-0.012338496728230354,0.0005401079797500457,primary,z_projective,32
10,3,0.25,0.29999999999999999,201,79,69.988540197461191,-0.053243459952608638,0.0011287971005358075,primary,z_projective,32
10,3,0.25,0.34000000000000002,201,33,94.723730606488047,-0.012463128008313505,0.0015277339998644129,primary,z_projective,32
10,3,0.26000000000000001,0.27000000000000002,164,145,4.1925246826516291,-0.036703671912292304,6.7618351409387377e-05,primary,z_projective,32
10,3,0.26000000000000001,0.28000000000000003,164,105,12.143864598025409,0.0060163519648471836,0.00019586005235822554,primary,z_projective,32
10,3,0.26000000000000001,0.29999999999999999,164,79,36.54724964739065,-0.054292276412164449,0.00058944549090665795,primary,z_projective,32
10,3,0.26000000000000001,0.34000000000000002,164,33,61.066290550070548,-0.0078899947450545103,0.0009848962632870756,primary,z_projective,32
10,3,0.27000000000000002,0.28000000000000003,145,105,2.6842383638928111,0.048736375841986673,4.3292237182839482e-05,primary,z_projective,32
10,3,0.27000000000000002,0.29999999999999999,145,79,18.176128349788396,-0.060155144578788518,0.0002931502917809405,primary,z_projective,32
10,3,0.27000000000000002,0.34000000000000002,145,33,41.337270803949238,-0.0037737551497348211,0.00066670045261572712,primary,z_projective,32
10,3,0.28000000000000003,0.29999999999999999,105,79,5.8497884344146476,-0.11460090478917626,9.4347220343291068e-05,primary,z_projective,32
10,3,0.28000000000000003,0.34000000000000002,105,33,21.992242595204516,-0.012525443648355077,0.00035469777774629809,primary,z_projective,32
10,3,0.29999999999999999,0.34000000000000002,79,33,7.3540197461213097,0.038512286922055362,0.00011860793414585225,primary,z_projective,32
10,4,0.20000000000000001,0.22,227,155,52.593423019431931,-0.055695037702978824,0.0008482432015883293,primary,z_projective,32
10,4,0.20000000000000001,0.23999999999999999,227,95,128.93871449925246,-0.040139726789211891,0.0020795639780875163,primary,z_projective,32
10,4,0.20000000000000001,0.25,227,61,129.3628550074738,-0.080457644238543721,0.0020864046490680693,primary,z_projective,32
10,4,0.20000000000000001,0.26000000000000001,227,50,152.69058295964123,-0.035812587572725429,0.0024626415529983773,primary,z_projective,32
10,4,0.20000000000000001,0.27000000000000002,227,41,170.41965620328853,-0.048787372013003982,0.0027485815999854124,primary,z_projective,32
10,4,0.20000000000000001,0.28000000000000003,227,21,114.00896860986553,-0.068241024493354938,0.0018387723595721232,primary,z_projective,32
10,4,0.20000000000000001,0.29999999999999999,227,19,161.17339312406571,-0.063214505035875251,0.0025994549726093981,primary,z_projective,32
10,4,0.22,0.23999999999999999,155,95,22.010463378176361,-0.024584415875444958,0.00035499164824181182,primary,z_projective,32
10,4,0.22,0.25,155,61,31.799327354260093,-0.096966048595586982,0.00051286951285461815,primary,z_projective,32
10,4,0.22,0.26000000000000001,155,50,46.337817638266081,-0.025871362507598743,0.00074735083840381537,primary,z_projective,32
10,4,0.22,0.27000000000000002,155,41,59.370328849028439,-0.046024305737014055,0.00095754326170488871,primary,z_projective,32
10,4,0.22,0.28000000000000003,155,21,43.789237668161476,-0.072423020090146978,0.00070624654229160594,primary,z_projective,32
10,4,0.22,0.29999999999999999,155,19,70.433482810164392,-0.065094371869099374,0.0011359732743737984,primary,z_projective,32
10,4,0.23999999999999999,0.25,95,61,2.1655455904334864,-0.24172931403587083,3.4926597649597709e-05,primary,z_projective,32
10,4,0.23999999999999999,0.26000000000000001,95,50,7.1001494768311035,-0.027158309139752531,0.0001145134349167138,primary,z_projective,32
10,4,0.23999999999999999,0.27000000000000002,95,41,13.099775784753385,-0.060317565644726762,0.00021127728742133695,primary,z_projective,32
10,4,0.23999999999999999,0.28000000000000003,95,21,11.928251121076254,-0.096342322197497957,0.0001923825706600792,primary,z_projective,32
10,4,0.23999999999999999,0.29999999999999999,95,19,24.282511210762333,-0.07859769053365083,0.00039163594741516058,primary,z_projective,32
10,4,0.25,0.26000000000000001,61,50,1.1397608370702563,0.18741269575636577,1.8382419815577746e-05,primary,z_projective,32
10,4,0.25,0.27000000000000002,61,41,3.7384155455904398,0.030388308550845275,6.0294336995094992e-05,primary,z_projective,32
10,4,0.25,0.28000000000000003,61,21,4.308295964125568,-0.047879991584706995,6.9485546902883864e-05,primary,z_projective,32
10,4,0.25,0.29999999999999999,61,19,10.827727952167409,-0.045971365833206795,0.00017463298824798817,primary,z_projective,32
10,4,0.26000000000000001,0.27000000000000002,50,41,0.76606875934230323,-0.12663607865467524,1.2355396925224384e-05,primary,z_projective,32
10,4,0.26000000000000001,0.28000000000000003,50,21,1.5695067264574019,-0.16552633525524338,2.5313496139484104e-05,primary,z_projective,32
10,4,0.26000000000000001,0.29999999999999999,50,19,5.680119581464866,-0.10431738123060003,9.1610747933370767e-05,primary,z_projective,32
10,4,0.27000000000000002,0.28000000000000003,41,21,0.32174887892376736,-0.20441659185581151,5.1892667085942414e-06,primary,z_projective,32
10,4,0.27000000000000002,0.29999999999999999,41,19,2.6199551569506672,-0.096877815422574967,4.2255457484267233e-05,primary,z_projective,32
10,4,0.28000000000000003,0.29999999999999999,21,19,0.59641255605380938,-0.043108427205956507,9.6191285330039057e-06,primary,z_projective,32
10,5,0.20000000000000001,0.22,100,53,31.547619047619012,-0.04905735232937608,0.00050880988243632956,primary,z_projective,32
10,5,0.20000000000000001,0.23999999999999999,100,15,35.714285714285673,-0.17333597823046221,0.00057601118766376926,primary,z_projective,32
10,5,0.22,0.23999999999999999,53,15,4.7321428571428514,-0.29761460413154833,7.6321482365449426e-05,primary,z_projective,32
6,0,0.23999999999999999,0.25,13,22,0.12201365187713333,0.1062937063184546,2.7553075486540949e-06,primary,z_projective,64
6,0,0.23999999999999999,0.26000000000000001,13,36,0.79863481228669075,-0.0034188034195994335,1.8034740318463163e-05,primary,z_projective,64
6,0,0.23999999999999999,0.27000000000000002,13,47,2.3459897610921545,0.034915439178887661,5.2977049685485555e-05,primary,z_projective,64
6,0,0.23999999999999999,0.28000000000000003,13,76,6.7440273037542786,0.01437246963897386,0.00015229336268924454,primary,z_projective,64
6,0,0.23999999999999999,0.29999999999999999,13,133,26.55460750853242,0.00030846346643000527,0.00059965511558889917,primary,z_projective,64
6,0,0.23999999999999999,0.34000000000000002,13,259,143.64334470989772,-0.0016275616279405763,0.0032437484322791355,primary,z_projective,64
6,0,0.25,0.26000000000000001,22,36,0.33788395904436913,-0.11313131315765347,7.6300824424267221e-06,primary,z_projective,64
6,0,0.25,0.27000000000000002,22,47,1.7645051194539281,-0.00077369439089580651,3.9845986088228449e-05,primary,z_projective,64
6,0,0.25,0.28000000000000003,22,76,6.4197952218430148,-0.016267942587519721,0.00014497156640610776,primary,z_projective,64
6,0,0.25,0.29999999999999999,22,133,31.207337883959035,-0.020888585103974937,0.00070472289225191121,primary,z_projective,64
6,0,0.25,0.34000000000000002,22,259,196.90187713310587,-0.013618813621984494,0.0044464305433241673,primary,z_projective,64
6,0,0.26000000000000001,0.27000000000000002,36,47,0.72184300341297059,0.11158392437586186,1.6300630672457092e-05,primary,z_projective,64
6,0,0.26000000000000001,0.28000000000000003,36,76,4.6689419795221934,0.032163742697547154,0.0001054338664771693,primary,z_projective,64
6,0,0.26000000000000001,0.29999999999999999,36,133,32.682593856655245,0.0021720969094447275,0.00073803706534018268,primary,z_projective,64
6,0,0.26000000000000001,0.34000000000000002,36,259,254.58020477815711,-0.0011797511800258618,0.0057489202984393282,primary,z_projective,64
6,0,0.27000000000000002,0.28000000000000003,47,76,1.5238907849829377,-0.047256438980767548,3.4412442530742751e-05,primary,z_projective,64
6,0,0.27000000000000002,0.29999999999999999,47,133,24.001279863481177,-0.034298512246027715,0.00054199596985919619,primary,z_projective,64
6,0,0.27000000000000002,0.34000000000000002,47,259,254.46970989761098,-0.017288847688009833,0.0057464251073375732,primary,z_projective,64
6,0,0.28000000000000003,0.29999999999999999,76,133,17.249146757679117,-0.027819548878657781,0.00038951956226287326,primary,z_projective,64
6,0,0.28000000000000003,0.34000000000000002,76,259,302.31399317406147,-0.012294249139216876,0.0068268428543966997,primary,z_projective,64
6,0,0.29999999999999999,0.34000000000000002,133,259,235.13310580204819,-0.0045315992694964459,0.0053097666645307746,primary,z_projective,64
6,1,0.22,0.23999999999999999,29,69,1.4910581222056614,0.01219390305131491,3.3671016614864578e-05,primary,z_projective,64
6,1,0.22,0.25,29,85,4.132824143070045,-0.014604462478045366,9.332727431293998e-05,primary,z_projective,64
6,1,0.22,0.26000000000000001,29,124,10.718330849478393,-0.012708565075261493,0.00024204093102859209,primary,z_projective,64
6,1,0.22,0.27000000000000002,29,174,23.500372578241446,-0.011954022991289,0.00053068450099514925,primary,z_projective,64
6,1,0.22,0.28000000000000003,29,213,41.425484351713891,-0.018293670070634576,0.00093546867899558725,primary,z_projective,64
6,1,0.22,0.29999999999999999,29,307,106.14605067064078,-0.020987307653993533,0.0023969859943799264,primary,z_projective,64
6,1,0.22,0.34000000000000002,29,341,265.27868852459022,-0.021269423944009033,0.0059905130429576542,primary,z_projective,64
6,1,0.23999999999999999,0.25,69,85,1.0925856929955309,-0.068201193536765847,2.4672727691926702e-05,primary,z_projective,64
6,1,0.23999999999999999,0.26000000000000001,69,124,6.375558867362157,-0.037611033201837861,0.00014397262276700758,primary,z_projective,64
6,1,0.23999999999999999,0.27000000000000002,69,174,20.129284649776491,-0.028052640353024915,0.00045455872430067318,primary,z_projective,64
6,1,0.23999999999999999,0.28000000000000003,69,213,43.806259314456106,-0.0335374566316093,0.0009892312467539553,primary,z_projective,64
6,1,0.23999999999999999,0.29999999999999999,69,307,142.06184798807749,-0.032047711222429671,0.0032080351347196874,primary,z_projective,64
6,1,0.23999999999999999,0.34000000000000002,69,341,438.3196721311478,-0.027962089343073815,0.0098981178152317602,primary,z_projective,64
6,1,0.25,0.26000000000000001,85,124,1.963487332339795,-0.0070208728669098825,4.4339394692737847e-05,primary,z_projective,64
6,1,0.25,0.27000000000000002,85,174,11.020864381520141,-0.0079783637611544542,0.00024887273150117379,primary,z_projective,64
6,1,0.25,0.28000000000000003,85,213,30.354880774962794,-0.021982877663223783,0.00068547273891918096,primary,z_projective,64
6,1,0.25,0.29999999999999999,85,307,121.53036512667657,-0.024817014759562432,0.0027443939860222763,primary,z_projective,64
6,1,0.25,0.34000000000000002,85,341,437.36680327868868,-0.023491077765996925,0.0098766001678073402,primary,z_projective,64
6,1,0.26000000000000001,0.27000000000000002,124,174,4.0193740685544039,-0.008935854655399025,9.076534913572218e-05,primary,z_projective,64
6,1,0.26000000000000001,0.28000000000000003,124,213,19.681073025335355,-0.029463880061380732,0.00044443722680250169,primary,z_projective,64
6,1,0.26000000000000001,0.29999999999999999,124,307,113.46646795827112,-0.02926605023272558,0.0025622953733026787,primary,z_projective,64
6,1,0.26000000000000001,0.34000000000000002,124,341,504.13114754098382,-0.025549853378382802,0.011384269997344817,primary,z_projective,64
6,1,0.27000000000000002,0.28000000000000003,174,213,6.9042473919523228,-0.049991905467362444,0.00015591144649926473,primary,z_projective,64
6,1,0.27000000000000002,0.29999999999999999,174,307,89.560730253353015,-0.036042782091834445,0.0020224569327580598,primary,z_projective,64
6,1,0.27000000000000002,0.34000000000000002,174,341,541.61065573770509,-0.027923281767380487,0.012230630796038545,primary,z_projective,64
6,1,0.28000000000000003,0.29999999999999999,213,307,48.726527570789678,-0.029068220404070422,0.0011003405534545745,primary,z_projective,64
6,1,0.28000000000000003,0.34000000000000002,213,341,487.10655737704923,-0.02424517781738349,0.010999821363361898,primary,z_projective,64
6,1,0.29999999999999999,0.34000000000000002,307,341,312.03278688524648,-0.021833656524040033,0.0070463122765823862,primary,z_projective,64
6,2,0.20000000000000001,0.22,17,87,0.90458715596330164,-0.088302907390404139,2.0427352029025941e-05,primary,z_projective,64
6,2,0.20000000000000001,0.23999999999999999,17,154,6.4048929663608494,-0.064094728815534407,0.00014463504425149404,primary,z_projective,64
6,2,0.20000000000000001,0.25,17,212,13.776758409785927,-0.070810210893290343,0.00031110622343056773,primary,z_projective,64
6,2,0.20000000000000001,0.26000000000000001,17,229,21.429357798165139,-0.061614864300671708,0.00048391692565313236,primary,z_projective,64
6,2,0.20000000000000001,0.27000000000000002,17,278,35.408868501529064,-0.068907563041253866,0.00079960169350399939,primary,z_projective,64
6,2,0.20000000000000001,0.28000000000000003,17,271,45.083792048929681,-0.050054265260188989,0.0010180804413546737,primary,z_projective,64
6,2,0.20000000000000001,0.29999999999999999,17,233,60.565749235473987,-0.053643019452025216,0.0013676933973457036,primary,z_projective,64
6,2,0.20000000000000001,0.34000000000000002,17,154,78.459938837920518,-0.050780312136673146,0.0017717792920808044,primary,z_projective,64
6,2,0.22,0.23999999999999999,87,154,8.1944954128440255,-0.039886550240664669,0.00018504777720411731,primary,z_projective,64
6,2,0.22,0.25,87,212,25.381651376146792,-0.059148413228547823,0.00057316746575561091,primary,z_projective,64
6,2,0.22,0.26000000000000001,87,229,48.741284403669752,-0.04827084275580551,0.0011006737916816349,primary,z_projective,64
6,2,0.22,0.27000000000000002,87,278,92.454128440367029,-0.061149425301593771,0.0020877955382607432,primary,z_projective,64
6,2,0.22,0.28000000000000003,87,271,129.7816513761469,-0.037304717883450626,0.0029307242116937866,primary,z_projective,64
6,2,0.22,0.29999999999999999,87,233,198.37064220183476,-0.044978047467430497,0.0044795981390711032,primary,z_projective,64
6,2,0.22,0.34000000000000002,87,154,295.00183486238541,-0.04452654626105132,0.0066617199793482344,primary,z_projective,64
6,2,0.23999999999999999,0.25,154,212,4.9920489296636177,-0.097672139204314085,0.00011273025507837067,primary,z_projective,64
6,2,0.23999999999999999,0.26000000000000001,154,229,21.569418960244683,-0.056655135270946351,0.00048707978137635621,primary,z_projective,64
6,2,0.23999999999999999,0.27000000000000002,154,278,58.915596330275342,-0.075324675342213154,0.0013304297085192617,primary,z_projective,64
6,2,0.23999999999999999,0.28000000000000003,154,271,102.10152905198794,-0.036013801704843605,0.0023056527642444113,primary,z_projective,64
6,2,0.23999999999999999,0.29999999999999999,154,233,197.51559633027523,-0.046675213209685762,0.0044602895264026958,primary,z_projective,64
6,2,0.23999999999999999,0.34000000000000002,154,154,362.62996941896057,-0.045454545465128657,0.0081888958877684281,primary,z_projective,64
6,2,0.25,0.26000000000000001,212,229,7.4232415902140794,-0.015638131337578617,0.00016763135333082389,primary,z_projective,64
6,2,0.25,0.27000000000000002,212,278,36.046483180428204,-0.064150943411162689,0.0008140002834230403,primary,z_projective,64
6,2,0.25,0.28000000000000003,212,271,79.062385321101061,-0.01546102253835345,0.0017853837151697797,primary,z_projective,64
6,2,0.25,0.29999999999999999,212,233,188.8226299694189,-0.036475828010760096,0.0042639852976071929,primary,z_projective,64
6,2,0.25,0.34000000000000002,212,154,404.35596330275246,-0.039652590605219161,0.0091311506613480121,primary,z_projective,64
6,2,0.26000000000000001,0.27000000000000002,229,278,9.7342507645260117,-0.11266375548474676,0.00021981847276400496,primary,z_projective,64
6,2,0.26000000000000001,0.28000000000000003,229,271,37.956574923547471,-0.015372468138740866,0.00085713390099345817,primary,z_projective,64
6,2,0.26000000000000001,0.29999999999999999,229,233,130.53700305810381,-0.041685252179055471,0.0029477815340439133,primary,z_projective,64
6,2,0.26000000000000001,0.34000000000000002,229,154,345.11070336391447,-0.042654398013674232,0.007793276502021689,primary,z_projective,64
6,2,0.27000000000000002,0.28000000000000003,278,271,11.519571865443446,0.081918819207265028,0.0002601345245373159,primary,z_projective,64
6,2,0.27000000000000002,0.29999999999999999,278,233,89.13853211009156,-0.018025751077158331,0.0020129228706817319,primary,z_projective,64
6,2,0.27000000000000002,0.34000000000000002,278,154,320.76269113149857,-0.032653061232092426,0.007243450635271524,primary,z_projective,64
6,2,0.28000000000000003,0.29999999999999999,271,233,38.619571865443284,-0.067998036219370145,0.00087210567218984564,primary,z_projective,64
6,2,0.28000000000000003,0.34000000000000002,271,154,229.72844036697248,-0.051748374638652027,0.0051877187195499162,primary,z_projective,64
6,2,0.29999999999999999,0.34000000000000002,233,154,87.784709480122473,-0.043623543848292978,0.0019823509006234238,primary,z_projective,64
6,3,0.20000000000000001,0.22,72,138,7.4594594594594508,-0.055676328515378654,0.00016844922384771021,primary,z_projective,64
6,3,0.20000000000000001,0.23999999999999999,72,211,45.621621621621564,-0.032944971045058731,0.0010302256878801986,primary,z_projective,64
6,3,0.20000000000000001,0.25,72,226,76.351351351351326,-0.02547689282795737,0.001724163251339789,primary,z_projective,64
6,3,0.20000000000000001,0.26000000000000001,72,203,98.756756756756758,-0.056727786913408663,0.0022301212461577312,primary,z_projective,64
6,3,0.20000000000000001,0.27000000000000002,72,185,122.50000000000004,-0.046636636647495074,0.002766290243078796,primary,z_projective,64
6,3,0.20000000000000001,0.28000000000000003,72,155,134.05405405405412,-0.05195788531675688,0.0030272034430603046,primary,z_projective,64
6,3,0.20000000000000001,0.29999999999999999,72,102,137.83783783783778,-0.041143790859252745,0.0031126487015337781,primary,z_projective,64
6,3,0.20000000000000001,0.34000000000000002,72,40,105.94594594594598,-0.051349206361162018,0.0023924672372573372,primary,z_projective,64
6,3,0.22,0.23999999999999999,138,211,21.860360360360339,-0.0102136135747388,0.00049364980877592869,primary,z_projective,64
6,3,0.22,0.25,138,226,52.682432432432435,-0.0053439357030098571,0.0011896726434244549,primary,z_projective,64
6,3,0.22,0.26000000000000001,138,203,84.126126126126152,-0.057253516112423672,0.0018997329133936237,primary,z_projective,64
6,3,0.22,0.27000000000000002,138,185,119.79166666666676,-0.043020759900341647,0.0027051307649154904,primary,z_projective,64
6,3,0.22,0.28000000000000003,138,155,144.52702702702717,-0.050718404250549624,0.0032637037120493927,primary,z_projective,64
6,3,0.22,0.29999999999999999,138,102,169.08108108108104,-0.037510656445221273,0.0038181824072147682,primary,z_projective,64
6,3,0.22,0.34000000000000002,138,40,149.18918918918925,-0.050628019335459254,0.0033689844769542094,primary,z_projective,64
6,3,0.23999999999999999,0.25,211,226,8.9500750750750893,0.0043954200404480127,0.00020211024779594232,primary,z_projective,64
6,3,0.23999999999999999,0.26000000000000001,211,203,32.156906906906961,-0.10429341865010848,0.00072616602305444766,primary,z_projective,64
6,3,0.23999999999999999,0.27000000000000002,211,185,65.937500000000114,-0.064892190784076847,0.001488998064514354,primary,z_projective,64
6,3,0.23999999999999999,0.28000000000000003,211,155,98.213213213213379,-0.070970799588455008,0.0022178469669643232,primary,z_projective,64
6,3,0.23999999999999999,0.29999999999999999,211,102,145.41891891891893,-0.046609670735382087,0.0032838443801181377,primary,z_projective,64
6,3,0.23999999999999999,0.34000000000000002,211,40,158.40840840840852,-0.058710900487603322,0.0035771725273618079,primary,z_projective,64
6,3,0.25,0.26000000000000001,226,203,8.6107357357357497,-0.21298225734066498,0.00019444730001220992,primary,z_projective,64
6,3,0.25,0.27000000000000002,226,185,31.388888888888946,-0.09953599619633928,0.00070882266999524809,primary,z_projective,64
6,3,0.25,0.28000000000000003,226,155,59.172297297297405,-0.096092872798089354,0.0013362265197883394,primary,z_projective,64
6,3,0.25,0.29999999999999999,226,102,108.1644144144144,-0.056810688890548119,0.0024425646060647014,primary,z_projective,64
6,3,0.25,0.34000000000000002,226,40,137.43243243243248,-0.065722713879609054,0.0031034938524116223,primary,z_projective,64
6,3,0.26000000000000001,0.27000000000000002,203,185,7.0486111111111232,0.013910264947986419,0.00015917146239937538,primary,z_projective,64
6,3,0.26000000000000001,0.28000000000000003,203,155,23.622372372372414,-0.037648180526801543,0.0005334394956087175,primary,z_projective,64
6,3,0.26000000000000001,0.29999999999999999,203,102,62.180180180180109,-0.017767796778018864,0.0014041504142474589,primary,z_projective,64
6,3,0.26000000000000001,0.34000000000000002,203,40,97.537537537537588,-0.047315270946977031,0.0022025888850940568,primary,z_projective,64
6,3,0.27000000000000002,0.28000000000000003,185,155,5.3819444444444535,-0.089206626001589517,0.00012153486045272504,primary,z_projective,64
6,3,0.27000000000000002,0.29999999999999999,185,102,31.874999999999936,-0.028327150686687314,0.00071980001222968508,primary,z_projective,64
6,3,0.27000000000000002,0.34000000000000002,185,40,68.055555555555571,-0.056061776074828963,0.0015368279128215531,primary,z_projective,64
6,3,0.28000000000000003,0.29999999999999999,155,102,11.869369369369323,0.0021125869707638756,0.00026803363818762995,primary,z_projective,64
6,3,0.28000000000000003,0.34000000000000002,155,40,41.891891891891895,-0.05053763442036887,0.00094600107595634475,primary,z_projective,64
6,3,0.29999999999999999,0.34000000000000002,102,40,12.252252252252273,-0.076862745115935174,0.00027667988458078086,primary,z_projective,64
6,4,0.20000000000000001,0.22,133,178,24.256147540983577,-0.07794204614469967,0.00054775138185553121,primary,z_projective,64
6,4,0.20000000000000001,0.23999999999999999,133,197,107.38114754098349,-0.06313117821400431,0.0024248769039447115,primary,z_projective,64
6,4,0.20000000000000001,0.25,133,152,129.45696721311469,-0.073684210543471754,0.002923392206532332,primary,z_projective,64
6,4,0.20000000000000001,0.26000000000000001,133,141,172.92725409836066,-0.056463854685287869,0.0039050365369363484,primary,z_projective,64
6,4,0.20000000000000001,0.27000000000000002,133,84,140.22233606557378,-0.054708199081839076,0.003166495347917654,primary,z_projective,64
6,4,0.20000000000000001,0.28000000000000003,133,68,148.26229508196727,-0.071749226022897364,0.0033480533902180837,primary,z_projective,64
6,4,0.20000000000000001,0.29999999999999999,133,23,78.35553278688522,-0.071670480565886194,0.0017694215986906222,primary,z_projective,64
6,4,0.22,0.23999999999999999,178,197,35.92827868852455,-0.048320310283308923,0.00081133099417698995,primary,z_projective,64
6,4,0.22,0.25,178,152,62.372950819672141,-0.070845653475986481,0.0014085035533427965,primary,z_projective,64
6,4,0.22,0.26000000000000001,178,141,102.86065573770497,-0.045724758955581986,0.0023227953335828583,primary,z_projective,64
6,4,0.22,0.27000000000000002,178,84,95.747950819672198,-0.045414660256694842,0.0021621765073244694,primary,z_projective,64
6,4,0.22,0.28000000000000003,178,68,111.61475409836075,-0.069684952648963266,0.0025204800428239534,primary,z_projective,64
6,4,0.22,0.29999999999999999,178,23,67.114754098360621,-0.070102589171182825,0.0015155827708483883,primary,z_projective,64
6,4,0.23999999999999999,0.25,197,152,7.6700819672131288,-0.11589633986134155,0.00017320549313890849,primary,z_projective,64
6,4,0.23999999999999999,0.26000000000000001,197,141,28.460040983606607,-0.043129207627855048,0.00064268354033121295,primary,z_projective,64
6,4,0.23999999999999999,0.27000000000000002,197,84,38.148565573770561,-0.04347756023895212,0.00086146942640141322,primary,z_projective,64
6,4,0.23999999999999999,0.28000000000000003,197,68,54.901639344262392,-0.080367273831790417,0.0012397866877311343,primary,z_projective,64
6,4,0.23999999999999999,0.29999999999999999,197,23,41.781762295081968,-0.07736334880047413,0.00094351413367773664,primary,z_projective,64
6,4,0.25,0.26000000000000001,152,141,5.489754098360665,0.029637924605631437,0.0001239694138709954,primary,z_projective,64
6,4,0.25,0.27000000000000002,152,84,13.08196721311478,-0.0072681704277574215,0.00029541647560747848,primary,z_projective,64
6,4,0.25,0.28000000000000003,152,68,23.827868852459059,-0.068524251821940038,0.00053808000914219278,primary,z_projective,64
6,4,0.25,0.29999999999999999,152,23,22.387295081967206,-0.069656750588300634,0.00050554902819732067,primary,z_projective,64
6,4,0.26000000000000001,0.27000000000000002,141,84,3.0338114754098413,-0.044174265461146278,6.8509412928707982e-05,primary,z_projective,64
6,4,0.26000000000000001,0.28000000000000003,141,68,9.8237704918032964,-0.11760534003572577,0.00022184000376914968,primary,z_projective,64
6,4,0.26000000000000001,0.29999999999999999,141,23,13.290983606557363,-0.094480419386783698,0.00030013647568767225,primary,z_projective,64
6,4,0.27000000000000002,0.28000000000000003,84,68,1.4631147540983633,-0.19103641461030529,3.3040000561362719e-05,primary,z_projective,64
6,4,0.27000000000000002,0.29999999999999999,84,23,4.4538934426229417,-0.11124913736199619,0.0001005776487676773,primary,z_projective,64
6,4,0.28000000000000003,0.29999999999999999,68,23,1.6024590163934365,-0.071355498737841541,3.6186667281492298e-05,primary,z_projective,64
6,5,0.20000000000000001,0.22,188,185,53.261868300153083,-0.019844738359997127,0.0012027574416886631,primary,z_projective,64
6,5,0.20000000000000001,0.23999999999999999,188,109,125.52526799387428,-0.036438610197826231,0.0028346067274392277,primary,z_projective,64
6,5,0.20000000000000001,0.25,188,80,143.95099540581924,-0.048829787245411635,0.0032506957883477404,primary,z_projective,64
6,5,0.20000000000000001,0.26000000000000001,188,50,129.55589586523735,-0.096524822717509409,0.0029256262095129671,primary,z_projective,64
6,5,0.20000000000000001,0.27000000000000002,188,24,84.643185298621759,-0.064640324229842547,0.0019114091235484724,primary,z_projective,64
6,5,0.20000000000000001,0.28000000000000003,188,17,78.309341500765726,-0.030334793498927697,0.0017683785088611723,primary,z_projective,64
6,5,0.22,0.23999999999999999,185,109,30.880551301684498,-0.053032482035655332,0.00069734341034076745,primary,z_projective,64
6,5,0.22,0.25,185,80,50.995405819295556,-0.068153153169021305,0.001151576273957232,primary,z_projective,64
6,5,0.22,0.26000000000000001,185,50,56.661562021439536,-0.13486486489626553,0.001279529193285814,primary,z_projective,64
6,5,0.22,0.27000000000000002,185,24,42.496171516079663,-0.082558558577780702,0.00095964689496436063,primary,z_projective,64
6,5,0.22,0.28000000000000003,185,17,43.346094946401266,-0.033831478545237888,0.00097883983286364807,primary,z_projective,64
6,5,0.23999999999999999,0.25,109,80,3.3384379785604961,-0.09839449543575321,7.5388476793596701e-05,primary,z_projective,64
6,5,0.23999999999999999,0.26000000000000001,109,50,8.3460949464012391,-0.21669724775687563,0.00018847119198399172,primary,z_projective,64
6,5,0.23999999999999999,0.27000000000000002,109,24,9.0137825421133382,-0.10224260960586425,0.00020354888734271107,primary,z_projective,64
6,5,0.23999999999999999,0.28000000000000003,109,17,11.350689127105687,-0.024230976800029173,0.00025632082109822878,primary,z_projective,64
6,5,0.25,0.26000000000000001,80,50,1.5313935681470165,-0.33500000007799802,3.4581870088805827e-05,primary,z_projective,64
6,5,0.25,0.27000000000000002,80,24,2.9402756508422718,-0.10416666669091977,6.6397190570507191e-05,primary,z_projective,64
6,5,0.25,0.28000000000000003,80,17,4.6860643185298709,0.00049019607854550824,0.00010582052247174584,primary,z_projective,64
6,5,0.26000000000000001,0.27000000000000002,50,24,0.45941807044410493,0.12666666669615848,1.0374561026641746e-05,primary,z_projective,64
6,5,0.26000000000000001,0.28000000000000003,50,17,1.301684532924964,0.16823529415681729,2.939458957548495e-05,primary,z_projective,64
6,5,0.27000000000000002,0.28000000000000003,24,17,0.15620214395099569,0.20980392161747605,3.5273507490581944e-06,primary,z_projective,64
6,6,0.20000000000000001,0.22,165,109,52.28197674418599,-0.13215457328626043,0.0011806295686229728,primary,z_projective,64
6,6,0.20000000000000001,0.23999999999999999,165,36,69.069767441860378,-0.050353535365259237,0.0015597308062542023,primary,z_projective,64
6,6,0.20000000000000001,0.25,165,18,53.960755813953469,-0.078060606078781,0.0012185396923860966,primary,z_projective,64
6,6,0.20000000000000001,0.26000000000000001,165,16,69.069767441860478,-0.084494949514622511,0.0015597308062542047,primary,z_projective,64
6,6,0.22,0.23999999999999999,109,36,11.406976744186032,0.031447502555741948,0.00025759190588137587,primary,z_projective,64
6,6,0.22,0.25,109,18,12.832848837209301,-0.041997961273794758,0.00028979089411654816,primary,z_projective,64
6,6,0.22,0.26000000000000001,109,16,20.279069767441868,-0.0606651376288036,0.0004579411660113356,primary,z_projective,64
6,6,0.23999999999999999,0.25,36,18,0.47093023255814043,-0.18888888893286795,1.0634528224460505e-05,primary,z_projective,64
6,6,0.23999999999999999,0.26000000000000001,36,16,1.674418604651166,-0.152777777813349,3.7811655909192907e-05,primary,z_projective,64
6,6,0.25,0.26000000000000001,18,16,0.20930232558139575,-0.11666666669383009,4.7264569886491133e-06,primary,z_projective,64
6,7,0.20000000000000001,0.22,129,46,32.075675675675633,-0.15426356592739024,0.00072433166254515376,primary,z_projective,64
6,7,0.20000000000000001,0.23999999999999999,129,10,27.891891891891863,-0.1171317829730084,0.00062985361960448175,primary,z_projective,64
6,7,0.22,0.23999999999999999,46,10,2.4864864864864837,-0.080000000018626546,5.6149741282570077e-05,primary,z_projective,64
8,0,0.23999999999999999,0.25,14,28,0.16144975288303157,0.028571428578080902,3.645852050186227e-06,primary,z_projective,64
8,0,0.23999999999999999,0.26000000000000001,14,37,0.85337726523888124,-0.016988416992372399,1.9270932265270058e-05,primary,z_projective,64
8,0,0.23999999999999999,0.27000000000000002,14,54,2.8023064250411909,0.010229276898325266,6.3281574871089513e-05,primary,z_projective,64
8,0,0.23999999999999999,0.28000000000000003,14,69,6.3657331136738167,-0.0049689441005358005,0.00014375073797877124,primary,z_projective,64
8,0,0.23999999999999999,0.29999999999999999,14,165,34.250411861614502,-0.0017316017320048911,0.00077344147064664843,primary,z_projective,64
8,0,0.23999999999999999,0.34000000000000002,14,240,138.38550247116981,-0.0070238095254448775,0.0031250160430167638,primary,z_projective,64
8,0,0.25,0.26000000000000001,28,37,0.42668863261944062,-0.062548262562825696,9.6354661326350289e-06,primary,z_projective,64
8,0,0.25,0.27000000000000002,28,54,2.4909390444810589,0.0010582010584474491,5.6250288774301792e-05,primary,z_projective,64
8,0,0.25,0.28000000000000003,28,69,7.161449752883045,-0.016149068326741369,0.00016171958022611767,primary,z_projective,64
8,0,0.25,0.29999999999999999,28,165,47.570016474464566,-0.0077922077940220562,0.0010742242647870113,primary,z_projective,64
8,0,0.25,0.34000000000000002,28,240,224.18451400329499,-0.010978835981392189,0.0050625259896871543,primary,z_projective,64
8,0,0.26000000000000001,0.27000000000000002,37,54,0.82289950576606419,0.064664664679720596,1.8582684684367558e-05,primary,z_projective,64
8,0,0.26000000000000001,0.28000000000000003,37,69,4.2059308072487713,0.0070505287913007969,9.4978166164545283e-05,primary,z_projective,64
8,0,0.26000000000000001,0.29999999999999999,37,165,40.23064250411857,0.005896805898178873,0.00090848680679130012,primary,z_projective,64
8,0,0.26000000000000001,0.34000000000000002,37,240,234.0691927512357,-0.0045326576587129954,0.0052857414213312096,primary,z_projective,64
8,0,0.27000000000000002,0.28000000000000003,54,69,1.5345963756177952,-0.050563607097119004,3.4654195762739499e-05,primary,z_projective,64
8,0,0.27000000000000002,0.29999999999999999,54,165,33.027182866556771,-0.013692480362335072,0.00074581856098069504,primary,z_projective,64
8,0,0.27000000000000002,0.34000000000000002,54,240,261.54859967051078,-0.014417989421346374,0.0059062803213016796,primary,z_projective,64
8,0,0.28000000000000003,0.29999999999999999,69,165,18.756177924217393,0.0047430830050569448,0.00042355128154459155,primary,z_projective,64
8,0,0.28000000000000003,0.34000000000000002,69,240,245.5354200988468,-0.0083937198087175955,0.0055446713220383102,primary,z_projective,64
8,0,0.29999999999999999,0.34000000000000002,165,240,260.95551894563471,-0.014962121215604848,0.0058928873954030448,primary,z_projective,64
8,1,0.22,0.23999999999999999,24,71,1.2575645756457552,-0.015845070426224416,2.8398274413472473e-05,primary,z_projective,64
8,1,0.22,0.25,24,100,3.9852398523985242,-0.0046666666677532094,8.9994531591990322e-05,primary,z_projective,64
8,1,0.22,0.26000000000000001,24,157,11.123247232472329,-0.014570063697659879,0.00025118473706564419,primary,z_projective,64
8,1,0.22,0.27000000000000002,24,170,18.819188191881931,-0.0088235294138190729,0.00042497417696217679,primary,z_projective,64
8,1,0.22,0.28000000000000003,24,233,37.142435424354282,-0.025286123038791526,0.00083874903443735072,primary,z_projective,64
8,1,0.22,0.29999999999999999,24,265,75.099630996309941,-0.025353773590808808,0.0016958969508890616,primary,z_projective,64
8,1,0.22,0.34000000000000002,24,335,213.60885608856094,-0.023942786075226357,0.0048237068933306825,primary,z_projective,64
8,1,0.23999999999999999,0.25,71,100,1.3099630996309986,0.017690140849189167,2.9581535847367241e-05,primary,z_projective,64
8,1,0.23999999999999999,0.26000000000000001,71,157,8.2265682656826709,-0.013295056969095347,0.00018577204512146625,primary,z_projective,64
8,1,0.23999999999999999,0.27000000000000002,71,170,20.042435424354281,-0.0041425020722155185,0.00045259749846471883,primary,z_projective,64
8,1,0.23999999999999999,0.28000000000000003,71,233,48.835424354243628,-0.030006649345075076,0.0011027996563898507,primary,z_projective,64
8,1,0.23999999999999999,0.29999999999999999,71,265,124.97047970479706,-0.028523341312336931,0.00282207851983883,primary,z_projective,64
8,1,0.23999999999999999,0.34000000000000002,71,335,438.83763837638406,-0.025562329205026744,0.0099098145088680149,primary,z_projective,64
8,1,0.25,0.26000000000000001,100,157,2.8966789667896733,-0.044280254787379861,6.5412691944178268e-05,primary,z_projective,64
8,1,0.25,0.27000000000000002,100,170,12.546125461254634,-0.015058823532917862,0.00028331611797478482,primary,z_projective,64
8,1,0.25,0.28000000000000003,100,233,38.690036900369073,-0.045905579409829825,0.00087369691087224089,primary,z_projective,64
8,1,0.25,0.29999999999999999,100,265,122.2324723247232,-0.037766037744642163,0.0027602489435043318,primary,z_projective,64
8,1,0.25,0.34000000000000002,100,335,500.6457564575648,-0.030368159211050738,0.01130556303124379,primary,z_projective,64
8,1,0.26000000000000001,0.27000000000000002,157,170,4.9243542435424441,0.014162607721544139,0.00011120157630510305,primary,z_projective,64
8,1,0.26000000000000001,0.28000000000000003,157,233,26.997047970479755,-0.046718241721054807,0.00060964628891974147,primary,z_projective,64
8,1,0.26000000000000001,0.29999999999999999,157,265,122.81918819188178,-0.03613748348395774,0.0027734981384331505,primary,z_projective,64
8,1,0.26000000000000001,0.34000000000000002,157,335,621.04797047970499,-0.028629147264009593,0.014024481152831799,primary,z_projective,64
8,1,0.27000000000000002,0.28000000000000003,170,233,7.3081180811808242,-0.10759909116365375,0.00016503163872031215,primary,z_projective,64
8,1,0.27000000000000002,0.29999999999999999,170,265,74.806273062730483,-0.052904180552458401,0.0016892723534246484,primary,z_projective,64
8,1,0.27000000000000002,0.34000000000000002,170,335,514.86162361623622,-0.034742255119088704,0.011626585191390214,primary,z_projective,64
8,1,0.28000000000000003,0.29999999999999999,233,265,45.568265682656659,-0.025556725246860638,0.0010290208061384115,primary,z_projective,64
8,1,0.28000000000000003,0.34000000000000002,233,335,518.44649446494464,-0.022599449111661184,0.011707538605688007,primary,z_projective,64
8,1,0.29999999999999999,0.34000000000000002,265,335,262.0664206642071,-0.021120811044061463,0.0059179737348733002,primary,z_projective,64
8,2,0.20000000000000001,0.22,30,72,1.3457943925233631,-0.040555555564998173,3.0390676712061498e-05,primary,z_projective,64
8,2,0.20000000000000001,0.23999999999999999,30,163,12.186915887850454,-0.02693251534369405,0.00027520446133700129,primary,z_projective,64
8,2,0.20000000000000001,0.25,30,202,23.598130841121488,-0.031920792086640074,0.00053289207429135647,primary,z_projective,64
8,2,0.20000000000000001,0.26000000000000001,30,202,33.981308411214954,-0.047392739284961884,0.00076736458697955359,primary,z_projective,64
8,2,0.20000000000000001,0.27000000000000002,30,259,59.303738317757023,-0.026409266415415297,0.0013391947158082394,primary,z_projective,64
8,2,0.20000000000000001,0.28000000000000003,30,263,78.654205607476669,-0.030209125482318779,0.0017761662167271523,primary,z_projective,64
8,2,0.20000000000000001,0.29999999999999999,30,238,111.21495327102799,-0.036033613453767897,0.0025114517560661949,primary,z_projective,64
8,2,0.20000000000000001,0.34000000000000002,30,176,161.19626168224303,-0.037467532476256053,0.003640127721733593,primary,z_projective,64
8,2,0.22,0.23999999999999999,72,163,7.3121495327102712,-0.013309475122389926,0.00016512267680220076,primary,z_projective,64
8,2,0.22,0.25,72,202,20.38878504672897,-0.026164283101068015,0.00046041875218773211,primary,z_projective,64
8,2,0.22,0.26000000000000001,72,202,36.246728971962632,-0.050811331144943739,0.00081852222611152417,primary,z_projective,64
8,2,0.22,0.27000000000000002,72,259,72.616822429906605,-0.020750750755582151,0.001639830264254988,primary,z_projective,64
8,2,0.22,0.28000000000000003,72,263,106.18317757009355,-0.026760315454758984,0.0023978243925816566,primary,z_projective,64
8,2,0.22,0.29999999999999999,72,238,170.82616822429901,-0.034903127925960321,0.0038575898973176757,primary,z_projective,64
8,2,0.22,0.34000000000000002,72,176,284.23177570093463,-0.036952861961465709,0.0064185109215873963,primary,z_projective,64
8,2,0.23999999999999999,0.25,163,202,5.1286604361370802,-0.051873899058424162,0.00011581521081265504,primary,z_projective,64
8,2,0.23999999999999999,0.26000000000000001,163,202,20.514641744548321,-0.088313187167497503,0.00046326084325062016,primary,z_projective,64
8,2,0.23999999999999999,0.27000000000000002,163,259,59.182710280373932,-0.025711601177710295,0.0013364616653678163,primary,z_projective,64
8,2,0.23999999999999999,0.28000000000000003,163,263,106.8386292834893,-0.033485735620943508,0.0024126257777210519,primary,z_projective,64
8,2,0.23999999999999999,0.29999999999999999,163,238,217.53644859813085,-0.042101012193817122,0.0049123996348654792,primary,z_projective,64
8,2,0.23999999999999999,0.34000000000000002,163,176,446.8535825545174,-0.041681539329280863,0.010090830249023399,primary,z_projective,64
8,2,0.25,0.26000000000000001,202,202,6.3557632398754,-0.12475247527657085,0.00014352559867580563,primary,z_projective,64
8,2,0.25,0.27000000000000002,202,259,32.596884735202551,-0.012630452237353363,0.0007361015852877953,primary,z_projective,64
8,2,0.25,0.28000000000000003,202,263,74.475700934579578,-0.027356347808449952,0.0016818073864635248,primary,z_projective,64
8,2,0.25,0.29999999999999999,202,238,187.21183800623047,-0.040146434820895707,0.0042276104560447616,primary,z_projective,64
8,2,0.25,0.34000000000000002,202,176,448.55327102803756,-0.040549054914931611,0.010129212548130111,primary,z_projective,64
8,2,0.26000000000000001,0.27000000000000002,202,259,8.1492211838006376,0.099491570801864132,0.00018402539632194882,primary,z_projective,64
8,2,0.26000000000000001,0.28000000000000003,202,263,33.100311526479807,0.021341715925610499,0.00074746994953934424,primary,z_projective,64
8,2,0.26000000000000001,0.29999999999999999,202,238,119.8155763239874,-0.018994924706976894,0.0027056706918686451,primary,z_projective,64
8,2,0.26000000000000001,0.34000000000000002,202,176,354.41246105919015,-0.030023627369726691,0.0080033284330904581,primary,z_projective,64
8,2,0.27000000000000002,0.28000000000000003,259,263,10.610124610591917,-0.056808138950643135,0.00023959742194392343,primary,z_projective,64
8,2,0.27000000000000002,0.29999999999999999,259,238,86.414018691588595,-0.058490423209923974,0.0019513980144634298,primary,z_projective,64
8,2,0.27000000000000002,0.34000000000000002,259,176,347.91526479750792,-0.04852579853709682,0.0078566089994083384,primary,z_projective,64
8,2,0.28000000000000003,0.29999999999999999,263,238,38.999376947040354,-0.059331565339564393,0.00088068241579387604,primary,z_projective,64
8,2,0.28000000000000003,0.34000000000000002,263,176,259.55887850467292,-0.047145408468172438,0.0058613485151996006,primary,z_projective,64
8,2,0.29999999999999999,0.34000000000000002,238,176,104.39376947040519,-0.041052330032476478,0.0023574160483608069,primary,z_projective,64
8,3,0.20000000000000001,0.22,61,163,7.3164091243561353,-0.053605551656853989,0.00016521886673533917,primary,z_projective,64
8,3,0.20000000000000001,0.23999999999999999,61,203,36.447387785136087,-0.016902204639322609,0.00082305349563862218,primary,z_projective,64
8,3,0.20000000000000001,0.25,61,211,59.193340691685037,-0.028753010650778205,0.0013367017209032436,primary,z_projective,64
8,3,0.20000000000000001,0.26000000000000001,61,220,88.874172185430467,-0.030432190767145168,0.0020069531051286624,primary,z_projective,64
8,3,0.20000000000000001,0.27000000000000002,61,201,110.5204194260486,-0.047528167137960819,0.0024957678197490155,primary,z_projective,64
8,3,0.20000000000000001,0.28000000000000003,61,159,114.18984547461375,-0.047618311177186595,0.0025786306562865248,primary,z_projective,64
8,3,0.20000000000000001,0.29999999999999999,61,96,107.72626931567325,-0.05637295083279751,0.0024326704304589836,primary,z_projective,64
8,3,0.20000000000000001,0.34000000000000002,61,45,98.973509933774864,-0.047587822025131427,0.0022350159579841928,primary,z_projective,64
8,3,0.22,0.23999999999999999,163,203,24.348050036791729,0.019801142378208774,0.00054982672044711235,primary,z_projective,64
8,3,0.22,0.25,163,211,56.942052980132445,-0.012184649980061024,0.0012858632292229895,primary,z_projective,64
8,3,0.22,0.26000000000000001,163,220,105.5481972038264,-0.01884551032229077,0.0023834852906081758,primary,z_projective,64
8,3,0.22,0.27000000000000002,163,201,150.67604856512153,-0.045097213330403556,0.0034025606776437746,primary,z_projective,64
8,3,0.22,0.28000000000000003,163,159,171.63576158940413,-0.045622564350630813,0.0038758721032503417,primary,z_projective,64
8,3,0.22,0.29999999999999999,163,96,184.22958057395138,-0.057064800626783388,0.0041602652345160852,primary,z_projective,64
8,3,0.22,0.34000000000000002,163,45,194.30463576158945,-0.046584867086511009,0.0043877797395286862,primary,z_projective,64
8,3,0.23999999999999999,0.25,203,211,7.879506990434157,-0.07615623469660053,0.00017793472088089118,primary,z_projective,64
8,3,0.23999999999999999,0.26000000000000001,203,220,32.862398822663778,-0.057492163022790262,0.00074209741410039909,primary,z_projective,64
8,3,0.23999999999999999,0.27000000000000002,203,201,67.554635761589523,-0.08836278380281172,0.0015255161614859342,primary,z_projective,64
8,3,0.23999999999999999,0.28000000000000003,203,159,95.002207505518939,-0.07833441771505055,0.0021453361607629722,primary,z_projective,64
8,3,0.23999999999999999,0.29999999999999999,203,96,129.05960264900662,-0.08268678162844742,0.0029144189353761079,primary,z_projective,64
8,3,0.23999999999999999,0.34000000000000002,203,45,168.04635761589415,-0.059862068979454945,0.0037948163221043097,primary,z_projective,64
8,3,0.25,0.26000000000000001,211,220,8.5393671817513024,-0.038828091348979986,0.00019283565809751751,primary,z_projective,64
8,3,0.25,0.27000000000000002,211,201,31.207505518763853,-0.094466058355917315,0.00070472667777456404,primary,z_projective,64
8,3,0.25,0.28000000000000003,211,159,55.544701986755065,-0.079060478721200561,0.0012543083033524889,primary,z_projective,64
8,3,0.25,0.29999999999999999,211,96,93.156732891832206,-0.083992891014816801,0.0021036617247001867,primary,z_projective,64
8,3,0.25,0.34000000000000002,211,45,141.48178807947028,-0.058051606121994323,0.0031949362443884116,primary,z_projective,64
8,3,0.26000000000000001,0.27000000000000002,220,201,8.134657836644605,-0.15010402536285464,0.00018369652738199534,primary,z_projective,64
8,3,0.26000000000000001,0.28000000000000003,220,159,25.739514348785914,-0.099176672407310859,0.00058124871350720918,primary,z_projective,64
8,3,0.26000000000000001,0.29999999999999999,220,96,62.163355408388448,-0.09528409093127603,0.0014037704779041992,primary,z_projective,64
8,3,0.26000000000000001,0.34000000000000002,220,45,116.55629139072853,-0.060454545468621113,0.0026320696460703781,primary,z_projective,64
8,3,0.27000000000000002,0.28000000000000003,201,159,5.8791390728476927,-0.048249319451767081,0.00013276249024426028,primary,z_projective,64
8,3,0.27000000000000002,0.29999999999999999,201,96,31.947019867549603,-0.07701077945408312,0.00072142636208201536,primary,z_projective,64
8,3,0.27000000000000002,0.34000000000000002,201,45,81.531456953642405,-0.047647476912302034,0.0018411401948968144,primary,z_projective,64
8,3,0.28000000000000003,0.29999999999999999,159,96,11.231788079470157,-0.091391509455241174,0.00025363580225768991,primary,z_projective,64
8,3,0.28000000000000003,0.34000000000000002,159,45,47.384105960264897,-0.04754716982239119,0.0010700260407746332,primary,z_projective,64
8,3,0.29999999999999999,0.34000000000000002,96,45,12.715231788079491,-0.025625000005966261,0.00028713487048040518,primary,z_projective,64
8,4,0.20000000000000001,0.22,117,207,24.562880324543581,0.0011148272020432704,0.00055467800966283278,primary,z_projective,64
8,4,0.20000000000000001,0.23999999999999999,117,183,86.860040567951231,-0.024309934151659836,0.001961470063155525,primary,z_projective,64
8,4,0.20000000000000001,0.25,117,166,123.11105476673423,-0.026658428592346343,0.0027800890580927029,primary,z_projective,64
8,4,0.20000000000000001,0.26000000000000001,117,129,137.7657200811359,-0.031617306043272175,0.0031110201411524135,primary,z_projective,64
8,4,0.20000000000000001,0.27000000000000002,117,88,127.91683569979719,-0.030941280948485021,0.0028886130165049978,primary,z_projective,64
8,4,0.20000000000000001,0.28000000000000003,117,65,123.40770791075056,-0.032991452999134405,0.0027867880678712417,primary,z_projective,64
8,4,0.20000000000000001,0.29999999999999999,117,31,91.962474645030383,-0.043286462651379774,0.0020766930313463562,primary,z_projective,64
8,4,0.22,0.23999999999999999,207,183,38.418864097363041,-0.049734695505362941,0.00086757329716494365,primary,z_projective,64
8,4,0.22,0.25,207,166,78.412271805273832,-0.045173932455272736,0.0017707028770005836,primary,z_projective,64
8,4,0.22,0.26000000000000001,207,129,108.32860040567957,-0.047983372665929877,0.0024462722477437797,primary,z_projective,64
8,4,0.22,0.27000000000000002,207,88,115.46653144016237,-0.043763724208696328,0.0026074607291842618,primary,z_projective,64
8,4,0.22,0.28000000000000003,207,65,122.81440162271817,-0.044360213066193623,0.0027733900483141696,primary,z_projective,64
8,4,0.22,0.29999999999999999,207,31,104.12981744421901,-0.054386785114735541,0.0023514554939552588,primary,z_projective,64
8,4,0.23999999999999999,0.25,183,166,7.7023326572008255,-0.03605240635509236,0.00017393377696785152,primary,z_projective,64
8,4,0.23999999999999999,0.26000000000000001,183,129,23.942190669371239,-0.046232049826496834,0.00054066161997235775,primary,z_projective,64
8,4,0.23999999999999999,0.27000000000000002,183,88,36.748478701825626,-0.039783076677585259,0.0008298527190273399,primary,z_projective,64
8,4,0.23999999999999999,0.28000000000000003,183,65,48.255578093306376,-0.041672971846608974,0.0010897055906419614,primary,z_projective,64
8,4,0.23999999999999999,0.29999999999999999,183,31,51.781947261663291,-0.055937481651193062,0.0011693379222657951,primary,z_projective,64
8,4,0.25,0.26000000000000001,166,129,5.4295131845841871,-0.056411693297901307,0.00012260905589537072,primary,z_projective,64
8,4,0.25,0.27000000000000002,166,88,14.815415821501039,-0.041648411838831709,0.00033456114476876358,primary,z_projective,64
8,4,0.25,0.28000000000000003,166,65,24.622210953346901,-0.043546493677114502,0.00055601781161854181,primary,z_projective,64
8,4,0.25,0.29999999999999999,166,31,32.61916835699796,-0.059914496710413212,0.00073660479316986147,primary,z_projective,64
8,4,0.26000000000000001,0.27000000000000002,129,88,2.8782961460446299,-0.026885130379762111,6.4997571799955584e-05,primary,z_projective,64
8,4,0.26000000000000001,0.28000000000000003,129,65,8.5040567951318593,-0.0371138938667211,0.00019203828031805054,primary,z_projective,64
8,4,0.26000000000000001,0.29999999999999999,129,31,16.223123732251501,-0.060790197563541197,0.00036634995014520305,primary,z_projective,64
8,4,0.27000000000000002,0.28000000000000003,88,65,1.4503042596348912,-0.047342657353680095,3.2750714472845839e-05,primary,z_projective,64
8,4,0.27000000000000002,0.29999999999999999,88,31,6.225152129817431,-0.072091886624800913,0.00014057614366036849,primary,z_projective,64
8,4,0.28000000000000003,0.29999999999999999,65,31,2.0436105476673347,-0.084466501260361329,4.6148734029918864e-05,primary,z_projective,64
8,5,0.20000000000000001,0.22,173,175,49.307817589576487,-0.024336911648936435,0.0011134672220861586,primary,z_projective,64
8,5,0.20000000000000001,0.23999999999999999,173,121,136.37133550488582,-0.048210958784453903,0.0030795322027982897,primary,z_projective,64
8,5,0.20000000000000001,0.25,173,74,130.3135179153094,-0.069089204827834275,0.0029427348012277077,primary,z_projective,64
8,5,0.20000000000000001,0.26000000000000001,173,41,103.96905537459284,-0.05129000424146396,0.0023478251711416746,primary,z_projective,64
8,5,0.20000000000000001,0.27000000000000002,173,20,69.030944625407187,-0.065565648239873459,0.0015588541109206244,primary,z_projective,64
8,5,0.20000000000000001,0.28000000000000003,173,10,45.081433224755713,-0.05736994220988928,0.0010180271744787751,primary,z_projective,64
8,5,0.22,0.23999999999999999,175,121,34.486970684039044,-0.072085005919971371,0.00077878343278858482,primary,z_projective,64
8,5,0.22,0.25,175,74,47.455211726384363,-0.098924066947099487,0.0010716317484239632,primary,z_projective,64
8,5,0.22,0.26000000000000001,175,41,46.742671009772003,-0.064766550537727716,0.001055541181630811,primary,z_projective,64
8,5,0.22,0.27000000000000002,175,20,35.627035830618915,-0.082057142876248254,0.00080452833965763057,primary,z_projective,64
8,5,0.22,0.28000000000000003,175,10,25.651465798045628,-0.068380952396873557,0.00057926040455349417,primary,z_projective,64
8,5,0.23999999999999999,0.25,121,74,3.6457654723127098,-0.15260218900135569,8.2328534323364934e-05,primary,z_projective,64
8,5,0.23999999999999999,0.26000000000000001,121,41,8.0798045602605999,-0.057448095155484082,0.00018245783282475471,primary,z_projective,64
8,5,0.23999999999999999,0.27000000000000002,121,20,8.8680781758957803,-0.088705234180432829,0.00020025859700277955,primary,z_projective,64
8,5,0.23999999999999999,0.28000000000000003,121,10,7.8827361563518057,-0.066528925635324657,0.00017800764178024851,primary,z_projective,64
8,5,0.25,0.26000000000000001,74,41,1.2353420195439762,0.037705998690387536,2.7896445514528615e-05,primary,z_projective,64
8,5,0.25,0.27000000000000002,74,20,2.4104234527687343,-0.056756756769971412,5.4432088808836333e-05,primary,z_projective,64
8,5,0.25,0.28000000000000003,74,10,2.7117263843648258,-0.037837837846647633,6.123609990994087e-05,primary,z_projective,64
8,5,0.26000000000000001,0.27000000000000002,41,20,0.33387622149837187,-0.15121951223033034,7.5395798687915167e-06,primary,z_projective,64
8,5,0.26000000000000001,0.28000000000000003,41,10,0.66775244299674374,-0.075609756115165225,1.5079159737583033e-05,primary,z_projective,64
8,5,0.27000000000000002,0.28000000000000003,20,10,0.081433224755700459,-8.3266726846886667e-17,1.838921919217443e-06,primary,z_projective,64
8,6,0.20000000000000001,0.22,191,98,53.942363112391874,-0.065477080899955048,0.0012181243491136582,primary,z_projective,64
8,6,0.20000000000000001,0.23999999999999999,191,34,74.858789625360146,-0.11335078536670576,0.0016904582804026277,primary,z_projective,64
8,6,0.20000000000000001,0.25,191,12,41.282420749279531,-0.13068062830267782,0.00093223802228086178,primary,z_projective,64
8,6,0.20000000000000001,0.26000000000000001,191,12,59.446685878962541,-0.070011634687621394,0.0013424227520844414,primary,z_projective,64
8,6,0.22,0.23999999999999999,98,34,9.6023054755043127,-0.16122448983345647,0.00021683888937101771,primary,z_projective,64
8,6,0.22,0.25,98,12,7.6253602305475496,-0.17414965990449296,0.00017219558861816128,primary,z_projective,64
8,6,0.22,0.26000000000000001,98,12,13.556195965417874,-0.07227891158145458,0.00030612549087673138,primary,z_projective,64
8,6,0.23999999999999999,0.25,34,12,0.29394812680115329,-0.20000000004656604,6.6379251848270924e-06,primary,z_projective,64
8,6,0.23999999999999999,0.26000000000000001,34,12,1.1757925072046131,0.01666666667054717,2.655170073930837e-05,primary,z_projective,64
8,6,0.25,0.26000000000000001,12,12,0.10374639769452469,0.23333333338766038,2.3427971240566207e-06,primary,z_projective,64
10,0,0.23999999999999999,0.25,12,26,0.13197969543147231,-0.04615384616459213,2.9803603571966764e-06,primary,z_projective,64
10,0,0.23999999999999999,0.26000000000000001,12,33,0.67005076142132092,0.027272727279077178,1.513106027499851e-05,primary,z_projective,64
10,0,0.23999999999999999,0.27000000000000002,12,56,2.5583756345177711,0.0047619047630135204,5.7773139231812505e-05,primary,z_projective,64
10,0,0.23999999999999999,0.28000000000000003,12,83,6.7411167512690477,0.0078313253030282068,0.00015222763670604564,primary,z_projective,64
10,0,0.23999999999999999,0.29999999999999999,12,136,24.852791878172589,-0.00098039215709098504,0.00056122478110903469,primary,z_projective,64
10,0,0.23999999999999999,0.34000000000000002,12,245,124.36548223350263,-0.0013877551023639184,0.0028084164904353271,primary,z_projective,64
10,0,0.25,0.26000000000000001,26,33,0.36294416243654887,0.10069930072274649,8.1959909822908614e-06,primary,z_projective,64
10,0,0.25,0.27000000000000002,26,56,2.4636209813874834,0.030219780226816345,5.5633393334337968e-05,primary,z_projective,64
10,0,0.25,0.28000000000000003,26,83,8.2157360406091513,0.025826382458901651,0.00018552743223549311,primary,z_projective,64
10,0,0.25,0.29999999999999999,26,136,37.394247038917072,0.0080542986444092531,0.00084443543453905647,primary,z_projective,64
10,0,0.25,0.34000000000000002,26,245,218.26142131979705,0.0035862550156614418,0.0049287709407139979,primary,z_projective,64
10,0,0.26000000000000001,0.27000000000000002,33,56,0.78172588832487444,-0.040259740269113796,1.7652903654164931e-05,primary,z_projective,64
10,0,0.26000000000000001,0.28000000000000003,33,83,4.6345177664974706,-0.011610076673020765,0.00010465650023540638,primary,z_projective,64
10,0,0.26000000000000001,0.29999999999999999,33,136,30.375634517766461,-0.015106951875175087,0.00068594139913326379,primary,z_projective,64
10,0,0.26000000000000001,0.34000000000000002,33,245,218.88324873096457,-0.0085528756977241976,0.0049428130231661746,primary,z_projective,64
10,0,0.27000000000000002,0.28000000000000003,56,83,1.9661590524534722,0.017039586923072267,4.4399727372596642e-05,primary,z_projective,64
10,0,0.27000000000000002,0.29999999999999999,56,136,28.99492385786796,-0.0067226890771955013,0.00065476224462720578,primary,z_projective,64
10,0,0.27000000000000002,0.34000000000000002,56,245,284.38240270727584,-0.0040233236160971088,0.0064219123747954439,primary,z_projective,64
10,0,0.28000000000000003,0.29999999999999999,83,136,19.099830795262196,-0.018603827077329417,0.00043131163733379363,primary,z_projective,64
10,0,0.28000000000000003,0.34000000000000002,83,245,309.67005076142135,-0.0075338087059586738,0.00699295706118396,primary,z_projective,64
10,0,0.29999999999999999,0.34000000000000002,136,245,225.516074450085,-0.0019987995202733182,0.0050925952359893983,primary,z_projective,64
10,1,0.22,0.23999999999999999,24,67,1.1652173913043464,-0.020522388064479768,2.631289388270155e-05,primary,z_projective,64
10,1,0.22,0.25,24,104,4.0695652173913039,-0.034615384623444156,9.1898763709733874e-05,primary,z_projective,64
10,1,0.22,0.26000000000000001,24,150,10.434782608695656,-0.045833333344004738,0.0002356378556659844,primary,z_projective,64
10,1,0.22,0.27000000000000002,24,193,20.978260869565233,-0.045025906746234703,0.00047373027232848968,primary,z_projective,64
10,1,0.22,0.28000000000000003,24,201,31.460869565217418,-0.04100331675913222,0.00071044813483294334,primary,z_projective,64
10,1,0.22,0.29999999999999999,24,292,81.25217391304345,-0.038613013707620443,0.0018348334361191305,primary,z_projective,64
10,1,0.22,0.34000000000000002,24,349,218.50434782608701,-0.030384431716721037,0.0049342566976457126,primary,z_projective,64
10,1,0.23999999999999999,0.25,67,104,1.2623188405797123,-0.062801377741372899,2.850563503959343e-05,primary,z_projective,64
10,1,0.23999999999999999,0.26000000000000001,67,150,7.2826086956521863,-0.071144278623529664,0.00016445558676688517,primary,z_projective,64
10,1,0.23999999999999999,0.27000000000000002,67,193,21.083152173913081,-0.061361585867404644,0.00047609892369013262,primary,z_projective,64
10,1,0.23999999999999999,0.28000000000000003,67,201,39.034782608695721,-0.051243781106458434,0.00088148194507050453,primary,z_projective,64
10,1,0.23999999999999999,0.29999999999999999,67,292,127.59130434782608,-0.044643222255333993,0.0028812618801558232,primary,z_projective,64
10,1,0.23999999999999999,0.34000000000000002,67,349,423.60507246376841,-0.032356840447169286,0.0095658332969404784,primary,z_projective,64
10,1,0.25,0.26000000000000001,104,150,2.8260869565217446,-0.079487179505686442,6.3818585909537539e-05,primary,z_projective,64
10,1,0.25,0.27000000000000002,104,193,14.544927536231908,-0.060641689930420517,0.0003284529888144198,primary,z_projective,64
10,1,0.25,0.28000000000000003,104,201,34.082608695652233,-0.047391248894820284,0.00076965214606902266,primary,z_projective,64
10,1,0.25,0.29999999999999999,104,292,137.53623188405794,-0.041011591158126214,0.0031058378475974872,primary,z_projective,64
10,1,0.25,0.34000000000000002,104,349,532.60434782608718,-0.028974114081146665,0.012027250700511426,primary,z_projective,64
10,1,0.26000000000000001,0.27000000000000002,150,193,5.2445652173913135,-0.041796200355154599,0.00011843256808212253,primary,z_projective,64
10,1,0.26000000000000001,0.28000000000000003,150,201,21.847826086956559,-0.031343283589387205,0.00049336676030065551,primary,z_projective,64
10,1,0.26000000000000001,0.29999999999999999,150,292,126.9565217391303,-0.031392694071236148,0.0028669272439361395,primary,z_projective,64
10,1,0.26000000000000001,0.34000000000000002,150,349,606.95652173913061,-0.022659980903079188,0.013706268604571425,primary,z_projective,64
10,1,0.27000000000000002,0.28000000000000003,193,201,7.0277173913043605,-0.020890366823619815,0.00015869964123004421,primary,z_projective,64
10,1,0.27000000000000002,0.29999999999999999,193,292,91.884782608695474,-0.027924858643263321,0.0020749385927987789,primary,z_projective,64
10,1,0.27000000000000002,0.34000000000000002,193,349,597.91539855072472,-0.01992623526706841,0.013502102311815829,primary,z_projective,64
10,1,0.28000000000000003,0.29999999999999999,201,292,42.530434782608538,-0.031442104553085083,0.00096042062671860423,primary,z_projective,64
10,1,0.28000000000000003,0.34000000000000002,201,349,457.49347826086961,-0.019765546674309842,0.01033109996069571,primary,z_projective,64
10,1,0.29999999999999999,0.34000000000000002,292,349,295.38550724637736,-0.013927267734922243,0.0066703840542247711,primary,z_projective,64
10,2,0.20000000000000001,0.22,16,74,0.71714112658994456,0.030067567574568261,1.6194453072622847e-05,primary,z_projective,64
10,2,0.20000000000000001,0.23999999999999999,16,164,6.3573591762568071,-0.015091463418147899,0.00014356163804919717,primary,z_projective,64
10,2,0.20000000000000001,0.25,16,220,13.325257419745604,-0.029545454552333632,0.00030091044560616806,primary,z_projective,64
10,2,0.20000000000000001,0.26000000000000001,16,228,19.886129618413083,-0.023903508777495298,0.00044906780682462327,primary,z_projective,64
10,2,0.20000000000000001,0.27000000000000002,16,245,29.085402786190194,-0.026574344029510935,0.00065680543627309989,primary,z_projective,64
10,2,0.20000000000000001,0.28000000000000003,16,288,44.656571774682028,-0.027083333339639158,0.0010084329697114351,primary,z_projective,64
10,2,0.20000000000000001,0.29999999999999999,16,236,57.177468201090235,-0.025296610175381356,0.0012911793666010121,primary,z_projective,64
10,2,0.20000000000000001,0.34000000000000002,16,180,85.47546941247731,-0.031547619054964296,0.0019302037310882935,primary,z_projective,64
10,2,0.22,0.23999999999999999,74,164,7.3506965475469324,-0.06025049441086406,0.0001659931439943842,primary,z_projective,64
10,2,0.22,0.25,74,220,22.186553603876437,-0.069287469303601537,0.00050101589193426988,primary,z_projective,64
10,2,0.22,0.26000000000000001,74,228,40.87704421562691,-0.050889046953527056,0.00092308382513950381,primary,z_projective,64
10,2,0.22,0.27000000000000002,74,245,68.632646880678422,-0.049231108671142589,0.0015498597667158614,primary,z_projective,64
10,2,0.22,0.28000000000000003,74,288,116.17686250757127,-0.04613363364437495,0.0026235013977649068,primary,z_projective,64
10,2,0.22,0.29999999999999999,74,236,169.24530587522707,-0.039137654612868757,0.0038218909251389955,primary,z_projective,64
10,2,0.22,0.34000000000000002,74,180,290.44215626892804,-0.041816816826553048,0.0065587534944122642,primary,z_projective,64
10,2,0.23999999999999999,0.25,164,220,5.4633555420957087,-0.087361419089076492,0.00012337328269852914,primary,z_projective,64
10,2,0.23999999999999999,0.26000000000000001,164,228,22.648092065414943,-0.04152759949619008,0.00051143833555026641,primary,z_projective,64
10,2,0.23999999999999999,0.27000000000000002,164,245,54.757722592368367,-0.041884851511328293,0.0012365367652284402,primary,z_projective,64
10,2,0.23999999999999999,0.28000000000000003,164,288,114.43246517262286,-0.039075203261130405,0.002584109484885556,primary,z_projective,64
10,2,0.23999999999999999,0.29999999999999999,164,236,210.98485766202299,-0.032100041346870327,0.0047644518627577353,primary,z_projective,64
10,2,0.23999999999999999,0.34000000000000002,164,180,447.00181708055754,-0.038130081309690853,0.010094177675334192,primary,z_projective,64
10,2,0.25,0.26000000000000001,220,228,7.5953967292550111,0.0043062200966963414,0.00017151895399551616,primary,z_projective,64
10,2,0.25,0.27000000000000002,220,245,32.646880678376796,-0.019146567722454193,0.00073723059173511323,primary,z_projective,64
10,2,0.25,0.28000000000000003,220,288,86.347668079951688,-0.022979797985148372,0.0019498996875279729,primary,z_projective,64
10,2,0.25,0.29999999999999999,220,236,196.54754694124765,-0.021047765798429079,0.004438429072690978,primary,z_projective,64
10,2,0.25,0.34000000000000002,220,180,485.7056329497276,-0.03265993266753689,0.010968185742344833,primary,z_projective,64
10,2,0.26000000000000001,0.27000000000000002,228,245,8.4585099939430783,-0.042599355541604732,0.0001910097442222793,primary,z_projective,64
10,2,0.26000000000000001,0.28000000000000003,228,288,39.772259236826237,-0.036622807026070729,0.00089813561364924816,primary,z_projective,64
10,2,0.26000000000000001,0.29999999999999999,228,236,130.36462749848559,-0.027386262272210443,0.0029438889558503043,primary,z_projective,64
10,2,0.26000000000000001,0.34000000000000002,228,180,397.72259236826187,-0.037280701763066047,0.0089813561364924712,primary,z_projective,64
10,2,0.27000000000000002,0.28000000000000003,245,288,10.684433676559678,-0.030646258510536734,0.00024127546638603702,primary,z_projective,64
10,2,0.27000000000000002,0.29999999999999999,245,236,78.797698364627337,-0.02231523118241234,0.0017794065645970166,primary,z_projective,64
10,2,0.27000000000000002,0.34000000000000002,245,180,327.21078134463971,-0.036520894080417664,0.0073890611580723744,primary,z_projective,64
10,2,0.28000000000000003,0.29999999999999999,288,236,41.167777104784825,-0.018149717518350129,0.00092964914395272545,primary,z_projective,64
10,2,0.28000000000000003,0.34000000000000002,288,180,282.5923682616596,-0.037500000008731153,0.0063814898864551729,primary,z_projective,64
10,2,0.29999999999999999,0.34000000000000002,236,180,102.91944276196261,-0.047175141253921637,0.002324122859881826,primary,z_projective,64
10,3,0.20000000000000001,0.22,58,144,6.514820592823706,-0.031752873570611455,0.00014711742564356759,primary,z_projective,64
10,3,0.20000000000000001,0.23999999999999999,58,207,37.46021840873631,-0.045194069642373352,0.0008459251974505136,primary,z_projective,64
10,3,0.20000000000000001,0.25,58,207,58.531591263650533,-0.035768782283856985,0.0013217581210164286,primary,z_projective,64
10,3,0.20000000000000001,0.26000000000000001,58,213,86.728549141965686,-0.030791646437475218,0.0019585007288799956,primary,z_projective,64
10,3,0.20000000000000001,0.27000000000000002,58,183,101.42082683307335,-0.050348596205429128,0.0022902811731699171,primary,z_projective,64
10,3,0.20000000000000001,0.28000000000000003,58,140,101.3416536661467,-0.049039408878412946,0.0022884932877888326,primary,z_projective,64
10,3,0.20000000000000001,0.29999999999999999,58,107,121.0218408736349,-0.053367708681455628,0.0027329105110871083,primary,z_projective,64
10,3,0.20000000000000001,0.34000000000000002,58,23,50.987519500780046,-0.049903619630381139,0.0011513981854187562,primary,z_projective,64
10,3,0.22,0.23999999999999999,144,207,23.251170046801843,-0.05863526571413525,0.00052505701910721527,primary,z_projective,64
10,3,0.22,0.25,144,207,52.315132605304207,-0.038446054759354011,0.0011813782929912357,primary,z_projective,64
10,3,0.22,0.26000000000000001,144,213,95.700468018720784,-0.030311032870907105,0.0021611042525572373,primary,z_projective,64
10,3,0.22,0.27000000000000002,144,183,128.4711388455539,-0.057786885259356192,0.0029011302686177708,primary,z_projective,64
10,3,0.22,0.28000000000000003,144,140,141.5288611544463,-0.054801587314346777,0.0031959992467395781,primary,z_projective,64
10,3,0.22,0.29999999999999999,144,107,192.29953198127913,-0.058771417459166669,0.0043425005638239277,primary,z_projective,64
10,3,0.22,0.34000000000000002,144,23,93.004680187207512,-0.052928743973676098,0.0021002280764288641,primary,z_projective,64
10,3,0.23999999999999999,0.25,207,207,8.3558892355694372,0.0019323671502083899,0.00018869236624165605,primary,z_projective,64
10,3,0.23999999999999999,0.26000000000000001,207,213,34.392355694227824,-0.001986800027679007,0.00077664684076275811,primary,z_projective,64
10,3,0.23999999999999999,0.27000000000000002,207,183,66.483814352574228,-0.057221298289503494,0.0015013349140096984,primary,z_projective,64
10,3,0.23999999999999999,0.28000000000000003,207,140,90.421216848674121,-0.052884748114452547,0.0020418884076391771,primary,z_projective,64
10,3,0.23999999999999999,0.29999999999999999,207,107,155.49219968798752,-0.058816801374177143,0.0035113188152795065,primary,z_projective,64
10,3,0.23999999999999999,0.34000000000000002,207,23,92.843213728549202,-0.051787439625584256,0.0020965818471295095,primary,z_projective,64
10,3,0.25,0.26000000000000001,207,213,8.598088923556956,-0.005905967205566404,0.00019416171019068953,primary,z_projective,64
10,3,0.25,0.27000000000000002,207,183,29.54836193447743,-0.08679813100935943,0.00066725996178208802,primary,z_projective,64
10,3,0.25,0.28000000000000003,207,140,50.861934477379179,-0.071157119869339522,0.0011485622292970368,primary,z_projective,64
10,3,0.25,0.29999999999999999,207,107,107.98069422776906,-0.070966635079054263,0.0024384158439441006,primary,z_projective,64
10,3,0.25,0.34000000000000002,207,23,75.203003120124833,-0.057756307045116785,0.0016982312961749022,primary,z_projective,64
10,3,0.26000000000000001,0.27000000000000002,213,183,7.601209048361949,-0.16769029481315248,0.00017165020755988499,primary,z_projective,64
10,3,0.26000000000000001,0.28000000000000003,213,140,23.260530421216892,-0.10378269620122609,0.00052526839471877379,primary,z_projective,64
10,3,0.26000000000000001,0.29999999999999999,213,107,71.110764430577134,-0.087231802047426241,0.0016058205209973891,primary,z_projective,64
10,3,0.26000000000000001,0.34000000000000002,213,23,61.141965678627173,-0.064237599525060571,0.0013807054946893462,primary,z_projective,64
10,3,0.27000000000000002,0.28000000000000003,183,140,4.9960998439937683,-0.039875097589299711,0.00011282173266846899,primary,z_projective,64
10,3,0.27000000000000002,0.29999999999999999,183,107,34.366029641185577,-0.060412304458850805,0.00077605234685525161,primary,z_projective,64
10,3,0.27000000000000002,0.34000000000000002,183,23,40.218603744149775,-0.049458643055333151,0.00090821494798117399,primary,z_projective,64
10,3,0.28000000000000003,0.29999999999999999,140,107,11.684867394695745,-0.070680907893626382,0.00026386722176013373,primary,z_projective,64
10,3,0.28000000000000003,0.34000000000000002,140,23,22.605304212168488,-0.051055900633005392,0.00051047210190979331,primary,z_projective,64
10,3,0.29999999999999999,0.34000000000000002,107,23,7.6786271450858177,-0.041243397002694943,0.0001733984600138031,primary,z_projective,64
10,4,0.20000000000000001,0.22,120,217,26.382978723404229,-0.022396313369269852,0.00059577940102782505,primary,z_projective,64
10,4,0.20000000000000001,0.23999999999999999,120,186,90.455927051671623,-0.044838709687859218,0.0020426722320953995,primary,z_projective,64
10,4,0.20000000000000001,0.25,120,152,115.50151975683887,-0.042000000009778903,0.002608250833992784,primary,z_projective,64
10,4,0.20000000000000001,0.26000000000000001,120,122,133.49544072948328,-0.038688524599171818,0.0030145888586569241,primary,z_projective,64
10,4,0.20000000000000001,0.27000000000000002,120,95,141.4893617021277,-0.064060150390855011,0.0031951072716411622,primary,z_projective,64
10,4,0.20000000000000001,0.28000000000000003,120,68,132.27963525835872,-0.056764705895569492,0.0029871335867201593,primary,z_projective,64
10,4,0.20000000000000001,0.29999999999999999,120,27,82.066869300911819,-0.04785185186299324,0.0018532308557317149,primary,z_projective,64
10,4,0.22,0.23999999999999999,217,186,40.893617021276555,-0.067281106006448585,0.00092345807159312872,primary,z_projective,64
10,4,0.22,0.25,217,152,75.191489361702125,-0.055069124436784932,0.0016979712929293029,primary,z_projective,64
10,4,0.22,0.26000000000000001,217,122,107.29078014184402,-0.046834630214122798,0.0024228362308464919,primary,z_projective,64
10,4,0.22,0.27000000000000002,217,95,130.5407801418441,-0.08072568519948907,0.0029478668280022648,primary,z_projective,64
10,4,0.22,0.28000000000000003,217,68,134.55319148936184,-0.068220836737669363,0.0030384749452419136,primary,z_projective,64
10,4,0.22,0.29999999999999999,217,27,94.978723404255291,-0.054215736486424096,0.0021448058437001714,primary,z_projective,64
10,4,0.23999999999999999,0.25,186,152,7.1610942249240246,-0.030645161297457674,0.00016171155170755294,primary,z_projective,64
10,4,0.23999999999999999,0.26000000000000001,186,122,22.990881458966609,-0.026388154421797042,0.00051917919232424901,primary,z_projective,64
10,4,0.23999999999999999,0.27000000000000002,186,95,40.281155015197641,-0.089688737994849388,0.00090962747835498538,primary,z_projective,64
10,4,0.23999999999999999,0.28000000000000003,186,68,51.258358662614064,-0.068690702103279766,0.0011575142648540631,primary,z_projective,64
10,4,0.23999999999999999,0.29999999999999999,186,27,45.793313069908812,-0.049860613313082593,0.0010341028174982972,primary,z_projective,64
10,4,0.25,0.26000000000000001,152,122,4.6970618034447913,-0.022131147546136411,0.00010606886724904012,primary,z_projective,64
10,4,0.25,0.27000000000000002,152,95,14.630192502532953,-0.11921052634354523,0.00033037843897241998,primary,z_projective,64
10,4,0.25,0.28000000000000003,152,68,23.562310030395178,-0.081372549038553788,0.000532083170134529,primary,z_projective,64
10,4,0.25,0.29999999999999999,152,27,25.987841945288746,-0.053703703716207592,0.00058685643764837638,primary,z_projective,64
10,4,0.26000000000000001,0.27000000000000002,122,95,2.9356636271529943,-0.21628990514095406,6.6293042030650076e-05,primary,z_projective,64
10,4,0.26000000000000001,0.28000000000000003,122,68,8.4052684903748869,-0.11099324978476248,0.000189807446656177,primary,z_projective,64
10,4,0.26000000000000001,0.29999999999999999,122,27,13.349544072948314,-0.061596842758725401,0.00030145888586569205,primary,z_projective,64
10,4,0.27000000000000002,0.28000000000000003,95,68,1.6362715298885542,-0.0056965944285708812,3.6950220148231185e-05,primary,z_projective,64
10,4,0.27000000000000002,0.29999999999999999,95,27,5.8472644376899572,-0.010032488631315744,0.00013204269847088445,primary,z_projective,64
10,4,0.28000000000000003,0.29999999999999999,68,27,1.8601823708206615,-0.012200435732688178,4.2006566063252056e-05,primary,z_projective,64
10,5,0.20000000000000001,0.22,202,166,52.973143759873558,-0.073171895519840005,0.0011962374753318251,primary,z_projective,64
10,5,0.20000000000000001,0.23999999999999999,202,114,145.51658767772494,-0.069602223396438331,0.0032860499322368208,primary,z_projective,64
10,5,0.20000000000000001,0.25,202,67,133.62954186413899,-0.042683611654684636,0.0030176171252723027,primary,z_projective,64
10,5,0.20000000000000001,0.26000000000000001,202,41,117.75355450236967,-0.040738951953460167,0.0026591061951653254,primary,z_projective,64
10,5,0.20000000000000001,0.27000000000000002,202,23,89.910742496050574,-0.080548551768339069,0.0020303608956309771,primary,z_projective,64
10,5,0.20000000000000001,0.28000000000000003,202,20,102.11690363349136,-0.080371287147425766,0.0023059999524468956,primary,z_projective,64
10,5,0.22,0.23999999999999999,166,114,29.895734597156363,-0.066032551273036671,0.00067510431776152504,primary,z_projective,64
10,5,0.22,0.25,166,67,39.53317535545024,-0.022358089077914398,0.00089273663072412309,primary,z_projective,64
10,5,0.22,0.26000000000000001,166,41,43.007898894154835,-0.024522480170270262,0.00097120270274465154,primary,z_projective,64
10,5,0.22,0.27000000000000002,166,23,37.697472353870488,-0.083499214267738694,0.00085128285682648614,primary,z_projective,64
10,5,0.22,0.28000000000000003,166,20,47.203791469194357,-0.082771084356621019,0.0010659541859392523,primary,z_projective,64
10,5,0.23999999999999999,0.25,114,67,3.0165876777251239,0.064990835312330006,6.812046579822637e-05,primary,z_projective,64
10,5,0.23999999999999999,0.26000000000000001,114,41,7.3838862559241827,0.01698759093249607,0.00016674263270013618,primary,z_projective,64
10,5,0.23999999999999999,0.27000000000000002,114,23,9.3199052132701592,-0.095143656264206719,0.00021046173761541583,primary,z_projective,64
10,5,0.23999999999999999,0.28000000000000003,114,20,14.40758293838865,-0.091140350898413186,0.00032535147843929012,primary,z_projective,64
10,5,0.25,0.26000000000000001,67,41,1.0849131121642988,-0.031015653447337858,2.4499465769537553e-05,primary,z_projective,64
10,5,0.25,0.27000000000000002,67,23,2.4344391785150123,-0.17521090205247505,5.4974410995059884e-05,primary,z_projective,64
10,5,0.25,0.28000000000000003,67,20,4.7630331753554591,-0.14318407963532756,0.00010755863020772586,primary,z_projective,64
10,5,0.26000000000000001,0.27000000000000002,41,23,0.37243285939968473,-0.3194061506576123,8.4102643686472205e-06,primary,z_projective,64
10,5,0.26000000000000001,0.28000000000000003,41,20,1.2954186413902076,-0.19926829272932245,2.9253093456164244e-05,primary,z_projective,64
10,5,0.27000000000000002,0.28000000000000003,23,20,0.18167456556082182,-0.079130434801032587,4.1025679847059615e-06,primary,z_projective,64
10,6,0.20000000000000001,0.22,181,99,51.051282051281994,-0.021798091416426354,0.0011528380688581633,primary,z_projective,64
10,6,0.20000000000000001,0.23999999999999999,181,38,78.381766381766298,-0.061616749069304144,0.0017700140047115234,primary,z_projective,64
10,6,0.20000000000000001,0.25,181,20,64.458689458689435,-0.06108287294239878,0.0014556036222956618,primary,z_projective,64
10,6,0.20000000000000001,0.26000000000000001,181,13,60.333333333333329,-0.073466496688021812,0.0013624449904687398,primary,z_projective,64
10,6,0.22,0.23999999999999999,99,38,10.717948717948707,-0.10143540672218193,0.00024203230174922764,primary,z_projective,64
10,6,0.22,0.25,99,20,12.692307692307693,-0.087272727293047067,0.00028661719943987517,primary,z_projective,64
10,6,0.22,0.26000000000000001,99,13,14.666666666666673,-0.099300699323819533,0.00033120209713052254,primary,z_projective,64
10,6,0.23999999999999999,0.25,38,20,0.54131054131054224,-0.058947368434777353,1.2223853623698401e-05,primary,z_projective,64
10,6,0.23999999999999999,0.26000000000000001,38,13,1.4074074074074101,-0.097165991925457162,3.1782019421615847e-05,primary,z_projective,64
10,6,0.25,0.26000000000000001,20,13,0.18518518518518551,-0.13538461541613694,4.1818446607389263e-06,primary,z_projective,64
10,7,0.20000000000000001,0.22,126,55,35.906735751295294,-0.075642135659747492,0.00081084451240503444,primary,z_projective,64
10,7,0.20000000000000001,0.23999999999999999,126,12,31.336787564766805,-0.12539682542602171,0.00070764611991712108,primary,z_projective,64
10,7,0.22,0.23999999999999999,55,12,3.4196891191709811,-0.17515151519229591,7.722328689571758e-05,primary,z_projective,64
6,0,0.26000000000000001,0.27000000000000002,26,30,0.42391304347826164,-0.0041025641025639291,1.5293694751497825e-05,primary,z_projective,128
6,0,0.26000000000000001,0.28000000000000003,26,47,2.6565217391304392,0.0037643207855974047,9.5840487109386359e-05,primary,z_projective,128
6,0,0.26000000000000001,0.29999999999999999,26,117,26.452173913043449,-0.0072649572649572157,0.0009543265524934616,primary,z_projective,128
6,0,0.26000000000000001,0.34000000000000002,26,240,217.04347826086968,-0.0069711538461538335,0.0078303717127668759,primary,z_projective,128
6,0,0.27000000000000002,0.28000000000000003,30,47,0.76630434782608825,0.011631205673758738,2.7646294358476835e-05,primary,z_projective,128
6,0,0.27000000000000002,0.29999999999999999,30,117,17.168478260869527,-0.0083190883190883136,0.00061939463743565949,primary,z_projective,128
6,0,0.27000000000000002,0.34000000000000002,30,240,191.73913043478265,-0.0073809523809523917,0.0069174557799082364,primary,z_projective,128
6,0,0.28000000000000003,0.29999999999999999,47,117,11.954347826086911,-0.018294235315511866,0.0004312821919922363,primary,z_projective,128
6,0,0.28000000000000003,0.34000000000000002,47,240,220.69565217391303,-0.010549645390070916,0.0079621327752413141,primary,z_projective,128
6,0,0.29999999999999999,0.34000000000000002,117,240,244.17391304347871,-0.0066773504273504531,0.0088091681768627476,primary,z_projective,128
6,1,0.23999999999999999,0.25,18,35,0.15188042430086818,-0.020952380952380927,5.4794559490938733e-06,primary,z_projective,128
6,1,0.23999999999999999,0.26000000000000001,18,78,1.3539054966248816,2.7755575615628889e-17,4.8845435889065366e-05,primary,z_projective,128
6,1,0.23999999999999999,0.27000000000000002,18,133,5.1943105110896903,-0.017209690893901401,0.00018739739345901042,primary,z_projective,128
6,1,0.23999999999999999,0.28000000000000003,18,176,12.219864995178421,-0.008143939393939377,0.00044086137007566702,primary,z_projective,128
6,1,0.23999999999999999,0.29999999999999999,18,262,40.92960462873674,-0.019508057675996605,0.0014766351003386662,primary,z_projective,128
6,1,0.23999999999999999,0.34000000000000002,18,335,145.37126325940224,-0.020636815920398004,0.0052446221227041298,primary,z_projective,128
6,1,0.25,0.26000000000000001,35,78,0.65814850530376201,0.020952380952380983,2.3744309112740116e-05,primary,z_projective,128
6,1,0.25,0.27000000000000002,35,133,4.488910318225658,-0.015338345864661637,0.00016194836471766333,primary,z_projective,128
6,1,0.25,0.28000000000000003,35,176,13.365477338476397,-0.0038744588744588603,0.00048219212352026075,primary,z_projective,128
6,1,0.25,0.29999999999999999,35,262,55.267598842815794,-0.019219193020719741,0.0019939131370313771,primary,z_projective,128
6,1,0.25,0.34000000000000002,35,335,228.95973963355843,-0.020601753139066568,0.0082602798432590014,primary,z_projective,128
6,1,0.26000000000000001,0.27000000000000002,78,133,2.5009643201542957,-0.051629072681704254,9.0228374628412443e-05,primary,z_projective,128
6,1,0.26000000000000001,0.28000000000000003,78,176,13.238187078109958,-0.016287878787878782,0.00047759981758197266,primary,z_projective,128
6,1,0.26000000000000001,0.29999999999999999,78,262,78.827386692381779,-0.02926208651399494,0.0028438898228744648,primary,z_projective,128
6,1,0.26000000000000001,0.34000000000000002,78,335,403.16297010607542,-0.025796019900497513,0.014545085353632784,primary,z_projective,128
6,1,0.27000000000000002,0.28000000000000003,133,176,5.6432015429122577,0.019053315105946694,0.00020359222993077681,primary,z_projective,128
6,1,0.27000000000000002,0.29999999999999999,133,262,75.606075216971888,-0.021806424458091819,0.0027276731714589194,primary,z_projective,128
6,1,0.27000000000000002,0.34000000000000002,133,335,526.3247348119578,-0.022105583788896547,0.018988445763146001,primary,z_projective,128
6,1,0.28000000000000003,0.29999999999999999,176,262,44.466730954676784,-0.042236294240111126,0.0016042455411086683,primary,z_projective,128
6,1,0.28000000000000003,0.34000000000000002,176,335,511.70684667309547,-0.028965400271370428,0.018461069871918524,primary,z_projective,128
6,1,0.29999999999999999,0.34000000000000002,262,335,338.55351976856372,-0.022329953287000097,0.012214142187986518,primary,z_projective,128
6,2,0.23999999999999999,0.25,45,90,0.85659898477157514,0.026666666666666592,3.0903893142913413e-05,primary,z_projective,128
6,2,0.23999999999999999,0.26000000000000001,45,144,5.4822335025380795,-0.063888888888888828,0.00019778491611464579,primary,z_projective,128
6,2,0.23999999999999999,0.27000000000000002,45,222,19.016497461928967,-0.052052052052052017,0.00068606642777267767,primary,z_projective,128
6,2,0.23999999999999999,0.28000000000000003,45,265,40.355329949238651,-0.031488469601677116,0.0014559167436216985,primary,z_projective,128
6,2,0.23999999999999999,0.29999999999999999,45,240,82.233502538071065,-0.032685185185185192,0.002966773741719682,primary,z_projective,128
6,2,0.23999999999999999,0.34000000000000002,45,176,167.51269035533005,-0.044217171717171704,0.0060434279923919487,primary,z_projective,128
6,2,0.25,0.26000000000000001,90,144,2.7411167512690398,-0.15444444444444425,9.8892458057322894e-05,primary,z_projective,128
6,2,0.25,0.27000000000000002,90,222,16.903553299492415,-0.09141141141141132,0.00060983682468682468,primary,z_projective,128
6,2,0.25,0.28000000000000003,90,265,45.399746192893488,-0.050873515024458353,0.0016379063365744111,primary,z_projective,128
6,2,0.25,0.29999999999999999,90,240,114.2131979695431,-0.044555555555555564,0.0041205190857217791,primary,z_projective,128
6,2,0.25,0.34000000000000002,90,176,271.37055837563463,-0.052093153759820418,0.0097903533476749547,primary,z_projective,128
6,2,0.26000000000000001,0.27000000000000002,144,222,6.761421319796967,-0.028378378378378397,0.00024393472987472989,primary,z_projective,128
6,2,0.26000000000000001,0.28000000000000003,144,265,32.28426395939092,0.00091194968553459578,0.0011647333948973588,primary,z_projective,128
6,2,0.26000000000000001,0.29999999999999999,144,240,116.95431472081204,-0.017083333333333357,0.0042194115437790983,primary,z_projective,128
6,2,0.26000000000000001,0.34000000000000002,144,176,343.06598984771585,-0.039299242424242424,0.012376940528418708,primary,z_projective,128
6,2,0.27000000000000002,0.28000000000000003,222,265,12.442893401015249,0.030202277749447587,0.00044890766261669032,primary,z_projective,128
6,2,0.27000000000000002,0.29999999999999999,222,240,101.42131979695411,-0.013318318318318334,0.003659020948120934,primary,z_projective,128
6,2,0.27000000000000002,0.34000000000000002,222,176,404.93401015228432,-0.040859365859365858,0.014608979933608797,primary,z_projective,128
6,2,0.28000000000000003,0.29999999999999999,265,240,53.807106598984575,-0.035078616352201358,0.0019412223248289207,primary,z_projective,128
6,2,0.28000000000000003,0.34000000000000002,265,176,355.12690355329954,-0.05270297312750144,0.012812067343870926,primary,z_projective,128
6,2,0.29999999999999999,0.34000000000000002,240,176,142.94416243654845,-0.061515151515151467,0.0051570585535078012,primary,z_projective,128
6,3,0.22,0.23999999999999999,23,107,2.3043071161048663,0.018691588785046769,8.3133487373382203e-05,primary,z_projective,128
6,3,0.22,0.25,23,163,7.8981741573033712,-0.037627811860940684,0.0002849458550858688,primary,z_projective,128
6,3,0.22,0.26000000000000001,23,194,16.711610486891392,-0.032989690721649458,0.00060291202057705313,primary,z_projective,128
6,3,0.22,0.27000000000000002,23,218,29.342228464419492,-0.042201834862385303,0.001058592304170406,primary,z_projective,128
6,3,0.22,0.28000000000000003,23,182,35.275280898876431,-0.042857142857142837,0.0012726416104448628,primary,z_projective,128
6,3,0.22,0.29999999999999999,23,135,46.516853932584254,-0.047777777777777787,0.0016782087170701468,primary,z_projective,128
6,3,0.22,0.34000000000000002,23,46,35.662921348314612,-0.05144927536231883,0.001286626683087113,primary,z_projective,128
6,3,0.23999999999999999,0.25,107,163,4.0826310861423289,-0.15026661315291542,0.00014729085262892759,primary,z_projective,128
6,3,0.23999999999999999,0.26000000000000001,107,194,19.436329588015017,-0.084670970228345618,0.00070121289349722585,primary,z_projective,128
6,3,0.23999999999999999,0.27000000000000002,107,218,49.141853932584354,-0.082797450627339966,0.001772911980723656,primary,z_projective,128
6,3,0.23999999999999999,0.28000000000000003,107,182,72.936329588015127,-0.073631508678237589,0.0026313556003401059,primary,z_projective,128
6,3,0.23999999999999999,0.29999999999999999,107,135,121.72752808988764,-0.069934233298719284,0.0043916168329851957,primary,z_projective,128
6,3,0.23999999999999999,0.34000000000000002,107,46,115.21535580524353,-0.065477448191791937,0.0041566743686691178,primary,z_projective,128
6,3,0.25,0.26000000000000001,163,194,7.4021535580524471,-0.019075327303775796,0.00026705070476646682,primary,z_projective,128
6,3,0.25,0.27000000000000002,163,218,33.2715355805244,-0.049062869364552231,0.0012003516214245313,primary,z_projective,128
6,3,0.25,0.28000000000000003,163,182,62.498595505618084,-0.048086473853344983,0.0022547889402447043,primary,z_projective,128
6,3,0.25,0.29999999999999999,163,135,128.77457865168535,-0.053867757327880038,0.004645856332921772,primary,z_projective,128
6,3,0.25,0.34000000000000002,163,46,142.16713483146071,-0.056056429862778222,0.0051290253915456394,primary,z_projective,128
6,3,0.26000000000000001,0.27000000000000002,194,218,9.8998127340824151,-0.079050411425328662,0.0003571598382766244,primary,z_projective,128
6,3,0.26000000000000001,0.28000000000000003,194,182,33.059925093633012,-0.062592047128129574,0.0011927172580980848,primary,z_projective,128
6,3,0.26000000000000001,0.29999999999999999,194,135,98.089887640449319,-0.062565864833906124,0.0035388314251261761,primary,z_projective,128
6,3,0.26000000000000001,0.34000000000000002,194,46,133.69288389513113,-0.06067906768265352,0.004823296164616425,primary,z_projective,128
6,3,0.27000000000000002,0.28000000000000003,218,182,9.2874531835206167,-0.046133682830930486,0.00033506747714611156,primary,z_projective,128
6,3,0.27000000000000002,0.29999999999999999,218,135,62.001404494381894,-0.057071015970098594,0.0022368515644644173,primary,z_projective,128
6,3,0.27000000000000002,0.34000000000000002,218,46,115.02153558052436,-0.058054590005128498,0.0041496818323479897,primary,z_projective,128
6,3,0.28000000000000003,0.29999999999999999,182,135,23.005617977528004,-0.062539682539682659,0.00082998365898577628,primary,z_projective,128
6,3,0.28000000000000003,0.34000000000000002,182,46,70.550561797752806,-0.060041407867494838,0.0025452832208897234,primary,z_projective,128
6,3,0.29999999999999999,0.34000000000000002,135,46,23.258426966292177,-0.058792270531400931,0.00083910435853507524,primary,z_projective,128
6,4,0.22,0.23999999999999999,39,175,7.6944757609920993,0.048468864468864503,0.00027759693968333062,primary,z_projective,128
6,4,0.22,0.25,39,207,20.478297632468998,-0.030818778644865596,0.00073880442661435086,primary,z_projective,128
6,4,0.22,0.26000000000000001,39,190,33.416009019165742,-0.040998650472334676,0.0012055638523390379,primary,z_projective,128
6,4,0.22,0.27000000000000002,39,137,37.647970687711414,-0.046370952648324901,0.0013582421691648702,primary,z_projective,128
6,4,0.22,0.28000000000000003,39,99,39.175873731679857,-0.06614866614866613,0.0014133649900448463,primary,z_projective,128
6,4,0.22,0.29999999999999999,39,40,28.139797068771124,-0.059775641025641042,0.0010152116651276097,primary,z_projective,128
6,4,0.23999999999999999,0.25,175,207,10.209977452085699,-0.18939406487232557,0.00036834978534903593,primary,z_projective,128
6,4,0.23999999999999999,0.26000000000000001,175,190,37.485907553551371,-0.13046616541353373,0.0013523953471752048,primary,z_projective,128
6,4,0.23999999999999999,0.27000000000000002,175,137,60.815952649380051,-0.10959749739311775,0.0021940835040355623,primary,z_projective,128
6,4,0.23999999999999999,0.28000000000000003,175,99,78.128523111612324,-0.12345743145743135,0.0028186766183230581,primary,z_projective,128
6,4,0.23999999999999999,0.29999999999999999,175,40,71.025930101465619,-0.095857142857142863,0.0025624332893845934,primary,z_projective,128
6,4,0.25,0.26000000000000001,207,190,11.08511837655019,-0.071538265954741873,0.00039992262409323904,primary,z_projective,128
6,4,0.25,0.27000000000000002,207,137,31.97181510710265,-0.069699213653513836,0.0011534610421215525,primary,z_projective,128
6,4,0.25,0.28000000000000003,207,99,51.983370913190626,-0.10147855365246664,0.0018754266214056632,primary,z_projective,128
6,4,0.25,0.29999999999999999,207,40,58.342728297632448,-0.077149758454106307,0.0021048559162802011,primary,z_projective,128
6,4,0.26000000000000001,0.27000000000000002,190,137,7.3365276211950521,-0.067860161352285786,0.00026468308937571856,primary,z_projective,128
6,4,0.26000000000000001,0.28000000000000003,190,99,21.206313416009056,-0.116448697501329,0.00076506936783054418,primary,z_projective,128
6,4,0.26000000000000001,0.29999999999999999,190,40,34.272829763246854,-0.078552631578947416,0.0012364757459887546,primary,z_projective,128
6,4,0.27000000000000002,0.28000000000000003,137,99,3.8227170236753172,-0.16503723365037221,0.00013791382025366391,primary,z_projective,128
6,4,0.27000000000000002,0.29999999999999999,137,40,13.900789177001098,-0.082116788321167963,0.00050150480092241221,primary,z_projective,128
6,4,0.28000000000000003,0.29999999999999999,99,40,4.4644870349492516,-0.040656565656565731,0.0001610672353327453,primary,z_projective,128
6,5,0.20000000000000001,0.22,14,90,2.1392190152801334,-0.04634920634920639,7.7177532349206516e-05,primary,z_projective,128
6,5,0.20000000000000001,0.23999999999999999,14,162,15.40237691001696,-0.059964726631393329,0.0005556782329142868,primary,z_projective,128
6,5,0.20000000000000001,0.25,14,148,21.986417657045831,-0.052509652509652512,0.00079321352692240076,primary,z_projective,128
6,5,0.20000000000000001,0.26000000000000001,14,106,22.675721561969439,-0.048517520215633415,0.00081808184290158991,primary,z_projective,128
6,5,0.20000000000000001,0.27000000000000002,14,43,12.520373514431245,-0.034741338395823433,0.00045170294627716216,primary,z_projective,128
6,5,0.20000000000000001,0.28000000000000003,14,26,9.8879456706281861,-0.055219780219780204,0.00035673170508077729,primary,z_projective,128
6,5,0.22,0.23999999999999999,90,162,24.753820033955829,-0.073580246913580269,0.00089305430289796106,primary,z_projective,128
6,5,0.22,0.25,90,148,50.882852292020367,-0.0566166166166166,0.0018357227337346997,primary,z_projective,128
6,5,0.22,0.26000000000000001,90,106,64.787775891341283,-0.049601677148846939,0.0023373766940045435,primary,z_projective,128
6,5,0.22,0.27000000000000002,90,43,41.065365025466924,-0.030098191214470261,0.0014815329870606635,primary,z_projective,128
6,5,0.22,0.28000000000000003,90,26,35.755517826825162,-0.058176638176638144,0.0012899673264081687,primary,z_projective,128
6,5,0.23999999999999999,0.25,162,148,10.176570458404093,-0.022689356022689323,0.0003671445467469406,primary,z_projective,128
6,5,0.23999999999999999,0.26000000000000001,162,106,29.154499151103614,-0.025623107384113653,0.0010518195123020459,primary,z_projective,128
6,5,0.23999999999999999,0.27000000000000002,162,43,26.610356536502593,-0.0011101540817302995,0.00096003337561531088,primary,z_projective,128
6,5,0.23999999999999999,0.28000000000000003,162,26,28.604414261460153,-0.050474833808167106,0.0010319738611265358,primary,z_projective,128
6,5,0.25,0.26000000000000001,148,106,6.6587436332767531,-0.028556858745537986,0.00024023038243935625,primary,z_projective,128
6,5,0.25,0.27000000000000002,148,43,10.804753820033973,0.0096794468887492126,0.00038980779037329491,primary,z_projective,128
6,5,0.25,0.28000000000000003,148,26,14.699490662139246,-0.059736659736659696,0.00053031990085669199,primary,z_projective,128
6,5,0.26000000000000001,0.27000000000000002,106,43,1.9346349745331106,0.047915752523036412,6.9796665168191341e-05,primary,z_projective,128
6,5,0.26000000000000001,0.28000000000000003,106,26,4.6791171477079887,-0.075326560232220549,0.00016881053901143952,primary,z_projective,128
6,5,0.27000000000000002,0.28000000000000003,43,26,0.47453310696095163,-0.19856887298747752,1.7119936739367684e-05,primary,z_projective,128
6,6,0.20000000000000001,0.22,30,152,9.3634496919917751,-0.058421052631578964,0.00033780923614744107,primary,z_projective,128
6,6,0.20000000000000001,0.23999999999999999,30,157,38.685831622176551,-0.068407643312101959,0.0013956855282933752,primary,z_projective,128
6,6,0.20000000000000001,0.25,30,86,33.110882956878839,-0.097860465116279091,0.0011945556870345377,primary,z_projective,128
6,6,0.20000000000000001,0.26000000000000001,30,48,26.611909650924026,-0.10777777777777779,0.00096008940799799164,primary,z_projective,128
6,6,0.20000000000000001,0.27000000000000002,30,14,10.564681724845999,-0.09306122448979591,0.00038114660525846207,primary,z_projective,128
6,6,0.22,0.23999999999999999,152,157,49.002053388090289,-0.078394233992624934,0.0017678683358382751,primary,z_projective,128
6,6,0.22,0.25,152,86,60.394250513347018,-0.12415340677274583,0.0021788695731509975,primary,z_projective,128
6,6,0.22,0.26000000000000001,152,48,59.926078028747462,-0.13245614035087719,0.0021619791113436267,primary,z_projective,128
6,6,0.22,0.27000000000000002,152,14,27.31006160164273,-0.10691729323308269,0.00098527693876337172,primary,z_projective,128
6,6,0.23999999999999999,0.25,157,86,6.931211498973318,-0.21567175233298752,0.00025006032381923041,primary,z_projective,128
6,6,0.23999999999999999,0.26000000000000001,157,48,15.474332648870664,-0.18651804670912936,0.00055827421131735173,primary,z_projective,128
6,6,0.23999999999999999,0.27000000000000002,157,14,10.155030800821374,-0.12593266606005449,0.00036636745117701208,primary,z_projective,128
6,6,0.25,0.26000000000000001,86,48,2.1190965092402498,-0.1573643410852712,7.6451563970210569e-05,primary,z_projective,128
6,6,0.25,0.27000000000000002,86,14,2.4722792607802919,-0.081063122923587971,8.9193491298579007e-05,primary,z_projective,128
6,6,0.26000000000000001,0.27000000000000002,48,14,0.34496919917864544,-0.0047619047619047407,1.2445603437011026e-05,primary,z_projective,128
6,7,0.20000000000000001,0.22,62,164,27.781420765027296,0.021282454760031471,0.0010022823677635639,primary,z_projective,128
6,7,0.20000000000000001,0.23999999999999999,62,79,53.530054644808686,-0.044630461412821593,0.0019312270013005252,primary,z_projective,128
6,7,0.20000000000000001,0.25,62,50,52.937158469945338,-0.07189677419354841,0.0019098368288177677,primary,z_projective,128
6,7,0.20000000000000001,0.26000000000000001,62,11,16.770491803278688,-0.019550342130987299,0.00060503630736946895,primary,z_projective,128
6,7,0.22,0.23999999999999999,164,79,35.398907103825096,-0.11054337758567465,0.0012771017266664762,primary,z_projective,128
6,7,0.22,0.25,164,50,50.409836065573778,-0.13401626016260162,0.0018186575221516301,primary,z_projective,128
6,7,0.22,0.26000000000000001,164,11,19.715846994535525,-0.03996674057649667,0.00071129716421930434,primary,z_projective,128
6,7,0.23999999999999999,0.25,79,50,2.6980874316939936,-0.18096202531645555,9.7340070630067062e-05,primary,z_projective,128
6,7,0.23999999999999999,0.26000000000000001,79,11,2.3743169398907149,0.030609896432681208,8.5659262154459044e-05,primary,z_projective,128
6,7,0.25,0.26000000000000001,50,11,0.37568306010929026,0.24218181818181797,1.3553680720642251e-05,primary,z_projective,128
6,8,0.20000000000000001,0.22,117,139,52.973941368078123,-0.060161101887720649,0.0019111638613891237,primary,z_projective,128
6,8,0.20000000000000001,0.23999999999999999,117,40,60.977198697068332,-0.11664529914529924,0.0021999008476421564,primary,z_projective,128
6,8,0.20000000000000001,0.25,117,11,26.201140065146568,-0.15931623931623937,0.00094526989547123969,primary,z_projective,128
6,8,0.22,0.23999999999999999,139,40,18.110749185667732,-0.17312949640287781,0.00065338935432106781,primary,z_projective,128
6,8,0.22,0.25,139,11,11.20602605863192,-0.22541966426858515,0.00040428466298616112,primary,z_projective,128
6,8,0.23999999999999999,0.25,40,11,0.35830618892508209,-0.32999999999999968,1.2926767801316129e-05,primary,z_projective,128
6,9,0.20000000000000001,0.22,151,106,59.062730627306202,-0.10354866924903169,0.0021308317526452414,primary,z_projective,128
6,9,0.20000000000000001,0.23999999999999999,151,14,31.202952029520258,-0.017407757805108819,0.0011257224353597502,primary,z_projective,128
6,9,0.22,0.23999999999999999,106,14,5.4760147601475966,0.068733153638814062,0.00019756055984790325,primary,z_projective,128
8,0,0.26000000000000001,0.27000000000000002,26,30,0.43333333333333413,-0.044102564102564148,1.5633554634864445e-05,primary,z_projective,128
8,0,0.26000000000000001,0.28000000000000003,26,45,2.6000000000000045,-0.022051282051282074,9.3801327809186661e-05,primary,z_projective,128
8,0,0.26000000000000001,0.29999999999999999,26,123,28.426666666666637,-0.013789868667917489,0.0010255611840471047,primary,z_projective,128
8,0,0.26000000000000001,0.34000000000000002,26,226,208.92444444444456,-0.0027399591558883714,0.0075374578079559678,primary,z_projective,128
8,0,0.27000000000000002,0.28000000000000003,30,45,0.75000000000000133,0,2.7058075329573075e-05,primary,z_projective,128
8,0,0.27000000000000002,0.29999999999999999,30,123,18.44999999999996,-0.0036856368563685832,0.00066562865310749509,primary,z_projective,128
8,0,0.27000000000000002,0.34000000000000002,30,226,184.56666666666672,0.003168984407922459,0.0066586916933264843,primary,z_projective,128
8,0,0.28000000000000003,0.29999999999999999,45,123,12.299999999999955,-0.0055284552845528794,0.00044375243540499602,primary,z_projective,128
8,0,0.28000000000000003,0.34000000000000002,45,226,203.40000000000003,0.0036971484759095361,0.0073381500293802065,primary,z_projective,128
8,0,0.29999999999999999,0.34000000000000002,123,226,247.09333333333379,0.0083099503561407315,0.0089144933690248583,primary,z_projective,128
8,1,0.23999999999999999,0.25,12,37,0.10511363636363656,0.17387387387387376,3.7922302545234995e-06,primary,z_projective,128
8,1,0.23999999999999999,0.26000000000000001,12,80,0.90909090909091061,0.056666666666666622,3.2797667066149176e-05,primary,z_projective,128
8,1,0.23999999999999999,0.27000000000000002,12,142,3.6306818181818246,0.035524256651017168,0.00013098568284543329,primary,z_projective,128
8,1,0.23999999999999999,0.28000000000000003,12,189,8.5909090909091059,0.016798941798941786,0.00030993795377510976,primary,z_projective,128
8,1,0.23999999999999999,0.29999999999999999,12,260,26.59090909090909,0.00042735042735042583,0.00095933176168486189,primary,z_projective,128
8,1,0.23999999999999999,0.34000000000000002,12,336,95.454545454545524,-0.0092857142857142878,0.0034437550419456607,primary,z_projective,128
8,1,0.25,0.26000000000000001,37,80,0.70075757575757713,-0.060540540540540533,2.5281535030156668e-05,primary,z_projective,128
8,1,0.25,0.27000000000000002,37,142,4.9753787878787969,-0.03365055196041114,0.00017949889871411229,primary,z_projective,128
8,1,0.25,0.28000000000000003,37,189,14.899857954545482,-0.035559368892702212,0.00053754863857870608,primary,z_projective,128
8,1,0.25,0.29999999999999999,37,260,56.93655303030301,-0.034261954261954282,0.0020541247212002242,primary,z_projective,128
8,1,0.25,0.34000000000000002,37,336,238.39772727272739,-0.029636779636779645,0.0086007782172592851,primary,z_projective,128
8,1,0.26000000000000001,0.27000000000000002,80,142,2.6893939393939439,-0.0067605633802817417,9.7026431737357984e-05,primary,z_projective,128
8,1,0.26000000000000001,0.28000000000000003,80,189,14.318181818181843,-0.023068783068783051,0.00051656325629184966,primary,z_projective,128
8,1,0.26000000000000001,0.29999999999999999,80,260,78.787878787878697,-0.02769230769230771,0.002842464479066254,primary,z_projective,128
8,1,0.26000000000000001,0.34000000000000002,80,336,407.27272727272748,-0.025773809523809525,0.014693354845634814,primary,z_projective,128
8,1,0.27000000000000002,0.28000000000000003,142,189,6.3536931818181923,-0.039377002757284361,0.00022922494497950823,primary,z_projective,128
8,1,0.27000000000000002,0.29999999999999999,142,260,78.664772727272563,-0.034669555796316386,0.0028380231283177105,primary,z_projective,128
8,1,0.27000000000000002,0.34000000000000002,142,336,553.47727272727286,-0.028489987544313498,0.019968039651548246,primary,z_projective,128
8,1,0.28000000000000003,0.29999999999999999,189,260,46.534090909090736,-0.032315832315832384,0.001678830582948502,primary,z_projective,128
8,1,0.28000000000000003,0.34000000000000002,189,336,541.22727272727275,-0.026675485008818351,0.019526091087831883,primary,z_projective,128
8,1,0.29999999999999999,0.34000000000000002,260,336,330.9090909090915,-0.023855311355311347,0.011938350812078303,primary,z_projective,128
8,2,0.23999999999999999,0.25,49,98,1.0156514382402726,0.093877551020407984,3.6642097499325981e-05,primary,z_projective,128
8,2,0.23999999999999999,0.26000000000000001,49,151,6.2597292724196381,-0.030463576158940409,0.0002258349682611519,primary,z_projective,128
8,2,0.23999999999999999,0.27000000000000002,49,212,19.774111675126942,-0.0094339622641509517,0.00071339920437463243,primary,z_projective,128
8,2,0.23999999999999999,0.28000000000000003,49,243,40.294416243654894,-0.045267489711934131,0.0014537191334426469,primary,z_projective,128
8,2,0.23999999999999999,0.29999999999999999,49,239,89.170050761421322,-0.033193863319386348,0.0032170266008591853,primary,z_projective,128
8,2,0.23999999999999999,0.34000000000000002,49,190,196.91201353637913,-0.041894736842105255,0.0071040801274203334,primary,z_projective,128
8,2,0.25,0.26000000000000001,98,151,3.129864636209819,-0.1548047033382888,0.00011291748413057595,primary,z_projective,128
8,2,0.25,0.27000000000000002,98,212,17.576988155668388,-0.061089718906430418,0.00063413262611078413,primary,z_projective,128
8,2,0.25,0.28000000000000003,98,243,45.331218274111755,-0.091649169956048174,0.0016354340251229778,primary,z_projective,128
8,2,0.25,0.29999999999999999,98,239,123.84729272419624,-0.058608146187345236,0.0044680925011933107,primary,z_projective,128
8,2,0.25,0.34000000000000002,98,190,318.99746192893417,-0.056980546604606747,0.01150860980642094,primary,z_projective,128
8,2,0.26000000000000001,0.27000000000000002,151,212,6.7707275803722631,0.032625265525427966,0.00024427047587430724,primary,z_projective,128
8,2,0.26000000000000001,0.28000000000000003,151,243,31.043147208121884,-0.060071403264927853,0.0011199570874991821,primary,z_projective,128
8,2,0.26000000000000001,0.29999999999999999,151,239,122.12859560067668,-0.034559006899609321,0.0044060863195440943,primary,z_projective,128
8,2,0.26000000000000001,0.34000000000000002,151,190,388.35871404399347,-0.044752527012896476,0.01401098578599798,primary,z_projective,128
8,2,0.27000000000000002,0.28000000000000003,212,243,10.895939086294433,-0.15276807205528367,0.00039309752077785852,primary,z_projective,128
8,2,0.27000000000000002,0.29999999999999999,212,239,96.449238578679996,-0.056953764374621789,0.0034796410172558455,primary,z_projective,128
8,2,0.27000000000000002,0.34000000000000002,212,190,417.45346869712358,-0.055806497375514255,0.015060649870131101,primary,z_projective,128
8,2,0.28000000000000003,0.29999999999999999,243,239,49.134517766497275,-0.009046610534290709,0.0017726473106775035,primary,z_projective,128
8,2,0.28000000000000003,0.34000000000000002,243,190,351.54822335025381,-0.039646234928886005,0.012682957745851641,primary,z_projective,128
8,2,0.29999999999999999,0.34000000000000002,239,190,153.67174280879894,-0.054946047126183617,0.0055440821239296717,primary,z_projective,128
8,3,0.22,0.23999999999999999,15,105,1.4100268576544297,-0.045714285714285791,5.0870150574846272e-05,primary,z_projective,128
8,3,0.22,0.25,15,203,6.1336168307967762,-0.076321839080459808,0.00022128515500058154,primary,z_projective,128
8,3,0.22,0.26000000000000001,15,208,11.172784243509403,-0.07221153846153848,0.00040308538360259204,primary,z_projective,128
8,3,0.22,0.27000000000000002,15,207,17.373545210384972,-0.072579710144927548,0.00062679292672578567,primary,z_projective,128
8,3,0.22,0.28000000000000003,15,198,23.930170098478087,-0.06437710437710438,0.00086333912689882139,primary,z_projective,128
8,3,0.22,0.29999999999999999,15,139,29.86571172784242,-0.075395683453237439,0.0010774782369376971,primary,z_projective,128
8,3,0.22,0.34000000000000002,15,42,20.30438675022382,-0.062539682539682548,0.00073253016827778744,primary,z_projective,128
8,3,0.23999999999999999,0.25,105,203,4.7705908683975018,-0.13753694581280779,0.00017211067611156374,primary,z_projective,128
8,3,0.23999999999999999,0.26000000000000001,105,208,19.552372426141485,-0.098708791208791141,0.00070539942130453716,primary,z_projective,128
8,3,0.23999999999999999,0.27000000000000002,105,207,43.781333930170177,-0.090489993098688687,0.0015795181753489817,primary,z_projective,128
8,3,0.23999999999999999,0.28000000000000003,105,198,74.449418084154132,-0.073708513708513654,0.0026859439503518919,primary,z_projective,128
8,3,0.23999999999999999,0.29999999999999999,105,139,117.59623992837959,-0.08528948269955465,0.0042425705579421848,primary,z_projective,128
8,3,0.23999999999999999,0.34000000000000002,105,42,98.701880035810277,-0.065904761904761883,0.0035609105402392462,primary,z_projective,128
8,3,0.25,0.26000000000000001,203,208,9.4503133393017187,-0.059880636604774495,0.00034094305363052631,primary,z_projective,128
8,3,0.25,0.27000000000000002,203,207,37.619516562220305,-0.066966516741629137,0.0013572156173369029,primary,z_projective,128
8,3,0.25,0.28000000000000003,203,198,80.963742166517605,-0.052432369673748945,0.0029209640460076819,primary,z_projective,128
8,3,0.25,0.29999999999999999,203,139,157.88384064458364,-0.074839990076904006,0.0056960438046445971,primary,z_projective,128
8,3,0.25,0.34000000000000002,203,42,154.56714413607887,-0.057945630359423447,0.0055763859060146588,primary,z_projective,128
8,3,0.26000000000000001,0.27000000000000002,208,207,9.6365264100268746,-0.074052396878483764,0.00034766114335723616,primary,z_projective,128
8,3,0.26000000000000001,0.28000000000000003,208,198,36.870188003581092,-0.048708236208236166,0.0013301817658885559,primary,z_projective,128
8,3,0.26000000000000001,0.29999999999999999,208,139,103.53446732318699,-0.078579828444936398,0.0037352578880506808,primary,z_projective,128
8,3,0.26000000000000001,0.34000000000000002,208,42,125.13518352730534,-0.057703754578754568,0.0045145562963490316,primary,z_projective,128
8,3,0.27000000000000002,0.28000000000000003,207,198,9.1732318710832761,-0.023364075537988561,0.00033094666531121523,primary,z_projective,128
8,3,0.27000000000000002,0.29999999999999999,207,139,57.958146821844103,-0.080088972300420627,0.0020909812035572149,primary,z_projective,128
8,3,0.27000000000000002,0.34000000000000002,207,42,95.346016114592686,-0.055368234250221818,0.0034398395818711104,primary,z_projective,128
8,3,0.28000000000000003,0.29999999999999999,198,139,24.639212175469918,-0.10845142068163673,0.00088891954547359723,primary,z_projective,128
8,3,0.28000000000000003,0.34000000000000002,198,42,67.004476275738583,-0.060702260702260702,0.0024173495553166976,primary,z_projective,128
8,3,0.29999999999999999,0.34000000000000002,139,42,20.905998209489741,-0.036827680712572773,0.0007542347658563897,primary,z_projective,128
8,4,0.22,0.23999999999999999,49,160,9.8122653316645696,-0.050994897959183716,0.00035400135266391706,primary,z_projective,128
8,4,0.22,0.25,49,159,21.939612015018774,-0.048414837633166487,0.00079152489947197796,primary,z_projective,128
8,4,0.22,0.26000000000000001,49,176,43.173967459324167,-0.068622448979591841,0.0015576059517212373,primary,z_projective,128
8,4,0.22,0.27000000000000002,49,136,52.127659574468126,-0.067839135654261695,0.001880632186027063,primary,z_projective,128
8,4,0.22,0.28000000000000003,49,81,44.707133917396789,-0.055933484504913061,0.0016129186630749754,primary,z_projective,128
8,4,0.22,0.29999999999999999,49,38,37.286608260325394,-0.058324382384532789,0.0013452051401228859,primary,z_projective,128
8,4,0.23999999999999999,0.25,160,159,7.9599499374217917,-0.043254716981132049,0.00028717456670185191,primary,z_projective,128
8,4,0.23999999999999999,0.26000000000000001,160,176,35.244055068836104,-0.086249999999999924,0.0012715150626295831,primary,z_projective,128
8,4,0.23999999999999999,0.27000000000000002,160,136,61.276595744680961,-0.079068627450980339,0.0022107023247991621,primary,z_projective,128
8,4,0.23999999999999999,0.28000000000000003,160,81,64.88110137672102,-0.058402777777777741,0.0023407436380226423,primary,z_projective,128
8,4,0.23999999999999999,0.29999999999999999,160,38,68.485607008760951,-0.06076754385964913,0.0024707849512461176,primary,z_projective,128
8,4,0.25,0.26000000000000001,159,176,8.7559449311639685,-0.12924528301886781,0.00031589202337203702,primary,z_projective,128
8,4,0.25,0.27000000000000002,159,136,27.063829787234091,-0.096975582685904477,0.00097639352678629654,primary,z_projective,128
8,4,0.25,0.28000000000000003,159,81,36.267521902378036,-0.063452131376659629,0.0013084391195353129,primary,z_projective,128
8,4,0.25,0.29999999999999999,159,38,47.262202753441784,-0.064270109235352563,0.001705098989792242,primary,z_projective,128
8,4,0.26000000000000001,0.27000000000000002,176,136,7.4893617021276722,-0.064705882352941141,0.00027019695080878641,primary,z_projective,128
8,4,0.26000000000000001,0.28000000000000003,176,81,17.842302878598275,-0.030555555555555537,0.00064370450045622642,primary,z_projective,128
8,4,0.26000000000000001,0.29999999999999999,176,38,33.4818523153942,-0.048026315789473722,0.0012079393094981004,primary,z_projective,128
8,4,0.27000000000000002,0.28000000000000003,136,81,3.446808510638304,0.0035947712418300634,0.00012435200576995287,primary,z_projective,128
8,4,0.27000000000000002,0.29999999999999999,136,38,14.553191489361673,-0.042466460268317907,0.00052504180213979899,primary,z_projective,128
8,4,0.28000000000000003,0.29999999999999999,81,38,3.8523153942427895,-0.065497076023391956,0.00013898165350759362,primary,z_projective,128
8,5,0.22,0.23999999999999999,98,192,30.153846153846118,-0.079294217687074897,0.0010878733876094988,primary,z_projective,128
8,5,0.22,0.25,98,138,48.76442307692308,-0.083841072660948465,0.0017592952440247387,primary,z_projective,128
8,5,0.22,0.26000000000000001,98,107,67.217948717948744,-0.067032233454129314,0.0024250510932128451,primary,z_projective,128
8,5,0.22,0.27000000000000002,98,55,53.98637820512824,-0.090641929499072335,0.0019476899843269059,primary,z_projective,128
8,5,0.22,0.28000000000000003,98,34,48.057692307692356,-0.08031212484993995,0.0017337982115026426,primary,z_projective,128
8,5,0.23999999999999999,0.25,192,138,10.615384615384633,-0.09293478260869556,0.00038297583543395734,primary,z_projective,128
8,5,0.23999999999999999,0.26000000000000001,192,107,32.923076923076977,-0.054770249221183759,0.0011877801272879257,primary,z_projective,128
8,5,0.23999999999999999,0.27000000000000002,192,55,38.076923076923144,-0.098207070707070632,0.0013737176705783253,primary,z_projective,128
8,5,0.23999999999999999,0.28000000000000003,192,34,41.846153846153918,-0.080821078431372498,0.001509701844029513,primary,z_projective,128
8,5,0.25,0.26000000000000001,138,107,5.9158653846153957,-0.016605715833671958,0.0002134292416220492,primary,z_projective,128
8,5,0.25,0.27000000000000002,138,55,12.16346153846156,-0.10084321475625817,0.0004388264781014095,primary,z_projective,128
8,5,0.25,0.28000000000000003,138,34,16.918269230769262,-0.076783177038931463,0.00061036773772286956,primary,z_projective,128
8,5,0.26000000000000001,0.27000000000000002,107,55,2.3577724358974401,-0.18508071367884438,8.5062378907338441e-05,primary,z_projective,128
8,5,0.26000000000000001,0.28000000000000003,107,34,5.8301282051282159,-0.10687190764156122,0.00021033606420723687,primary,z_projective,128
8,5,0.27000000000000002,0.28000000000000003,55,34,0.74919871794871928,-0.028663101604278072,2.7029167129434642e-05,primary,z_projective,128
8,6,0.20000000000000001,0.22,44,139,13.012765957446794,-0.043394375408763945,0.00046946720203026513,primary,z_projective,128
8,6,0.20000000000000001,0.23999999999999999,44,141,52.79999999999994,-0.036315280464216664,0.0019048885032019391,primary,z_projective,128
8,6,0.20000000000000001,0.25,44,94,54.999999999999979,-0.076711798839458431,0.0019842588575020212,primary,z_projective,128
8,6,0.20000000000000001,0.26000000000000001,44,39,32.859574468085114,-0.03741258741258742,0.0011854891216735487,primary,z_projective,128
8,6,0.20000000000000001,0.27000000000000002,44,13,14.908510638297875,-0.093606393606393612,0.00053786080520373965,primary,z_projective,128
8,6,0.22,0.23999999999999999,139,141,41.69999999999996,-0.029236185519669378,0.0015044289883242589,primary,z_projective,128
8,6,0.22,0.25,139,94,62.550000000000004,-0.098923414459921422,0.0022566434824863907,primary,z_projective,128
8,6,0.22,0.26000000000000001,139,39,46.136170212765968,-0.03442169341449916,0.0016644746253800331,primary,z_projective,128
8,6,0.22,0.27000000000000002,139,13,24.029255319148955,-0.11369120088544547,0.00086691386738543439,primary,z_projective,128
8,6,0.23999999999999999,0.25,141,94,7.0500000000000123,-0.23829787234042532,0.00025434590809798689,primary,z_projective,128
8,6,0.23999999999999999,0.26000000000000001,141,39,11.700000000000021,-0.039607201309328939,0.00042210597514133995,primary,z_projective,128
8,6,0.23999999999999999,0.27000000000000002,141,13,8.7750000000000146,-0.16999454446262943,0.00031657948135600496,primary,z_projective,128
8,6,0.25,0.26000000000000001,94,39,1.9500000000000035,0.15908346972176746,7.0350995856889996e-05,primary,z_projective,128
8,6,0.25,0.27000000000000002,94,13,2.6000000000000045,-0.1358428805237315,9.3801327809186661e-05,primary,z_projective,128
8,6,0.26000000000000001,0.27000000000000002,39,13,0.26968085106383022,-0.43076923076923046,9.729393044037976e-06,primary,z_projective,128
8,7,0.20000000000000001,0.22,77,171,33.334177215189833,-0.089542036910458034,0.0012026115708505911,primary,z_projective,128
8,7,0.20000000000000001,0.23999999999999999,77,91,70.956962025316372,-0.096303696303696368,0.0025599450981848839,primary,z_projective,128
8,7,0.20000000000000001,0.25,77,45,54.825949367088597,-0.076144300144300167,0.0019779795573200533,primary,z_projective,128
8,7,0.20000000000000001,0.26000000000000001,77,11,19.298734177215188,-0.12554112554112554,0.00069624880417665876,primary,z_projective,128
8,7,0.22,0.23999999999999999,171,91,39.394936708860719,-0.1030653556969347,0.0014212682200961534,primary,z_projective,128
8,7,0.22,0.25,171,45,43.832278481012658,-0.067212475633528265,0.0015813561240080843,primary,z_projective,128
8,7,0.22,0.26000000000000001,171,11,19.04810126582279,-0.1435406698564593,0.00068720661191462454,primary,z_projective,128
8,7,0.23999999999999999,0.25,91,45,2.5917721518987387,0.0044932844932844933,9.3504488164220884e-05,primary,z_projective,128
8,7,0.23999999999999999,0.26000000000000001,91,11,2.534177215189878,-0.18401598401598385,9.1426610649460416e-05,primary,z_projective,128
8,7,0.25,0.26000000000000001,45,11,0.31329113924050689,-0.3725252525252522,1.1302740327543184e-05,primary,z_projective,128
8,8,0.20000000000000001,0.22,108,132,49.672473867595762,-0.095117845117845184,0.0017920553862875385,primary,z_projective,128
8,8,0.20000000000000001,0.23999999999999999,108,34,51.177700348431998,-0.08436819172113294,0.0018463600949629184,primary,z_projective,128
8,8,0.20000000000000001,0.25,108,13,30.574912891986052,-0.066951566951566982,0.0011030643949686563,primary,z_projective,128
8,8,0.22,0.23999999999999999,132,34,15.637630662020888,-0.07361853832442071,0.00056416558457200283,primary,z_projective,128
8,8,0.22,0.25,132,13,13.452961672473867,-0.04817404817404819,0.00048534833378620883,primary,z_projective,128
8,8,0.23999999999999999,0.25,34,13,0.38501742160278812,0.0027149321266967787,1.3890440529234958e-05,primary,z_projective,128
8,9,0.20000000000000001,0.22,153,119,64.335689045936306,-0.083286647992530383,0.0023210665607799079,primary,z_projective,128
8,9,0.20000000000000001,0.23999999999999999,153,11,23.787985865724352,-0.20184194890077253,0.00085820948465811732,primary,z_projective,128
8,9,0.22,0.23999999999999999,119,11,4.6254416961130689,-0.32039724980901468,0.00016687406646130059,primary,z_projective,128
10,0,0.26000000000000001,0.27000000000000002,14,39,0.28496868475991705,0.10109890109890099,1.0280938851737579e-05,primary,z_projective,128
10,0,0.26000000000000001,0.28000000000000003,14,65,1.8997912317327801,0.038241758241758204,6.8539592344917191e-05,primary,z_projective,128
10,0,0.26000000000000001,0.29999999999999999,14,110,12.86012526096032,0.015064935064935095,0.00046396031741174578,primary,z_projective,128
10,0,0.26000000000000001,0.34000000000000002,14,251,117.37787056367438,0.010017074558907225,0.0042346923516490319,primary,z_projective,128
10,0,0.27000000000000002,0.28000000000000003,39,65,1.323068893528186,-0.024615384615384574,4.7732930383067324e-05,primary,z_projective,128
10,0,0.27000000000000002,0.29999999999999999,39,110,20.151356993736911,-0.013613053613053589,0.00072700924737286886,primary,z_projective,128
10,0,0.27000000000000002,0.34000000000000002,39,251,250.34498956158671,-0.0029946149468061795,0.0090318047812514481,primary,z_projective,128
10,0,0.28000000000000003,0.29999999999999999,65,110,14.926931106471759,-0.0081118881118880815,0.00053852536842434625,primary,z_projective,128
10,0,0.28000000000000003,0.34000000000000002,65,251,306.54488517745307,0.00060884666462355608,0.011059352793369118,primary,z_projective,128
10,0,0.29999999999999999,0.34000000000000002,110,251,230.56367432150353,0.0049692140528793628,0.0083181456907391801,primary,z_projective,128
10,1,0.23999999999999999,0.25,14,31,0.099907918968692611,-0.11705069124423952,3.6044213299676834e-06,primary,z_projective,128
10,1,0.23999999999999999,0.26000000000000001,14,70,0.9023941068139979,-0.02,3.2556063625514564e-05,primary,z_projective,128
10,1,0.23999999999999999,0.27000000000000002,14,142,4.1187845303867476,-0.0053655264922870495,0.00014859517611931291,primary,z_projective,128
10,1,0.23999999999999999,0.28000000000000003,14,199,10.261510128913462,-0.031694185211773127,0.00037020895208442282,primary,z_projective,128
10,1,0.23999999999999999,0.29999999999999999,14,286,33.182320441988949,-0.027306027306027308,0.0011971329681724906,primary,z_projective,128
10,1,0.23999999999999999,0.34000000000000002,14,344,110.86556169429106,-0.026029900332225905,0.0039997449597060711,primary,z_projective,128
10,1,0.25,0.26000000000000001,31,70,0.49953959484346311,0.077050691244239508,1.802210664983842e-05,primary,z_projective,128
10,1,0.25,0.27000000000000002,31,142,4.0534069981583869,0.050477055883689184,0.00014623652253011748,primary,z_projective,128
10,1,0.25,0.28000000000000003,31,199,12.78107734806632,-0.003242016534284332,0.00046110847156943726,primary,z_projective,128
10,1,0.25,0.29999999999999999,31,286,51.024401473296479,-0.009357094518384847,0.0018408294649477775,primary,z_projective,128
10,1,0.25,0.34000000000000002,31,344,198.8453038674034,-0.015916479119779944,0.0071738282813013868,primary,z_projective,128
10,1,0.26000000000000001,0.27000000000000002,70,142,2.2882136279926382,0.023903420523138853,8.2552875621840529e-05,primary,z_projective,128
10,1,0.26000000000000001,0.28000000000000003,70,199,12.826887661141827,-0.043388370423546249,0.00046276119010552844,primary,z_projective,128
10,1,0.26000000000000001,0.29999999999999999,70,286,73.738489871086472,-0.030959040959040968,0.0026602954848277539,primary,z_projective,128
10,1,0.26000000000000001,0.34000000000000002,70,344,354.76979742173125,-0.027537375415282381,0.012799183871059423,primary,z_projective,128
10,1,0.27000000000000002,0.28000000000000003,142,199,6.5050644567219278,-0.11068016137023136,0.00023468603212494662,primary,z_projective,128
10,1,0.27000000000000002,0.29999999999999999,142,286,84.140883977900387,-0.04924652811976761,0.0030355871692945239,primary,z_projective,128
10,1,0.27000000000000002,0.34000000000000002,142,344,551.00184162062635,-0.034886060549342561,0.019878732449739166,primary,z_projective,128
10,1,0.28000000000000003,0.29999999999999999,199,286,52.406998158379174,-0.018529711494535646,0.0018907100052882916,primary,z_projective,128
10,1,0.28000000000000003,0.34000000000000002,199,344,567.31491712707179,-0.022253710412527754,0.020467266350953049,primary,z_projective,128
10,1,0.29999999999999999,0.34000000000000002,286,344,362.37200736648316,-0.024115709871523804,0.013073452096867859,primary,z_projective,128
10,2,0.23999999999999999,0.25,48,102,1.0643478260869583,0.014705882352941166,3.8398938206837612e-05,primary,z_projective,128
10,2,0.23999999999999999,0.26000000000000001,48,163,6.8034782608695776,-0.024284253578732103,0.00024545203638096205,primary,z_projective,128
10,2,0.23999999999999999,0.27000000000000002,48,197,18.500869565217421,-0.02721376198533557,0.00066746389647767733,primary,z_projective,128
10,2,0.23999999999999999,0.28000000000000003,48,233,38.900869565217462,-0.031634477825464927,0.0014034435454420651,primary,z_projective,128
10,2,0.23999999999999999,0.29999999999999999,48,240,90.156521739130454,-0.032222222222222228,0.0032526159422262401,primary,z_projective,128
10,2,0.23999999999999999,0.34000000000000002,48,167,174.26086956521752,-0.041906187624750485,0.0062868849809234071,primary,z_projective,128
10,2,0.25,0.26000000000000001,102,163,3.6143478260869628,-0.063274389510405371,0.00013039639432738608,primary,z_projective,128
10,2,0.25,0.27000000000000002,102,197,17.473043478260898,-0.048173584154473939,0.00063038256889558415,primary,z_projective,128
10,2,0.25,0.28000000000000003,102,233,46.498695652173993,-0.047081264551600291,0.0016775536129112183,primary,z_projective,128
10,2,0.25,0.29999999999999999,102,240,133.04347826086953,-0.041607843137254914,0.0047998672758546926,primary,z_projective,128
10,2,0.25,0.34000000000000002,102,167,299.94652173913056,-0.048196417622271788,0.010821300773414411,primary,z_projective,128
10,2,0.26000000000000001,0.27000000000000002,163,197,6.9806521739130556,-0.033072778798542507,0.00025184401649504956,primary,z_projective,128
10,2,0.26000000000000001,0.28000000000000003,163,233,33.025217391304402,-0.038984702072197751,0.0011914650932659196,primary,z_projective,128
10,2,0.26000000000000001,0.29999999999999999,163,240,136.06956521739113,-0.036191206543967298,0.0049090407276192252,primary,z_projective,128
10,2,0.26000000000000001,0.34000000000000002,163,167,378.72695652173923,-0.046311671136255089,0.013663496691873531,primary,z_projective,128
10,2,0.27000000000000002,0.28000000000000003,197,233,9.9784782608695828,-0.044896625345852995,0.00035999788860948805,primary,z_projective,128
10,2,0.27000000000000002,0.29999999999999999,197,240,92.504347826086772,-0.037230682459108898,0.0033373194823883745,primary,z_projective,128
10,2,0.27000000000000002,0.34000000000000002,197,167,350.44586956521749,-0.048202941470214027,0.012643187650177839,primary,z_projective,128
10,2,0.28000000000000003,0.29999999999999999,233,240,48.626086956521554,-0.033397711015736832,0.0017543044318025715,primary,z_projective,128
10,2,0.28000000000000003,0.34000000000000002,233,167,304.52086956521737,-0.048753994157607533,0.010986331504163645,primary,z_projective,128
10,2,0.29999999999999999,0.34000000000000002,240,167,139.40869565217415,-0.056432135728542866,0.0050295079847387306,primary,z_projective,128
10,3,0.22,0.23999999999999999,19,104,1.8029197080291948,-0.075607287449392754,6.5044716364034345e-05,primary,z_projective,128
10,3,0.22,0.25,19,161,6.2798813868613141,-0.076451999564127696,0.00022656200483530263,primary,z_projective,128
10,3,0.22,0.26000000000000001,19,238,16.503649635036503,-0.070455550641309136,0.00059540932671693083,primary,z_projective,128
10,3,0.22,0.27000000000000002,19,226,24.486770072992719,-0.073721471821145759,0.00088341982561729521,primary,z_projective,128
10,3,0.22,0.28000000000000003,19,193,30.11222627737229,-0.077411144441414378,0.0010863718492723838,primary,z_projective,128
10,3,0.22,0.29999999999999999,19,119,33.007299270072977,-0.063379035824856281,0.0011908186534338606,primary,z_projective,128
10,3,0.22,0.34000000000000002,19,36,22.467153284671536,-0.052095516569200778,0.0008105572346902753,primary,z_projective,128
10,3,0.23999999999999999,0.25,104,161,3.8193430656934377,-0.078141423793597606,0.00013779209650802057,primary,z_projective,128
10,3,0.23999999999999999,0.26000000000000001,104,238,22.58394160583946,-0.065303813833225532,0.00081477065761264341,primary,z_projective,128
10,3,0.23999999999999999,0.27000000000000002,104,226,48.25182481751834,-0.07246426140231442,0.00174080201426903,primary,z_projective,128
10,3,0.23999999999999999,0.28000000000000003,104,193,73.255474452554893,-0.07831307293742519,0.0026428695280544569,primary,z_projective,128
10,3,0.23999999999999999,0.29999999999999999,104,119,101.62773722627739,-0.059302951950010778,0.0036664679592568888,primary,z_projective,128
10,3,0.23999999999999999,0.34000000000000002,104,36,85.401459854014661,-0.04739316239316238,0.0030810655119805808,primary,z_projective,128
10,3,0.25,0.26000000000000001,161,238,8.7404197080292114,-0.052466203872853452,0.00031533191316258544,primary,z_projective,128
10,3,0.25,0.27000000000000002,161,226,33.198905109489111,-0.069625680206672841,0.0011977313004158711,primary,z_projective,128
10,3,0.25,0.28000000000000003,161,193,63.790374087591353,-0.078370289318701061,0.0023013929964849199,primary,z_projective,128
10,3,0.25,0.29999999999999999,161,119,109.25524635036491,-0.055535257581293407,0.00394164891453231,primary,z_projective,128
10,3,0.25,0.34000000000000002,161,36,107.08850364963507,-0.043976688904225132,0.0038634783982441092,primary,z_projective,128
10,3,0.26000000000000001,0.27000000000000002,238,226,12.269160583941627,-0.086785156540492209,0.000442639828414561,primary,z_projective,128
10,3,0.26000000000000001,0.28000000000000003,238,193,41.910583941605907,-0.091322332041624862,0.0015120263165311551,primary,z_projective,128
10,3,0.26000000000000001,0.29999999999999999,238,119,103.36496350364952,-0.056302521008403404,0.0037291426252270871,primary,z_projective,128
10,3,0.26000000000000001,0.34000000000000002,238,36,125.08029197080297,-0.042915499533146592,0.0045125759498546338,primary,z_projective,128
10,3,0.27000000000000002,0.28000000000000003,226,193,9.9493613138686303,-0.095859507542757516,0.00035894742388239612,primary,z_projective,128
10,3,0.27000000000000002,0.29999999999999999,226,119,55.211222627737115,-0.046141642497707108,0.001991879227865517,primary,z_projective,128
10,3,0.27000000000000002,0.34000000000000002,226,36,90.936131386861334,-0.036648405674954351,0.0032807422576608589,primary,z_projective,128
10,3,0.28000000000000003,0.29999999999999999,193,119,20.95529197080284,-0.021282709975181835,0.00075601315826557343,primary,z_projective,128
10,3,0.28000000000000003,0.34000000000000002,193,36,57.054744525547449,-0.02677988869698715,0.0020583887670424096,primary,z_projective,128
10,3,0.29999999999999999,0.34000000000000002,119,36,15.635036496350393,-0.029528478057889801,0.00056407199373182998,primary,z_projective,128
10,4,0.22,0.23999999999999999,59,156,11.062499999999989,-0.050651890482398987,0.00039910661111120177,primary,z_projective,128
10,4,0.22,0.25,59,199,31.751502403846153,-0.057360247565511169,0.0011455127251605178,primary,z_projective,128
10,4,0.22,0.26000000000000001,59,164,46.519230769230781,-0.063693675072343928,0.0016782944672368504,primary,z_projective,128
10,4,0.22,0.27000000000000002,59,129,57.173978365384656,-0.059103928524503989,0.0020626904180026089,primary,z_projective,128
10,4,0.22,0.28000000000000003,59,86,54.887019230769283,-0.10015766653527784,0.0019801828012825048,primary,z_projective,128
10,4,0.22,0.29999999999999999,59,39,44.249999999999986,-0.055932203389830522,0.0015964264444448082,primary,z_projective,128
10,4,0.23999999999999999,0.25,156,199,9.3281250000000178,-0.070776961731735519,0.00033653481191156515,primary,z_projective,128
10,4,0.23999999999999999,0.26000000000000001,156,164,30.750000000000057,-0.076735459662288855,0.0011093810885124962,primary,z_projective,128
10,4,0.23999999999999999,0.27000000000000002,156,129,54.421875000000099,-0.064738620552573983,0.0019634015911021464,primary,z_projective,128
10,4,0.23999999999999999,0.28000000000000003,156,86,64.500000000000114,-0.12491055456171726,0.0023269944783432845,primary,z_projective,128
10,4,0.23999999999999999,0.29999999999999999,156,39,65.8125,-0.057692307692307689,0.0023743461101700331,primary,z_projective,128
10,4,0.25,0.26000000000000001,199,164,9.8064903846154028,-0.08269395759284219,0.00035379300739420952,primary,z_projective,128
10,4,0.25,0.27000000000000002,199,129,30.854567307692363,-0.061719449962993209,0.0011131536086305617,primary,z_projective,128
10,4,0.25,0.28000000000000003,199,86,46.281850961538552,-0.14295508550504449,0.0016697304129458426,primary,z_projective,128
10,4,0.25,0.29999999999999999,199,39,58.300781249999979,-0.055075376884422121,0.0021033425744472777,primary,z_projective,128
10,4,0.26000000000000001,0.27000000000000002,164,129,6.3569711538461648,-0.040744942333144234,0.00022934320579825638,primary,z_projective,128
10,4,0.26000000000000001,0.28000000000000003,164,86,16.951923076923105,-0.17308564946114563,0.00061158188212868372,primary,z_projective,128
10,4,0.26000000000000001,0.29999999999999999,164,39,30.749999999999964,-0.048170731707317102,0.0011093810885124929,primary,z_projective,128
10,4,0.27000000000000002,0.28000000000000003,129,86,3.33353365384616,-0.30542635658914707,0.00012026533962591496,primary,z_projective,128
10,4,0.27000000000000002,0.29999999999999999,129,39,13.605468749999973,-0.050645994832041394,0.00049085039777553476,primary,z_projective,128
10,4,0.28000000000000003,0.29999999999999999,86,39,4.031249999999984,0.0767441860465118,0.00014543715489645444,primary,z_projective,128
10,5,0.20000000000000001,0.22,12,92,1.8187808896210851,-0.0065217391304347762,6.5616947092473555e-05,primary,z_projective,128
10,5,0.20000000000000001,0.23999999999999999,12,189,14.945634266886309,-0.023809523809523822,0.0005392001304555436,primary,z_projective,128
10,5,0.20000000000000001,0.25,12,147,18.163097199341014,-0.052244897959183689,0.0006552779363175014,primary,z_projective,128
10,5,0.20000000000000001,0.26000000000000001,12,96,17.080724876441515,-0.070138888888888903,0.00061622872052062192,primary,z_projective,128
10,5,0.20000000000000001,0.27000000000000002,12,53,12.835255354200992,-0.052830188679245278,0.00046306307499770129,primary,z_projective,128
10,5,0.20000000000000001,0.28000000000000003,12,18,5.6935749588138407,-0.041666666666666664,0.00020540957350687406,primary,z_projective,128
10,5,0.22,0.23999999999999999,92,189,28.645799011532098,-0.041097308488612865,0.0010334669167064588,primary,z_projective,128
10,5,0.22,0.25,92,147,50.130148270181209,-0.082727003845016286,0.0018085671042363041,primary,z_projective,128
10,5,0.22,0.26000000000000001,92,96,58.200988467874822,-0.10194746376811593,0.0020997423069591572,primary,z_projective,128
10,5,0.22,0.27000000000000002,92,53,50.205930807248798,-0.071353568498769462,0.0018113011436984921,primary,z_projective,128
10,5,0.22,0.28000000000000003,92,18,24.553542009884701,-0.053381642512077283,0.00088582878574839491,primary,z_projective,128
10,5,0.23999999999999999,0.25,189,147,11.442751235584865,-0.16598639455782302,0.00041282509988002679,primary,z_projective,128
10,5,0.23999999999999999,0.26000000000000001,189,96,29.891268533772703,-0.16279761904761894,0.0010784002609110902,primary,z_projective,128
10,5,0.23999999999999999,0.27000000000000002,189,53,37.130560131795782,-0.091524408505540514,0.0013395753241004951,primary,z_projective,128
10,5,0.23999999999999999,0.28000000000000003,189,18,22.418451400329531,-0.059523809523809479,0.00080880019568331778,primary,z_projective,128
10,5,0.25,0.26000000000000001,147,96,5.8121911037891376,-0.15960884353741486,0.00020968893962160091,primary,z_projective,128
10,5,0.25,0.27000000000000002,147,53,12.83525535420101,-0.054293415479399268,0.00046306307499770195,primary,z_projective,128
10,5,0.25,0.28000000000000003,147,18,9.8080724876441678,-0.024036281179138311,0.00035385008561145148,primary,z_projective,128
10,5,0.26000000000000001,0.27000000000000002,96,53,2.0955518945634304,0.051022012578616327,7.5602134693502363e-05,primary,z_projective,128
10,5,0.26000000000000001,0.28000000000000003,96,18,2.8467874794069248,0.043749999999999969,0.00010270478675343719,primary,z_projective,128
10,5,0.27000000000000002,0.28000000000000003,53,18,0.39291598023064317,0.036477987421383605,1.4175400255031693e-05,primary,z_projective,128
10,6,0.20000000000000001,0.22,30,111,8.1021897810218864,-0.056216216216216267,0.00029230621523918264,primary,z_projective,128
10,6,0.20000000000000001,0.23999999999999999,30,127,37.080291970802875,-0.063044619422572223,0.0013377617778513949,primary,z_projective,128
10,6,0.20000000000000001,0.25,30,90,41.05839416058393,-0.051555555555555563,0.0014812814961445084,primary,z_projective,128
10,6,0.20000000000000001,0.26000000000000001,30,41,26.934306569343068,-0.038265582655826566,0.00097172066147079787,primary,z_projective,128
10,6,0.20000000000000001,0.27000000000000002,30,12,10.729927007299274,0.0028571428571428593,0.00038710823099243177,primary,z_projective,128
10,6,0.22,0.23999999999999999,111,127,34.299270072992655,-0.06987302262892818,0.0012374296445125401,primary,z_projective,128
10,6,0.22,0.25,111,90,54.689781021897815,-0.048448448448448443,0.001973066952864486,primary,z_projective,128
10,6,0.22,0.26000000000000001,111,41,44.291970802919721,-0.029290265875631723,0.0015979406433075346,primary,z_projective,128
10,6,0.22,0.27000000000000002,111,12,20.255474452554758,0.02648648648648649,0.0007307655380979582,primary,z_projective,128
10,6,0.23999999999999999,0.25,127,90,6.9525547445255595,-0.005599300087489054,0.00025083033334713728,primary,z_projective,128
10,6,0.23999999999999999,0.26000000000000001,127,41,12.669099756691018,0.011292490877664662,0.00045706860743256121,primary,z_projective,128
10,6,0.23999999999999999,0.27000000000000002,127,12,8.3430656934306704,0.090726159230096165,0.00030099640001656467,primary,z_projective,128
10,6,0.25,0.26000000000000001,90,41,2.2445255474452592,0.02818428184281838,8.0976721789233287e-05,primary,z_projective,128
10,6,0.25,0.27000000000000002,90,12,2.6277372262773766,0.13888888888888878,9.4802015753248727e-05,primary,z_projective,128
10,6,0.26000000000000001,0.27000000000000002,41,12,0.29927007299270131,0.24959349593495919,1.079689623856444e-05,primary,z_projective,128
10,7,0.20000000000000001,0.22,75,174,33.121827411167473,-0.0087816091954023064,0.001194950534859315,primary,z_projective,128
10,7,0.20000000000000001,0.23999999999999999,75,89,67.76649746192885,-0.080569288389513147,0.0024448413241949202,primary,z_projective,128
10,7,0.20000000000000001,0.25,75,45,53.537436548223326,-0.057244444444444466,0.0019314933214320839,primary,z_projective,128
10,7,0.20000000000000001,0.26000000000000001,75,11,18.845177664974621,-0.015919191919191913,0.00067988564914409392,primary,z_projective,128
10,7,0.22,0.23999999999999999,174,89,39.30456852791874,-0.15235696758362399,0.0014180079680330541,primary,z_projective,128
10,7,0.22,0.25,174,45,44.714467005076145,-0.089553001277139221,0.0016131832220600774,primary,z_projective,128
10,7,0.22,0.26000000000000001,174,11,19.431472081218281,-0.019487983281086713,0.0007010376471174659,primary,z_projective,128
10,7,0.23999999999999999,0.25,89,45,2.5412436548223396,0.036054931335830161,9.1681549657309785e-05,primary,z_projective,128
10,7,0.23999999999999999,0.26000000000000001,89,11,2.4847715736040654,0.11338100102145039,8.964418188714735e-05,primary,z_projective,128
10,7,0.25,0.26000000000000001,45,11,0.31408629441624419,0.1907070707070706,1.1331427485734916e-05,primary,z_projective,128
10,8,0.20000000000000001,0.22,117,133,47.879999999999946,-0.1200308463466359,0.00172738752903994,primary,z_projective,128
10,8,0.20000000000000001,0.23999999999999999,117,57,82.079999999999913,-0.13319838056680172,0.0029612357640684691,primary,z_projective,128
10,8,0.20000000000000001,0.25,117,18,40.499999999999993,-0.1107692307692308,0.0014611360677969432,primary,z_projective,128
10,8,0.22,0.23999999999999999,133,57,23.326153846153819,-0.1463659147869675,0.00084154777055791955,primary,z_projective,128
10,8,0.22,0.25,133,18,16.573846153846155,-0.10459482038429407,0.00059794183697536461,primary,z_projective,128
10,8,0.23999999999999999,0.25,57,18,0.78923076923077051,-0.021052631578947333,2.847342080835074e-05,primary,z_projective,128
10,9,0.20000000000000001,0.22,154,110,61.376811594202827,-0.05922077922077925,0.0022143178554732685,primary,z_projective,128
10,9,0.20000000000000001,0.23999999999999999,154,12,26.782608695652147,-0.034307359307359321,0.0009662477914792445,primary,z_projective,128
10,9,0.22,0.23999999999999999,110,12,4.7826086956521685,-0.0093939393939393902,0.00017254424847843651,primary,z_projective,128
6,0,0.27000000000000002,0.28000000000000003,20,48,0.56872037914692053,0.021666666666666591,3.2351907586487703e-05,primary,z_projective,256
6,0,0.27000000000000002,0.29999999999999999,20,110,11.72985781990519,-0.0018181818181818318,0.00066725809397130632,primary,z_projective,256
6,0,0.27000000000000002,0.34000000000000002,20,244,141.65876777251188,-0.007306791569086645,0.0080583209813342993,primary,z_projective,256
6,0,0.28000000000000003,0.29999999999999999,48,110,12.511848341232181,-0.013560606060606077,0.00071174196690272542,primary,z_projective,256
6,0,0.28000000000000003,0.34000000000000002,48,244,249.781990521327,-0.012135701275045522,0.014208957811985373,primary,z_projective,256
6,0,0.29999999999999999,0.34000000000000002,110,244,254.40758293838908,-0.011423248882265247,0.014472086660355498,primary,z_projective,256
6,1,0.26000000000000001,0.27000000000000002,27,97,0.72669256381798131,-0.1684612447499044,4.1338224425317661e-05,primary,z_projective,256
6,1,0.26000000000000001,0.28000000000000003,27,175,5.244173140954504,-0.10243386243386236,0.00029831708348167381,primary,z_projective,256
6,1,0.26000000000000001,0.29999999999999999,27,268,32.124306326304065,-0.075566611387506963,0.001827405219956305,primary,z_projective,256
6,1,0.26000000000000001,0.34000000000000002,27,334,160.14206437291904,-0.049761587935240624,0.0091097513950060723,primary,z_projective,256
6,1,0.27000000000000002,0.28000000000000003,97,175,4.7100443951165465,-0.036406480117820349,0.00026793293609002193,primary,z_projective,256
6,1,0.27000000000000002,0.29999999999999999,97,268,64.917869034406081,-0.044601733600041098,0.0036928813819950301,primary,z_projective,256
6,1,0.27000000000000002,0.34000000000000002,97,334,440.48335183129865,-0.03280449410457436,0.025057088183138804,primary,z_projective,256
6,1,0.28000000000000003,0.29999999999999999,175,268,52.053274139844419,-0.048699360341151472,0.0029610732730773383,primary,z_projective,256
6,1,0.28000000000000003,0.34000000000000002,175,334,583.85127635960043,-0.032204163102366699,0.033212635294292962,primary,z_projective,256
6,1,0.29999999999999999,0.34000000000000002,268,334,397.38956714761446,-0.023956564482974334,0.022605679387607693,primary,z_projective,256
6,2,0.25,0.26000000000000001,25,91,0.61155913978494736,-0.010021978021978064,3.4788809227606988e-05,primary,z_projective,256
6,2,0.25,0.27000000000000002,25,159,4.2741935483871041,-0.013484276729559751,0.00024313936998635209,primary,z_projective,256
6,2,0.25,0.28000000000000003,25,219,13.245967741935505,-0.053284627092846232,0.0007535026701935534,primary,z_projective,256
6,2,0.25,0.29999999999999999,25,251,42.170698924731163,-0.052615139442231097,0.0023988986582772895,primary,z_projective,256
6,2,0.25,0.34000000000000002,25,185,100.70564516129036,-0.054486486486486484,0.0057286846843482408,primary,z_projective,256
6,2,0.26000000000000001,0.27000000000000002,91,159,3.8895161290322653,-0.01694657543714144,0.00022125682668758045,primary,z_projective,256
6,2,0.26000000000000001,0.28000000000000003,91,219,21.429032258064552,-0.074915951628280311,0.0012189998753353486,primary,z_projective,256
6,2,0.26000000000000001,0.29999999999999999,91,251,98.240860215053644,-0.063263429797294393,0.0055884743143227696,primary,z_projective,256
6,2,0.26000000000000001,0.34000000000000002,91,185,289.63440860215064,-0.060044550044550032,0.016475980050194645,primary,z_projective,256
6,2,0.27000000000000002,0.28000000000000003,159,219,9.3604838709677605,-0.1328853278194192,0.00053247522027011121,primary,z_projective,256
6,2,0.27000000000000002,0.29999999999999999,159,251,96.554032258064311,-0.07870238125067873,0.0054925183679916728,primary,z_projective,256
6,2,0.27000000000000002,0.34000000000000002,159,185,387.45564516129042,-0.066201403559894123,0.022040583889262784,primary,z_projective,256
6,2,0.28000000000000003,0.29999999999999999,219,251,59.106451612903001,-0.051610907966308406,0.0033622963594414378,primary,z_projective,256
6,2,0.28000000000000003,0.34000000000000002,219,185,392.08064516129031,-0.055087416183306599,0.022303679037729143,primary,z_projective,256
6,2,0.29999999999999999,0.34000000000000002,251,185,199.72043010752722,-0.056825670291805699,0.011361184045601267,primary,z_projective,256
6,3,0.23999999999999999,0.25,17,68,0.37386804657179884,0.10588235294117639,2.1267647398840376e-05,primary,z_projective,256
6,3,0.23999999999999999,0.26000000000000001,17,135,2.9689521345407557,-0.01063180827886708,0.00016889014110843829,primary,z_projective,256
6,3,0.23999999999999999,0.27000000000000002,17,207,10.242884864165607,-0.027356256512266711,0.00058267098682411209,primary,z_projective,256
6,3,0.23999999999999999,0.28000000000000003,17,199,17.505821474773636,-0.041649423588530861,0.00099582631349864328,primary,z_projective,256
6,3,0.23999999999999999,0.29999999999999999,17,116,22.959896507115133,-0.048580121703853958,0.0013060837579052537,primary,z_projective,256
6,3,0.23999999999999999,0.34000000000000002,17,31,17.04398447606728,-0.087134724857684989,0.00096955451377066313,primary,z_projective,256
6,3,0.25,0.26000000000000001,68,135,2.9689521345407557,-0.12714596949891055,0.00016889014110843829,primary,z_projective,256
6,3,0.25,0.27000000000000002,68,207,18.209573091849972,-0.093975561238988259,0.0010358595321317552,primary,z_projective,256
6,3,0.25,0.28000000000000003,68,199,39.388098318240687,-0.090826682431766614,0.0022406092053719479,primary,z_projective,256
6,3,0.25,0.29999999999999999,68,116,63.777490297542009,-0.079472616632860066,0.0036280104386257031,primary,z_projective,256
6,3,0.25,0.34000000000000002,68,31,55.222509702457977,-0.10858106683533628,0.0031413566246169477,primary,z_projective,256
6,3,0.26000000000000001,0.27000000000000002,135,207,9.037839586028479,-0.060805152979065968,0.00051412145896245201,primary,z_projective,256
6,3,0.26000000000000001,0.28000000000000003,135,199,34.754204398447662,-0.072667038898194633,0.0019770081223870126,primary,z_projective,256
6,3,0.26000000000000001,0.29999999999999999,135,116,81.03492884864157,-0.067554278416347438,0.0046097073808420673,primary,z_projective,256
6,3,0.26000000000000001,0.34000000000000002,135,31,86.623544631306629,-0.10626045400238948,0.0049276182346932517,primary,z_projective,256
6,3,0.27000000000000002,0.28000000000000003,207,199,13.32244501940494,-0.084528924817323312,0.00075785311358168828,primary,z_projective,256
6,3,0.27000000000000002,0.29999999999999999,207,116,69.892626131953293,-0.069803986895441247,0.0039758726159762796,primary,z_projective,256
6,3,0.27000000000000002,0.34000000000000002,207,31,101.69243208279433,-0.11275406843429284,0.0057848184901034307,primary,z_projective,256
6,3,0.28000000000000003,0.29999999999999999,199,116,29.862871927554867,-0.062441517934500194,0.0016987625347917943,primary,z_projective,256
6,3,0.28000000000000003,0.34000000000000002,199,31,71.825355756791708,-0.11745825903712111,0.0040858167862664859,primary,z_projective,256
6,3,0.29999999999999999,0.34000000000000002,116,31,18.608020698577008,-0.14496662958843148,0.0010585253985637372,primary,z_projective,256
6,4,0.23999999999999999,0.25,36,109,1.5280373831775727,-0.092354740061161983,8.6923075067947485e-05,primary,z_projective,256
6,4,0.23999999999999999,0.26000000000000001,36,190,10.654205607476653,-0.12701754385964903,0.00060606914726275309,primary,z_projective,256
6,4,0.23999999999999999,0.27000000000000002,36,162,20.439252336448636,-0.12757201646090524,0.0011626958114593345,primary,z_projective,256
6,4,0.23999999999999999,0.28000000000000003,36,105,23.551401869158923,-0.098571428571428504,0.001339731799212402,primary,z_projective,256
6,4,0.23999999999999999,0.29999999999999999,36,40,20.186915887850464,-0.086111111111111124,0.0011483415421820564,primary,z_projective,256
6,4,0.25,0.26000000000000001,109,190,8.0646417445483003,-0.16168034765813605,0.00045876067396972286,primary,z_projective,256
6,4,0.25,0.27000000000000002,109,162,27.504672897196311,-0.14518065466077687,0.0015646153512230551,primary,z_projective,256
6,4,0.25,0.28000000000000003,109,105,40.110981308411283,-0.10064365807485068,0.0022817307205336215,primary,z_projective,256
6,4,0.25,0.29999999999999999,109,40,42.445482866043598,-0.08486238532110095,0.0024145298629985367,primary,z_projective,256
6,4,0.26000000000000001,0.27000000000000002,190,162,11.985981308411237,-0.12868096166341769,0.00068182779067059744,primary,z_projective,256
6,4,0.26000000000000001,0.28000000000000003,190,105,31.074766355140245,-0.07012531328320798,0.0017677016795163637,primary,z_projective,256
6,4,0.26000000000000001,0.29999999999999999,190,40,47.352024922118325,-0.065657894736842151,0.0026936406545011175,primary,z_projective,256
6,4,0.27000000000000002,0.28000000000000003,162,105,6.6238317757009471,-0.01156966490299827,0.00037679956852848805,primary,z_projective,256
6,4,0.27000000000000002,0.29999999999999999,162,40,22.710280373831729,-0.044650205761316925,0.0012918842349548111,primary,z_projective,256
6,4,0.28000000000000003,0.29999999999999999,105,40,6.5420560747663306,-0.061190476190476302,0.0003721477220034429,primary,z_projective,256
6,5,0.23999999999999999,0.25,66,148,4.8840000000000092,-0.096642096642096526,0.00027782847678048042,primary,z_projective,256
6,5,0.23999999999999999,0.26000000000000001,66,134,17.688000000000027,-0.11935775667118939,0.0010061896186103884,primary,z_projective,256
6,5,0.23999999999999999,0.27000000000000002,66,99,29.403000000000052,-0.14478114478114465,0.0016726025189960003,primary,z_projective,256
6,5,0.23999999999999999,0.28000000000000003,66,39,20.592000000000034,-0.047202797202797159,0.0011713849291285119,primary,z_projective,256
6,5,0.23999999999999999,0.29999999999999999,66,14,16.632000000000001,-0.09422799422799423,0.00094611859660379655,primary,z_projective,256
6,5,0.25,0.26000000000000001,148,134,9.9160000000000181,-0.14207341670028226,0.00056407599831188448,primary,z_projective,256
6,5,0.25,0.27000000000000002,148,99,29.304000000000048,-0.16885066885066874,0.0016669708606828822,primary,z_projective,256
6,5,0.25,0.28000000000000003,148,39,25.974000000000046,-0.030723030723030703,0.0014775423537871004,primary,z_projective,256
6,5,0.25,0.29999999999999999,148,14,25.899999999999988,-0.093745173745173771,0.0014733328314116352,primary,z_projective,256
6,5,0.26000000000000001,0.27000000000000002,134,99,6.6330000000000124,-0.19562792100105519,0.00037732110697889575,primary,z_projective,256
6,5,0.26000000000000001,0.28000000000000003,134,39,10.452000000000018,0.024952162265595081,0.00059456659281522956,primary,z_projective,256
6,5,0.26000000000000001,0.29999999999999999,134,14,15.007999999999981,-0.081663113006396629,0.00085373664609366046,primary,z_projective,256
6,5,0.27000000000000002,0.28000000000000003,99,39,1.9305000000000037,0.24553224553224534,0.00010981733710579801,primary,z_projective,256
6,5,0.27000000000000002,0.29999999999999999,99,14,6.2369999999999859,-0.04367484367484372,0.00035479447372642291,primary,z_projective,256
6,5,0.28000000000000003,0.29999999999999999,39,14,1.0919999999999961,-0.18827838827838864,6.2118897756814693e-05,primary,z_projective,256
6,6,0.23999999999999999,0.25,112,151,9.7870370370370541,-0.2246925260170291,0.00055673988374163521,primary,z_projective,256
6,6,0.23999999999999999,0.26000000000000001,112,116,30.074074074074129,-0.099261083743842252,0.0017107768612987996,primary,z_projective,256
6,6,0.23999999999999999,0.27000000000000002,112,39,22.750000000000039,-0.088278388278388187,0.0012941437032669798,primary,z_projective,256
6,6,0.23999999999999999,0.28000000000000003,112,14,14.518518518518544,-0.10357142857142847,0.00082589227786838602,primary,z_projective,256
6,6,0.25,0.26000000000000001,151,116,10.136574074074092,0.026170358529344604,0.00057662345101812222,primary,z_projective,256
6,6,0.25,0.27000000000000002,151,39,13.63194444444447,-0.020071319409067732,0.00077545912378299193,primary,z_projective,256
6,6,0.25,0.28000000000000003,151,14,11.010416666666686,-0.063197729422894935,0.00062633236920933959,primary,z_projective,256
6,6,0.26000000000000001,0.27000000000000002,116,39,2.6180555555555598,-0.066312997347480071,0.00014892923569342225,primary,z_projective,256
6,6,0.26000000000000001,0.28000000000000003,116,14,3.7592592592592662,-0.1078817733990147,0.00021384710766234996,primary,z_projective,256
6,6,0.27000000000000002,0.28000000000000003,39,14,0.31597222222222276,-0.14945054945054931,1.7974218100930275e-05,primary,z_projective,256
6,7,0.23999999999999999,0.25,124,132,12.475609756097583,-0.10967741935483859,0.00070968051913273677,primary,z_projective,256
6,7,0.23999999999999999,0.26000000000000001,124,59,22.30487804878053,-0.14466921815199546,0.0012688227463282264,primary,z_projective,256
6,7,0.23999999999999999,0.27000000000000002,124,13,11.057926829268313,-0.17502067824648454,0.00062903500559492579,primary,z_projective,256
6,7,0.25,0.26000000000000001,132,59,5.9359756097561078,-0.17966101694915237,0.00033767056958735052,primary,z_projective,256
6,7,0.25,0.27000000000000002,132,13,5.2317073170731794,-0.20769230769230748,0.00029760795963630892,primary,z_projective,256
6,7,0.26000000000000001,0.27000000000000002,59,13,0.58460365853658647,-0.23572359843546262,3.3255434883602707e-05,primary,z_projective,256
6,8,0.22,0.23999999999999999,32,157,16.691029900332204,-0.13152866242038225,0.00094947653831014374,primary,z_projective,256
6,8,0.22,0.25,32,84,20.093023255813954,-0.13650793650793652,0.0011430004187300471,primary,z_projective,256
6,8,0.22,0.26000000000000001,32,28,11.90697674418605,-0.096428571428571405,0.0006773335814696577,primary,z_projective,256
6,8,0.23999999999999999,0.25,157,84,10.953488372093041,-0.1464664846830451,0.00062309397826603363,primary,z_projective,256
6,8,0.23999999999999999,0.26000000000000001,157,28,14.604651162790722,-0.061328480436760653,0.00083079197102137821,primary,z_projective,256
6,8,0.25,0.26000000000000001,84,28,1.9534883720930267,0.023809523809523787,0.00011112504070986589,primary,z_projective,256
6,9,0.22,0.23999999999999999,56,113,27.633187772925737,-0.10591024020227563,0.0015719259761549835,primary,z_projective,256
6,9,0.22,0.25,56,46,25.310043668122272,-0.091614906832298129,0.0014397729073631945,primary,z_projective,256
6,9,0.22,0.26000000000000001,56,14,13.694323144104811,-0.16249999999999998,0.00077900756340424087,primary,z_projective,256
6,9,0.23999999999999999,0.25,113,46,5.6746724890829805,-0.063024240092343198,0.00032280622724611366,primary,z_projective,256
6,9,0.23999999999999999,0.26000000000000001,113,14,6.9082969432314538,-0.21908975979772424,0.00039298149403874702,primary,z_projective,256
6,9,0.25,0.26000000000000001,46,14,0.70305676855895327,-0.37515527950310529,3.999369187119992e-05,primary,z_projective,256
6,10,0.22,0.23999999999999999,79,92,38.659574468085061,-0.06279581728123286,0.0021991668074221142,primary,z_projective,256
6,10,0.22,0.25,79,17,16.07313829787234,-0.051923554231819297,0.00091432750417278213,primary,z_projective,256
6,10,0.23999999999999999,0.25,92,17,2.0797872340425569,-0.030179028132992225,0.00011830960672840522,primary,z_projective,256
6,12,0.20000000000000001,0.22,23,141,17.917127071823185,-0.093802035152636493,0.0010192236123355725,primary,z_projective,256
6,12,0.20000000000000001,0.23999999999999999,23,17,8.6408839779005415,-0.08081841432225069,0.00049154046552353839,primary,z_projective,256
6,12,0.22,0.23999999999999999,141,17,13.243093922651919,-0.0678347934918649,0.00075333919172629272,primary,z_projective,256
8,0,0.27000000000000002,0.28000000000000003,27,45,0.67201327433628433,-0.017777777777777764,3.8227769120620936e-05,primary,z_projective,256
8,0,0.27000000000000002,0.29999999999999999,27,130,17.472345132743325,-0.0022792022792022734,0.00099392199713614041,primary,z_projective,256
8,0,0.27000000000000002,0.34000000000000002,27,250,182.93694690265491,-0.0091174603174603158,0.010406448260613462,primary,z_projective,256
8,0,0.28000000000000003,0.29999999999999999,45,130,12.942477876106144,0.0054700854700854944,0.00073623851639713985,primary,z_projective,256
8,0,0.28000000000000003,0.34000000000000002,45,250,224.00442477876106,-0.0076740740740740736,0.012742589706873624,primary,z_projective,256
8,0,0.29999999999999999,0.34000000000000002,130,250,287.61061946902703,-0.014246153846153841,0.016360855919936534,primary,z_projective,256
8,1,0.26000000000000001,0.27000000000000002,28,81,0.64948453608247536,0.099294532627865834,3.6946211988589431e-05,primary,z_projective,256
8,1,0.26000000000000001,0.28000000000000003,28,163,5.2279495990836287,-0.0034618755477651112,0.00029739420020444827,primary,z_projective,256
8,1,0.26000000000000001,0.29999999999999999,28,254,32.586483390607057,0.0043025871766029259,0.0018536963644645306,primary,z_projective,256
8,1,0.26000000000000001,0.34000000000000002,28,347,178.07101947308138,-0.014465829559489506,0.010129647849908554,primary,z_projective,256
8,1,0.27000000000000002,0.28000000000000003,81,163,3.7809278350515534,-0.10621828372339605,0.00021507973407643136,primary,z_projective,256
8,1,0.27000000000000002,0.29999999999999999,81,254,53.025773195876177,-0.02736139464048477,0.0030163943073541113,primary,z_projective,256
8,1,0.27000000000000002,0.34000000000000002,81,347,394.39948453608258,-0.030717309871968853,0.0224355872300709,primary,z_projective,256
8,1,0.28000000000000003,0.29999999999999999,163,254,47.42497136311551,0.012067049900970983,0.0026977902447117654,primary,z_projective,256
8,1,0.28000000000000003,0.34000000000000002,163,347,583.10309278350519,-0.018133814230064309,0.033170074544231799,primary,z_projective,256
8,1,0.29999999999999999,0.34000000000000002,254,347,403.83963344788157,-0.033234246295581915,0.022972594231042646,primary,z_projective,256
8,2,0.25,0.26000000000000001,25,102,0.65653964984552116,0.018666666666666703,3.7347545221656594e-05,primary,z_projective,256
8,2,0.25,0.27000000000000002,25,194,4.9948506694129851,-0.049773195876288631,0.00028413426560789724,primary,z_projective,256
8,2,0.25,0.28000000000000003,25,223,12.918383110195697,-0.03274140508221221,0.00073486787509671357,primary,z_projective,256
8,2,0.25,0.29999999999999999,25,272,43.76930998970132,-0.058423529411764728,0.0024898363481104342,primary,z_projective,256
8,2,0.25,0.34000000000000002,25,155,80.81230690010301,-0.039168458781362006,0.0045970434339009597,primary,z_projective,256
8,2,0.26000000000000001,0.27000000000000002,102,194,5.0947476828012448,-0.11821305841924395,0.00028981695092005519,primary,z_projective,256
8,2,0.26000000000000001,0.28000000000000003,102,223,23.425334706488201,-0.058445440956651669,0.0013325604135087075,primary,z_projective,256
8,2,0.26000000000000001,0.29999999999999999,102,272,114.29042224510802,-0.07769607843137262,0.006501460672185962,primary,z_projective,256
8,2,0.26000000000000001,0.34000000000000002,102,155,260.51493305870247,-0.046397849462365595,0.014819505943953317,primary,z_projective,256
8,2,0.27000000000000002,0.28000000000000003,194,223,11.138516992790958,0.0013221765059406299,0.00063361941230561096,primary,z_projective,256
8,2,0.27000000000000002,0.29999999999999999,194,272,122.27394438722941,-0.064190418435415467,0.0069556068220812976,primary,z_projective,256
8,2,0.27000000000000002,0.34000000000000002,194,155,379.35890834191565,-0.036138533897097244,0.021579997472919762,primary,z_projective,256
8,2,0.28000000000000003,0.29999999999999999,223,272,62.467559217301506,-0.096946715906093606,0.0035534944360231997,primary,z_projective,256
8,2,0.28000000000000003,0.34000000000000002,223,155,320.37590113285273,-0.042381985630936897,0.018224723302398466,primary,z_projective,256
8,2,0.29999999999999999,0.34000000000000002,272,155,173.6766220391352,-0.015099620493358619,0.0098796706293022233,primary,z_projective,256
8,3,0.23999999999999999,0.25,14,66,0.30354796320630806,-0.12294372294372286,1.726745869111911e-05,primary,z_projective,256
8,3,0.23999999999999999,0.26000000000000001,14,140,2.5755584756898862,-0.14857142857142844,0.00014651177071252575,primary,z_projective,256
8,3,0.23999999999999999,0.27000000000000002,14,196,8.1130091984231409,-0.10272108843537404,0.00046151207774445613,primary,z_projective,256
8,3,0.23999999999999999,0.28000000000000003,14,195,14.349540078843651,-0.10849816849816842,0.00081627986539835773,primary,z_projective,256
8,3,0.23999999999999999,0.29999999999999999,14,107,17.716162943495398,-0.096484201157098368,0.0010077916799725859,primary,z_projective,256
8,3,0.23999999999999999,0.34000000000000002,14,43,19.776609724047322,-0.084119601328903629,0.0011250010965426075,primary,z_projective,256
8,3,0.25,0.26000000000000001,66,140,3.0354796320630801,-0.17419913419913402,0.00017267458691119108,primary,z_projective,256
8,3,0.25,0.27000000000000002,66,196,16.998685939553248,-0.092609771181199646,0.00096697768670266993,primary,z_projective,256
8,3,0.25,0.28000000000000003,66,195,38.051905387647899,-0.10368298368298358,0.0021645992859224313,primary,z_projective,256
8,3,0.25,0.29999999999999999,66,107,57.999342969776599,-0.091192296799773462,0.0032993179999102518,primary,z_projective,256
8,3,0.25,0.34000000000000002,66,43,75.518396846254959,-0.079805810038368175,0.0042958970443691263,primary,z_projective,256
8,3,0.26000000000000001,0.27000000000000002,140,196,9.014454664914604,-0.011020408163265261,0.00051279119749384025,primary,z_projective,256
8,3,0.26000000000000001,0.28000000000000003,140,195,35.873850197109121,-0.068424908424908379,0.0020406996634958941,primary,z_projective,256
8,3,0.26000000000000001,0.29999999999999999,140,107,78.738501971090585,-0.070440587449933298,0.0044790741332114891,primary,z_projective,256
8,3,0.26000000000000001,0.34000000000000002,140,43,126.57030223390282,-0.068006644518272416,0.0072000070178726856,primary,z_projective,256
8,3,0.27000000000000002,0.28000000000000003,196,195,12.555847568988195,-0.12582940868655149,0.00071424488222356303,primary,z_projective,256
8,3,0.27000000000000002,0.29999999999999999,196,107,62.006570302233776,-0.090247313878822677,0.0035272708799040445,primary,z_projective,256
8,3,0.27000000000000002,0.34000000000000002,196,43,135.66754270696455,-0.076147535426130591,0.0077175075222822827,primary,z_projective,256
8,3,0.28000000000000003,0.29999999999999999,195,107,27.417871222076108,-0.072456266474958203,0.0015596775999575678,primary,z_projective,256
8,3,0.28000000000000003,0.34000000000000002,195,43,99.165571616294358,-0.067867223216060424,0.0056410769269493559,primary,z_projective,256
8,3,0.29999999999999999,0.34000000000000002,107,43,24.18396846254932,-0.065572701586611548,0.001375715626629247,primary,z_projective,256
8,4,0.23999999999999999,0.25,28,106,1.2244224422442267,0.016442048517520111,6.9651806319522653e-05,primary,z_projective,256
8,4,0.23999999999999999,0.26000000000000001,28,187,8.6402640264026545,-0.037394957983193276,0.0004915051993113485,primary,z_projective,256
8,4,0.23999999999999999,0.27000000000000002,28,152,15.80198019801983,-0.065538847117794452,0.00089890255702931117,primary,z_projective,256
8,4,0.23999999999999999,0.28000000000000003,28,106,19.590759075907627,-0.07513477088948782,0.0011144289011123625,primary,z_projective,256
8,4,0.23999999999999999,0.29999999999999999,28,27,11.227722772277227,-0.1064373897707231,0.00063869392209977259,primary,z_projective,256
8,4,0.25,0.26000000000000001,106,187,8.1773927392739409,-0.091231964483906663,0.00046517456363395478,primary,z_projective,256
8,4,0.25,0.27000000000000002,106,152,26.587458745874638,-0.10652929493545174,0.0015124392229382063,primary,z_projective,256
8,4,0.25,0.28000000000000003,106,106,41.717821782178298,-0.10566037735849047,0.0023731365438865934,primary,z_projective,256
8,4,0.25,0.29999999999999999,106,27,29.517326732673258,-0.13101327742837179,0.0016791060452027748,primary,z_projective,256
8,4,0.26000000000000001,0.27000000000000002,187,152,11.726072607260747,-0.12182662538699682,0.00066704277049397295,primary,z_projective,256
8,4,0.26000000000000001,0.28000000000000003,187,106,32.709570957095764,-0.11287458379578237,0.0018606982545358191,primary,z_projective,256
8,4,0.26000000000000001,0.29999999999999999,187,27,33.326732673267287,-0.14095860566448812,0.0018958057687723387,primary,z_projective,256
8,4,0.27000000000000002,0.28000000000000003,152,106,6.6468646864686596,-0.1039225422045679,0.00037810980573455157,primary,z_projective,256
8,4,0.27000000000000002,0.29999999999999999,152,27,15.237623762376206,-0.14733593242365189,0.00086679889427826104,primary,z_projective,256
8,4,0.28000000000000003,0.29999999999999999,106,27,4.7227722772277048,-0.16904262753319388,0.00026865696723244299,primary,z_projective,256
8,5,0.23999999999999999,0.25,55,147,3.9710216110019716,-0.10157081014223858,0.0002258933016885842,primary,z_projective,256
8,5,0.23999999999999999,0.26000000000000001,55,156,16.856581532416531,-0.15790209790209775,0.0009588940153311328,primary,z_projective,256
8,5,0.23999999999999999,0.27000000000000002,55,98,23.82612966601183,-0.12138528138528129,0.0013553598101315053,primary,z_projective,256
8,5,0.23999999999999999,0.28000000000000003,55,53,22.907662082514776,-0.10950257289879922,0.0013031123798089757,primary,z_projective,256
8,5,0.25,0.26000000000000001,147,156,11.26326129666014,-0.2142333856619569,0.00064071554660762075,primary,z_projective,256
8,5,0.25,0.27000000000000002,147,98,28.302554027504961,-0.13129251700680264,0.0016100031683986364,primary,z_projective,256
8,5,0.25,0.28000000000000003,147,53,34.439587426326192,-0.11214649381765276,0.0019591109982809939,primary,z_projective,256
8,5,0.26000000000000001,0.27000000000000002,156,98,7.508840864440093,-0.048351648351648333,0.00042714369773841381,primary,z_projective,256
8,5,0.26000000000000001,0.28000000000000003,156,53,16.243614931237751,-0.061103047895500681,0.00092402514204636456,primary,z_projective,256
8,5,0.27000000000000002,0.28000000000000003,98,53,2.5510805500982361,-0.073854447439353016,0.00014511933320599953,primary,z_projective,256
8,6,0.23999999999999999,0.25,95,167,9.6737804878048959,-0.056879924361802704,0.00055029723538811681,primary,z_projective,256
8,6,0.23999999999999999,0.26000000000000001,95,94,21.780487804878085,-0.047525195968645004,0.0012389925778798316,primary,z_projective,256
8,6,0.23999999999999999,0.27000000000000002,95,42,21.896341463414675,-0.088421052631578873,0.0012455829639323841,primary,z_projective,256
8,6,0.23999999999999999,0.28000000000000003,95,12,11.121951219512216,-0.049649122807017512,0.00063267706104502049,primary,z_projective,256
8,6,0.25,0.26000000000000001,167,94,9.5719512195122132,-0.038170467575487303,0.00054450463291034709,primary,z_projective,256
8,6,0.25,0.27000000000000002,167,42,17.107317073170758,-0.10419161676646696,0.00097315721626530091,primary,z_projective,256
8,6,0.25,0.28000000000000003,167,12,10.997560975609776,-0.04723885562208912,0.0006256010675991222,primary,z_projective,256
8,6,0.26000000000000001,0.27000000000000002,94,42,2.4073170731707361,-0.17021276595744664,0.00013694128492356035,primary,z_projective,256
8,6,0.26000000000000001,0.28000000000000003,94,12,2.7512195121951271,-0.051773049645390021,0.00015650432562692613,primary,z_projective,256
8,6,0.27000000000000002,0.28000000000000003,42,12,0.30731707317073226,0.066666666666666582,1.7481866160454511e-05,primary,z_projective,256
8,7,0.22,0.23999999999999999,12,158,5.3559322033898251,-0.046202531645569686,0.00030467454664359433,primary,z_projective,256
8,7,0.22,0.25,12,135,10.296610169491526,-0.04765432098765434,0.00058572717432273341,primary,z_projective,256
8,7,0.22,0.26000000000000001,12,49,6.6440677966101731,-0.10969387755102041,0.00037795070343129482,primary,z_projective,256
8,7,0.23999999999999999,0.25,158,135,15.063559322033926,-0.050557899671823656,0.0008568971624351115,primary,z_projective,256
8,7,0.23999999999999999,0.26000000000000001,158,49,21.870056497175177,-0.17318522345647103,0.0012440877321280134,primary,z_projective,256
8,7,0.25,0.26000000000000001,135,49,4.671610169491534,-0.29581254724111844,0.00026574658835012949,primary,z_projective,256
8,8,0.22,0.23999999999999999,27,165,15.631578947368403,-0.033670033670033704,0.00088920920733439419,primary,z_projective,256
8,8,0.22,0.25,27,72,15.347368421052632,-0.080864197530864212,0.00087304176720104257,primary,z_projective,256
8,8,0.22,0.26000000000000001,27,21,7.9578947368421087,-0.06402116402116402,0.0004526883237338741,primary,z_projective,256
8,8,0.23999999999999999,0.25,165,72,10.421052631578965,-0.1752525252525251,0.00059280613822293112,primary,z_projective,256
8,8,0.23999999999999999,0.26000000000000001,165,21,12.157894736842126,-0.094372294372294302,0.00069160716126008635,primary,z_projective,256
8,8,0.25,0.26000000000000001,72,21,1.3263157894736863,-0.013492063492063501,7.5448053955645778e-05,primary,z_projective,256
8,9,0.22,0.23999999999999999,58,118,28.877637130801652,-0.10841613091759211,0.0016427170223321155,primary,z_projective,256
8,9,0.22,0.25,58,48,26.430379746835445,-0.15325670498084293,0.0015035037153548194,primary,z_projective,256
8,9,0.22,0.26000000000000001,58,13,12.725738396624479,-0.15212201591511934,0.00072390919628195045,primary,z_projective,256
8,9,0.23999999999999999,0.25,118,48,5.974683544303808,-0.24293785310734445,0.00033987248737905938,primary,z_projective,256
8,9,0.23999999999999999,0.26000000000000001,118,13,6.4725738396624575,-0.19582790091264651,0.00036819519466064761,primary,z_projective,256
8,9,0.25,0.26000000000000001,48,13,0.65822784810126689,-0.14871794871794855,3.7443579118031959e-05,primary,z_projective,256
8,10,0.22,0.23999999999999999,83,62,30.999999999999964,-0.11453556160124376,0.0017634485626934618,primary,z_projective,256
8,10,0.22,0.25,83,21,23.625,-0.098374450181679118,0.0013439184610849382,primary,z_projective,256
8,10,0.23999999999999999,0.25,62,21,1.9608433734939794,-0.06605222734254991,0.00011154343318241809,primary,z_projective,256
8,12,0.20000000000000001,0.22,13,138,10.078651685393249,-0.20100334448160545,0.00057332851059660591,primary,z_projective,256
8,12,0.20000000000000001,0.23999999999999999,13,27,7.8876404494381935,-0.20541310541310553,0.00044869187785821324,primary,z_projective,256
8,12,0.22,0.23999999999999999,138,27,20.9325842696629,-0.20982286634460562,0.0011907592143160276,primary,z_projective,256
8,13,0.20000000000000001,0.22,30,139,23.296089385474833,-0.089496402877697889,0.0013252082368772275,primary,z_projective,256
8,13,0.20000000000000001,0.23999999999999999,30,10,6.7039106145251326,-0.060000000000000012,0.00038135488830999358,primary,z_projective,256
8,13,0.22,0.23999999999999999,139,10,7.7653631284916109,-0.030503597122302138,0.00044173607895907585,primary,z_projective,256
10,0,0.26000000000000001,0.27000000000000002,11,20,0.12008733624454171,-0.0018181818181818284,6.8312206612297994e-06,primary,z_projective,256
10,0,0.26000000000000001,0.28000000000000003,11,50,1.2008733624454171,0.037090909090909084,6.8312206612297996e-05,primary,z_projective,256
10,0,0.26000000000000001,0.29999999999999999,11,118,11.336244541484701,0.0070878274268104989,0.00064486723042009102,primary,z_projective,256
10,0,0.26000000000000001,0.34000000000000002,11,259,99.528384279476043,-0.002263952263952262,0.005661715684027251,primary,z_projective,256
10,0,0.27000000000000002,0.28000000000000003,20,50,0.54585152838428042,0.075999999999999998,3.1051003005589997e-05,primary,z_projective,256
10,0,0.27000000000000002,0.29999999999999999,20,118,11.593886462882072,0.010056497175141279,0.00065952330383872899,primary,z_projective,256
10,0,0.27000000000000002,0.34000000000000002,20,259,138.54803493449785,-0.0023276337562051809,0.0078813655828788402,primary,z_projective,256
10,0,0.28000000000000003,0.29999999999999999,50,118,12.882096069868945,-0.022915254237288171,0.00073280367093191969,primary,z_projective,256
10,0,0.28000000000000003,0.34000000000000002,50,259,254.47598253275106,-0.01538223938223939,0.014475977601206029,primary,z_projective,256
10,0,0.29999999999999999,0.34000000000000002,118,259,266.91703056768603,-0.011615731954715009,0.015183692061709461,primary,z_projective,256
10,1,0.26000000000000001,0.27000000000000002,32,99,0.90514285714285869,-0.13345959595959583,5.1489447434220304e-05,primary,z_projective,256
10,1,0.26000000000000001,0.28000000000000003,32,125,4.5714285714285801,-0.015950000000000006,0.000260047714314244,primary,z_projective,256
10,1,0.26000000000000001,0.29999999999999999,32,270,39.497142857142812,-0.036967592592592614,0.0022468122516750614,primary,z_projective,256
10,1,0.26000000000000001,0.34000000000000002,32,349,204.21485714285726,-0.032230479942693409,0.011616851493845892,primary,z_projective,256
10,1,0.27000000000000002,0.28000000000000003,99,125,3.5357142857142918,0.10155959595959582,0.00020113065403992307,primary,z_projective,256
10,1,0.27000000000000002,0.29999999999999999,99,270,68.734285714285576,-0.0048035914702581478,0.0039099799145360901,primary,z_projective,256
10,1,0.27000000000000002,0.34000000000000002,99,349,483.71400000000011,-0.01776917765456448,0.027516282517893755,primary,z_projective,256
10,1,0.28000000000000003,0.29999999999999999,125,270,38.571428571428427,-0.057985185185185278,0.0021941525895264216,primary,z_projective,256
10,1,0.28000000000000003,0.34000000000000002,125,349,448.71428571428567,-0.037657306590257879,0.025525308458157463,primary,z_projective,256
10,1,0.29999999999999999,0.34000000000000002,270,349,430.76571428571509,-0.027493367292794214,0.024504296119831213,primary,z_projective,256
10,2,0.25,0.26000000000000001,40,105,1.0813594232749761,-0.021904761904761851,6.1513603894493215e-05,primary,z_projective,256
10,2,0.25,0.27000000000000002,40,181,7.4562306900103108,-0.048784530386740313,0.00042415094494869604,primary,z_projective,256
10,2,0.25,0.28000000000000003,40,259,24.006179196704476,-0.056036036036035984,0.0013656020064577497,primary,z_projective,256
10,2,0.25,0.29999999999999999,40,238,61.277033985581859,-0.048974789915966398,0.0034857708873546086,primary,z_projective,256
10,2,0.25,0.34000000000000002,40,148,123.46035015447997,-0.05051051051051051,0.0070230960332112735,primary,z_projective,256
10,2,0.26000000000000001,0.27000000000000002,105,181,4.8931513903192672,-0.075664298868718768,0.00027834905762258184,primary,z_projective,256
10,2,0.26000000000000001,0.28000000000000003,105,259,28.007209062821882,-0.073101673101673051,0.0015932023408673744,primary,z_projective,256
10,2,0.26000000000000001,0.29999999999999999,105,238,102.94541709577743,-0.055742296918767545,0.0058560950907557375,primary,z_projective,256
10,2,0.26000000000000001,0.34000000000000002,105,148,256.065911431514,-0.054086229086229086,0.014566421402215974,primary,z_projective,256
10,2,0.27000000000000002,0.28000000000000003,181,259,12.069773429454193,-0.070539047334627333,0.00068659434213570183,primary,z_projective,256
10,2,0.27000000000000002,0.29999999999999999,181,238,99.82028836251267,-0.049101629602117128,0.0056783207755006478,primary,z_projective,256
10,2,0.27000000000000002,0.34000000000000002,181,148,337.95365602471685,-0.051003647688730558,0.019224641579799619,primary,z_projective,256
10,2,0.28000000000000003,0.29999999999999999,259,238,63.483007209062578,-0.038382920735861983,0.0036112586392993617,primary,z_projective,256
10,2,0.28000000000000003,0.34000000000000002,259,148,355.29145211122557,-0.04774774774774776,0.020210909695574656,primary,z_projective,256
10,2,0.29999999999999999,0.34000000000000002,238,148,145.10401647785815,-0.052430161253690627,0.0082543054612557315,primary,z_projective,256
10,3,0.23999999999999999,0.25,11,68,0.23611111111111155,0.0048128342245989343,1.3431283855640206e-05,primary,z_projective,256
10,3,0.23999999999999999,0.26000000000000001,11,154,2.1388888888888924,-0.035064935064935021,0.00012167163022168184,primary,z_projective,256
10,3,0.23999999999999999,0.27000000000000002,11,192,6.0000000000000107,-0.057954545454545391,0.00034131262503744522,primary,z_projective,256
10,3,0.23999999999999999,0.28000000000000003,11,203,11.2777777777778,-0.041603224361845013,0.00064154132298705,primary,z_projective,256
10,3,0.23999999999999999,0.29999999999999999,11,125,15.625000000000002,-0.0641939393939394,0.00088883496103501212,primary,z_projective,256
10,3,0.23999999999999999,0.34000000000000002,11,39,13.541666666666675,-0.071328671328671309,0.0007703236328970109,primary,z_projective,256
10,3,0.25,0.26000000000000001,68,154,3.3055555555555616,-0.074942704354468967,0.00018803797397896289,primary,z_projective,256
10,3,0.25,0.27000000000000002,68,192,16.484848484848513,-0.089338235294117552,0.00093774781828469798,primary,z_projective,256
10,3,0.25,0.28000000000000003,68,203,39.215909090909165,-0.057075243890659662,0.0022308141458413327,primary,z_projective,256
10,3,0.25,0.29999999999999999,68,125,67.077020202020179,-0.077995294117647079,0.0038157056408068685,primary,z_projective,256
10,3,0.25,0.34000000000000002,68,39,67.806818181818215,-0.079788838612368004,0.0038572205181788507,primary,z_projective,256
10,3,0.26000000000000001,0.27000000000000002,154,192,9.3333333333333517,-0.10373376623376614,0.00053093075005824825,primary,z_projective,256
10,3,0.26000000000000001,0.28000000000000003,154,203,39.472222222222292,-0.048141513658755006,0.0022453946304546745,primary,z_projective,256
10,3,0.26000000000000001,0.29999999999999999,154,125,97.222222222222115,-0.078758441558441611,0.0055305286464400688,primary,z_projective,256
10,3,0.26000000000000001,0.34000000000000002,154,39,121.33333333333339,-0.080394605394605384,0.0069020997507572169,primary,z_projective,256
10,3,0.27000000000000002,0.28000000000000003,192,203,12.303030303030324,0.0074507389162561319,0.00069986326144041793,primary,z_projective,256
10,3,0.27000000000000002,0.29999999999999999,192,125,68.181818181818045,-0.070433333333333417,0.0038785525572436813,primary,z_projective,256
10,3,0.27000000000000002,0.34000000000000002,192,39,115.81818181818184,-0.077060439560439564,0.0065883679439046145,primary,z_projective,256
10,3,0.28000000000000003,0.29999999999999999,203,125,32.039141414141284,-0.10937536945812829,0.0018225605766677446,primary,z_projective,256
10,3,0.28000000000000003,0.34000000000000002,203,39,89.965909090909093,-0.091145635973222186,0.0051177500992830478,primary,z_projective,256
10,3,0.29999999999999999,0.34000000000000002,125,39,24.621212121212164,-0.082030769230769157,0.0014005884234491123,primary,z_projective,256
10,4,0.23999999999999999,0.25,40,99,1.5739268680445178,-0.024444444444444359,8.9533518491539686e-05,primary,z_projective,256
10,4,0.23999999999999999,0.26000000000000001,40,175,11.128775834658208,-0.056285714285714251,0.00063306528226341201,primary,z_projective,256
10,4,0.23999999999999999,0.27000000000000002,40,169,24.181240063593052,-0.085641025641025562,0.0013755604204609281,primary,z_projective,256
10,4,0.23999999999999999,0.28000000000000003,40,103,26.200317965023896,-0.093058252427184393,0.0014904165502430042,primary,z_projective,256
10,4,0.23999999999999999,0.29999999999999999,40,43,24.610492845786965,-0.074186046511627912,0.0013999786527767999,primary,z_projective,256
10,4,0.25,0.26000000000000001,99,175,6.8859300476947656,-0.088126984126984137,0.00039170914340048611,primary,z_projective,256
10,4,0.25,0.27000000000000002,99,169,26.599364069952355,-0.11623931623931619,0.0015131164625070209,primary,z_projective,256
10,4,0.25,0.28000000000000003,99,103,36.475755166931705,-0.11592952175476441,0.0020749392910414323,primary,z_projective,256
10,4,0.25,0.29999999999999999,99,43,42.29928457869633,-0.084134366925064638,0.0024062133094601241,primary,z_projective,256
10,4,0.26000000000000001,0.27000000000000002,175,169,11.754769475357731,-0.14435164835164821,0.00066867520439072882,primary,z_projective,256
10,4,0.26000000000000001,0.28000000000000003,175,103,28.656597774244883,-0.12983079056865454,0.0016301431018282857,primary,z_projective,256
10,4,0.26000000000000001,0.29999999999999999,175,43,47.85373608903015,-0.08313621262458476,0.0027221807137326631,primary,z_projective,256
10,4,0.27000000000000002,0.28000000000000003,169,103,6.9185214626391218,-0.11530993278566083,0.00039356312029854325,primary,z_projective,256
10,4,0.27000000000000002,0.29999999999999999,169,43,25.994833068362428,-0.062731067382230249,0.001478727451995492,primary,z_projective,256
10,4,0.28000000000000003,0.29999999999999999,103,43,7.0413354531001326,-0.036441634680514867,0.00040054944787780515,primary,z_projective,256
10,5,0.23999999999999999,0.25,64,167,5.3440000000000092,-0.14090568862275435,0.00030399577803335122,primary,z_projective,256
10,5,0.23999999999999999,0.26000000000000001,64,137,17.53600000000003,-0.096966240875912338,0.00099754303210943993,primary,z_projective,256
10,5,0.23999999999999999,0.27000000000000002,64,88,25.344000000000044,-0.11079545454545445,0.0014417045281581685,primary,z_projective,256
10,5,0.23999999999999999,0.28000000000000003,64,44,22.528000000000041,-0.095596590909090839,0.0012815151361405945,primary,z_projective,256
10,5,0.25,0.26000000000000001,167,137,11.439500000000022,-0.053026793129070306,0.00065074096235264258,primary,z_projective,256
10,5,0.25,0.27000000000000002,167,88,29.392000000000049,-0.095740337506804496,0.0016719767791834315,primary,z_projective,256
10,5,0.25,0.28000000000000003,167,44,33.066000000000059,-0.08049355833786967,0.0018809738765813606,primary,z_projective,256
10,5,0.26000000000000001,0.27000000000000002,137,88,6.0280000000000102,-0.13845388188453872,0.00034290541728761994,primary,z_projective,256
10,5,0.26000000000000001,0.28000000000000003,137,44,12.05600000000002,-0.094226940942269341,0.00068581083457523988,primary,z_projective,256
10,5,0.27000000000000002,0.28000000000000003,88,44,1.9360000000000035,-0.049999999999999982,0.00011013020701208233,primary,z_projective,256
10,6,0.23999999999999999,0.25,108,151,10.066666666666684,0.022173166544027491,0.00057264673756282473,primary,z_projective,256
10,6,0.23999999999999999,0.26000000000000001,108,105,28.00000000000005,-0.10370370370370362,0.0015927922501747444,primary,z_projective,256
10,6,0.23999999999999999,0.27000000000000002,108,28,16.800000000000029,-0.12310405643738966,0.0009556753501048466,primary,z_projective,256
10,6,0.23999999999999999,0.28000000000000003,108,13,13.866666666666692,-0.13133903133903124,0.00078881140008654012,primary,z_projective,256
10,6,0.25,0.26000000000000001,151,105,9.7870370370370541,-0.22958057395143475,0.00055673988374163521,primary,z_projective,256
10,6,0.25,0.27000000000000002,151,28,10.439506172839524,-0.19574266792809825,0.00059385587599107754,primary,z_projective,256
10,6,0.25,0.28000000000000003,151,13,10.905555555555575,-0.18250976396671745,0.00062036729902639352,primary,z_projective,256
10,6,0.26000000000000001,0.27000000000000002,105,28,1.814814814814818,-0.16190476190476175,0.00010323653473354825,primary,z_projective,256
10,6,0.26000000000000001,0.28000000000000003,105,13,3.3703703703703765,-0.15897435897435885,0.0001917249930765896,primary,z_projective,256
10,6,0.27000000000000002,0.28000000000000003,28,13,0.22469135802469176,-0.15604395604395596,1.2781666205105974e-05,primary,z_projective,256
10,7,0.22,0.23999999999999999,19,152,7.742627345844495,-0.12631578947368424,0.00044044274401614788,primary,z_projective,256
10,7,0.22,0.25,19,126,14.441018766756034,-0.11924255082149815,0.00082148367058275059,primary,z_projective,256
10,7,0.22,0.26000000000000001,19,57,11.613941018766759,-0.14210526315789468,0.00066066411602422272,primary,z_projective,256
10,7,0.22,0.27000000000000002,19,19,6.0489276139410233,-0.1178947368421052,0.00034409589376261615,primary,z_projective,256
10,7,0.23999999999999999,0.25,152,126,12.836461126005384,-0.10509607351712606,0.00073020770718466833,primary,z_projective,256
10,7,0.23999999999999999,0.26000000000000001,152,57,23.227882037533554,-0.15789473684210514,0.0013213282320484476,primary,z_projective,256
10,7,0.23999999999999999,0.27000000000000002,152,19,17.420911528150164,-0.11228070175438588,0.00099099617403633554,primary,z_projective,256
10,7,0.25,0.26000000000000001,126,57,4.81367292225202,-0.21069340016708418,0.00027382789019425065,primary,z_projective,256
10,7,0.25,0.27000000000000002,126,19,6.4182305630026919,-0.11587301587301579,0.00036510385359233416,primary,z_projective,256
10,7,0.26000000000000001,0.27000000000000002,57,19,0.72587131367292357,-0.021052631578947364,4.1291507251513988e-05,primary,z_projective,256
10,8,0.22,0.23999999999999999,29,133,15.185039370078723,-0.076432460461498625,0.00086380760811641895,primary,z_projective,256
10,8,0.22,0.25,29,76,19.523622047244096,-0.092558983666061703,0.0011106097818639686,primary,z_projective,256
10,8,0.22,0.26000000000000001,29,16,7.3070866141732322,-0.049353448275862057,0.00041566681894323986,primary,z_projective,256
10,8,0.23999999999999999,0.25,133,76,9.9488188976378122,-0.12481203007518787,0.00056594291566248295,primary,z_projective,256
10,8,0.23999999999999999,0.26000000000000001,133,16,8.3779527559055254,-0.022274436090225537,0.00047658350792630137,primary,z_projective,256
10,8,0.25,0.26000000000000001,76,16,1.1968503937007897,0.0802631578947368,6.8083358275185932e-05,primary,z_projective,256
10,9,0.22,0.23999999999999999,51,127,30.408450704225316,-0.10328855951829558,0.0017297980221968124,primary,z_projective,256
10,9,0.22,0.25,51,35,18.855633802816904,-0.083137254901960778,0.0010726109783307019,primary,z_projective,256
10,9,0.23999999999999999,0.25,127,35,5.2171361502347509,-0.042834645669291287,0.00029677907243572848,primary,z_projective,256
10,10,0.22,0.23999999999999999,88,81,37.319371727748646,-0.14082491582491594,0.0021229287881910142,primary,z_projective,256
10,10,0.22,0.25,88,22,22.806282722513089,-0.04090909090909093,0.0012973453705611769,primary,z_projective,256
10,10,0.23999999999999999,0.25,81,22,2.3324607329842975,0.15892255892255874,0.0001326830492619388,primary,z_projective,256
10,12,0.20000000000000001,0.22,21,122,15.913043478260851,-0.059016393442622973,0.00090522044031669997,primary,z_projective,256
10,12,0.20000000000000001,0.23999999999999999,21,18,9.3913043478260771,-0.10000000000000006,0.00053422845658034751,primary,z_projective,256
10,12,0.22,0.23999999999999999,122,18,13.639751552795017,-0.14098360655737716,0.00077590323455717142,primary,z_projective,256
6,0,0.22,0.23999999999999999,10,19,0.59561128526645701,-0.021052952821513603,2.7096815180919243e-05,replication,random_pauli,32
6,0,0.22,0.25,10,25,1.7633228840125392,-0.0533341471478345,8.0220834417195225e-05,replication,random_pauli,32
6,0,0.22,0.26000000000000001,10,35,4.3887147335423213,-0.057143729086965508,0.00019966074343835262,replication,random_pauli,32
6,0,0.22,0.27000000000000002,10,33,6.4655172413793149,-0.021818514742295916,0.00029414305952971603,replication,random_pauli,32
6,0,0.22,0.28000000000000003,10,55,15.517241379310358,-0.031515632405538549,0.00070594334287131847,replication,random_pauli,32
6,0,0.22,0.29999999999999999,10,53,26.583072100313466,-0.028302318651563109,0.0012093736459694491,replication,random_pauli,32
6,0,0.22,0.34000000000000002,10,89,100.43887147335427,-0.017603264859186941,0.0045693787284034415,replication,random_pauli,32
6,0,0.23999999999999999,0.25,19,25,0.37225705329153674,-0.11789653580047621,1.6935509488074579e-05,replication,random_pauli,32
6,0,0.23999999999999999,0.26000000000000001,19,35,2.0846394984326055,-0.093234505352417368,9.4838853133217624e-05,replication,random_pauli,32
6,0,0.23999999999999999,0.27000000000000002,19,33,4.4224137931034555,-0.022328889356150794,0.00020119385271832595,replication,random_pauli,32
6,0,0.23999999999999999,0.28000000000000003,19,55,13.103448275862094,-0.036746972197551013,0.00059612993398022523,replication,random_pauli,32
6,0,0.23999999999999999,0.29999999999999999,19,53,28.410658307210031,-0.030718773928246273,0.0012925180841298495,replication,random_pauli,32
6,0,0.23999999999999999,0.34000000000000002,19,89,132.52351097178692,-0.016913327266721605,0.0060290413777545427,replication,random_pauli,32
6,0,0.25,0.26000000000000001,25,35,0.68573667711598862,-0.068572474904358527,3.1196991162242637e-05,replication,random_pauli,32
6,0,0.25,0.27000000000000002,25,33,2.5862068965517286,0.025454933866011917,0.00011765722381188652,replication,random_pauli,32
6,0,0.25,0.28000000000000003,25,55,9.698275862068984,-0.0096971176632426152,0.00044121458929457456,replication,random_pauli,32
6,0,0.25,0.29999999999999999,25,53,25.960031347962374,-0.013283221553800264,0.0011810289511420403,replication,random_pauli,32
6,0,0.25,0.34000000000000002,25,89,141.24216300940444,-0.0056929707629710877,0.0064256888368173391,replication,random_pauli,32
6,0,0.26000000000000001,0.27000000000000002,35,33,0.90517241379310498,0.11948234263638235,4.1180028334160283e-05,replication,random_pauli,32
6,0,0.26000000000000001,0.28000000000000003,35,55,6.0344827586207002,0.019740560957315339,0.00027453352222773521,replication,random_pauli,32
6,0,0.26000000000000001,0.29999999999999999,35,53,23.260188087774267,0.00053909178383931865,0.0010582019402232672,replication,random_pauli,32
6,0,0.26000000000000001,0.34000000000000002,35,89,156.23824451410664,0.0021669672547023479,0.0071079224664053536,replication,random_pauli,32
6,0,0.27000000000000002,0.28000000000000003,33,55,1.4224137931034508,-0.080001220721751684,6.4711473096537597e-05,replication,random_pauli,32
6,0,0.27000000000000002,0.29999999999999999,33,53,12.336206896551698,-0.039108658500341772,0.00056122495758269655,replication,random_pauli,32
6,0,0.27000000000000002,0.34000000000000002,33,89,112.78448275862074,-0.014592372085537667,0.0051310315304363644,replication,random_pauli,32
6,0,0.28000000000000003,0.29999999999999999,55,53,9.1379310344827225,-0.018662377389636754,0.00041572219080199669,replication,random_pauli,32
6,0,0.28000000000000003,0.34000000000000002,55,89,138.10344827586206,-0.0036908973128353209,0.0062828957515547292,replication,random_pauli,32
6,0,0.29999999999999999,0.34000000000000002,53,89,59.147335423197589,0.0037948427255653748,0.00269085636228203,replication,random_pauli,32
6,1,0.20000000000000001,0.22,21,23,0.65983606557376984,0.073293043828934076,3.0018665463262114e-05,replication,random_pauli,32
6,1,0.20000000000000001,0.23999999999999999,21,61,6.9999999999999929,-0.010538802495546928,0.00031845888578417201,replication,random_pauli,32
6,1,0.20000000000000001,0.25,21,74,13.268442622950813,0.0030888502209170505,0.00060363620768516242,replication,random_pauli,32
6,1,0.20000000000000001,0.26000000000000001,21,88,22.721311475409834,-0.0076840999340427041,0.001033686219430592,replication,random_pauli,32
6,1,0.20000000000000001,0.27000000000000002,21,91,31.980532786885252,-0.013187014404684352,0.0014549264054422384,replication,random_pauli,32
6,1,0.20000000000000001,0.28000000000000003,21,94,43.147540983606575,-0.013222086251505314,0.0019629596894237514,replication,random_pauli,32
6,1,0.20000000000000001,0.29999999999999999,21,127,91.086065573770455,-0.023712397817977036,0.0041438809932981425,replication,random_pauli,32
6,1,0.20000000000000001,0.34000000000000002,21,153,215.07786885245906,-0.018621065780906599,0.0097847797816554925,replication,random_pauli,32
6,1,0.22,0.23999999999999999,23,61,1.9166666666666645,-0.094370648820027936,8.7197075869475658e-05,replication,random_pauli,32
6,1,0.22,0.25,23,74,5.2315573770491799,-0.043713945517760942,0.00023800513331586411,replication,random_pauli,32
6,1,0.22,0.26000000000000001,23,88,11.06010928961749,-0.04817267181553106,0.00050317001157467985,replication,random_pauli,32
6,1,0.22,0.27000000000000002,23,91,17.870560109289631,-0.047779037698131695,0.00081300552296335036,replication,random_pauli,32
6,1,0.22,0.28000000000000003,23,94,26.581967213114773,-0.042060462944985083,0.0012093233800914186,replication,random_pauli,32
6,1,0.22,0.29999999999999999,23,127,63.846994535519094,-0.047963758229704813,0.0029046632486356499,replication,random_pauli,32
6,1,0.22,0.34000000000000002,23,153,173.06557377049185,-0.033940084049213372,0.007873467112935616,replication,random_pauli,32
6,1,0.23999999999999999,0.25,61,74,1.5416666666666694,0.057599461086772892,7.0136778416752355e-05,replication,random_pauli,32
6,1,0.23999999999999999,0.26000000000000001,61,88,7.3333333333333455,-0.0019746948110342648,0.00033362359463103822,replication,random_pauli,32
6,1,0.23999999999999999,0.27000000000000002,61,91,17.062500000000028,-0.01671796361686758,0.00077624353409892126,replication,random_pauli,32
6,1,0.23999999999999999,0.28000000000000003,61,94,31.333333333333389,-0.015905370007463698,0.0014254826316053453,replication,random_pauli,32
6,1,0.23999999999999999,0.29999999999999999,61,127,95.25,-0.032494794699597103,0.0043333155529917729,replication,random_pauli,32
6,1,0.23999999999999999,0.34000000000000002,61,153,318.75000000000023,-0.021853971095050464,0.014501252834814999,replication,random_pauli,32
6,1,0.25,0.26000000000000001,74,88,2.2240437158469981,-0.061548850708841418,0.00010118092624056076,replication,random_pauli,32
6,1,0.25,0.27000000000000002,74,91,9.1994535519125868,-0.053876675968687816,0.00041852110399504699,replication,random_pauli,32
6,1,0.25,0.28000000000000003,74,94,21.381147540983644,-0.040406980372209224,0.00097271663181266381,replication,random_pauli,32
6,1,0.25,0.29999999999999999,74,127,80.242486338797789,-0.050513645856871126,0.0036505618274293161,replication,random_pauli,32
6,1,0.25,0.34000000000000002,74,153,313.21106557377061,-0.030682130226364179,0.014249263851128046,replication,random_pauli,32
6,1,0.26000000000000001,0.27000000000000002,88,91,2.7349726775956329,-0.046204501228534214,0.00012442519307960851,replication,random_pauli,32
6,1,0.26000000000000001,0.28000000000000003,88,94,11.300546448087452,-0.02983604520389313,0.00051410849008717374,replication,random_pauli,32
6,1,0.26000000000000001,0.29999999999999999,88,127,61.071038251366048,-0.047754844643878552,0.0027783735421732284,replication,random_pauli,32
6,1,0.26000000000000001,0.34000000000000002,88,153,294.29508196721321,-0.026823790166054517,0.013388697699291482,replication,random_pauli,32
6,1,0.27000000000000002,0.28000000000000003,91,94,2.9214480874316995,-0.013467589179252048,0.00013290872897140003,replication,random_pauli,32
6,1,0.27000000000000002,0.29999999999999999,91,127,35.523565573770419,-0.048271625782326667,0.0016161135873862728,replication,random_pauli,32
6,1,0.27000000000000002,0.34000000000000002,91,153,233.00102459016398,-0.024055117157128846,0.01060017809679345,replication,random_pauli,32
6,1,0.28000000000000003,0.29999999999999999,94,127,16.308743169398841,-0.065673644083864016,0.00074195202546671233,replication,random_pauli,32
6,1,0.28000000000000003,0.34000000000000002,94,153,176.82786885245901,-0.025819705153441647,0.0080446294414776923,replication,random_pauli,32
6,1,0.29999999999999999,0.34000000000000002,127,153,106.18032786885266,-0.0058927356882305191,0.0048305812721875594,replication,random_pauli,32
6,2,0.20000000000000001,0.22,56,96,6.8923076923076856,-0.048512645006121818,0.00031355951831056936,replication,random_pauli,32
6,2,0.20000000000000001,0.23999999999999999,56,93,26.70769230769228,-0.056145249949693318,0.0012150431334534563,replication,random_pauli,32
6,2,0.20000000000000001,0.25,56,106,47.564102564102548,-0.061025189930608494,0.0021638873008411699,replication,random_pauli,32
6,2,0.20000000000000001,0.26000000000000001,56,87,56.215384615384622,-0.056760581478144889,0.0025574698212205839,replication,random_pauli,32
6,2,0.20000000000000001,0.27000000000000002,56,106,93.225641025641039,-0.052214889920434812,0.0042412191096486956,replication,random_pauli,32
6,2,0.20000000000000001,0.28000000000000003,56,100,114.87179487179493,-0.049857903628377415,0.0052259919718428303,replication,random_pauli,32
6,2,0.20000000000000001,0.29999999999999999,56,88,157.9487179487179,-0.03928631374728881,0.0071857389612838855,replication,random_pauli,32
6,2,0.20000000000000001,0.34000000000000002,56,48,168.86153846153852,-0.046514315194300812,0.0076822081986089594,replication,random_pauli,32
6,2,0.22,0.23999999999999999,96,93,11.446153846153832,-0.063777854893264832,0.00052073277148005257,replication,random_pauli,32
6,2,0.22,0.25,96,106,29.353846153846156,-0.069366886546932946,0.0013354275913762656,replication,random_pauli,32
6,2,0.22,0.26000000000000001,96,87,42.830769230769242,-0.060884549714156425,0.0019485484352156834,replication,random_pauli,32
6,2,0.22,0.27000000000000002,96,106,81.538461538461604,-0.053695787886160008,0.003709521087156296,replication,random_pauli,32
6,2,0.22,0.28000000000000003,96,100,110.76923076923087,-0.050306323169129287,0.0050393494014198742,replication,random_pauli,32
6,2,0.22,0.29999999999999999,96,88,173.29230769230765,-0.036979730932580564,0.0078837821746657495,replication,random_pauli,32
6,2,0.22,0.34000000000000002,96,48,212.67692307692317,-0.046181260225663982,0.0096755508507261542,replication,random_pauli,32
6,2,0.23999999999999999,0.25,93,106,3.1596153846153898,-0.080544949854269174,0.00014374394212730658,replication,random_pauli,32
6,2,0.23999999999999999,0.26000000000000001,93,87,10.37307692307694,-0.057991244535048038,0.00047191407415379897,replication,random_pauli,32
6,2,0.23999999999999999,0.27000000000000002,93,106,28.436538461538511,-0.046974409881423478,0.0012936954791457594,replication,random_pauli,32
6,2,0.23999999999999999,0.28000000000000003,93,100,47.692307692307779,-0.043570557307061532,0.0021697198811668921,replication,random_pauli,32
6,2,0.23999999999999999,0.29999999999999999,93,88,94.430769230769243,-0.028047022945685816,0.004296045364710439,replication,random_pauli,32
6,2,0.23999999999999999,0.34000000000000002,93,48,143.07692307692318,-0.042661941292143811,0.006509159643500669,replication,random_pauli,32
6,2,0.25,0.26000000000000001,106,87,2.9557692307692363,-0.035437539215826895,0.00013447013940941587,replication,random_pauli,32
6,2,0.25,0.27000000000000002,106,106,14.40512820512823,-0.030189139895000633,0.0006553487253976129,replication,random_pauli,32
6,2,0.25,0.28000000000000003,106,100,30.57692307692313,-0.031245759791325656,0.0013910704076836122,replication,random_pauli,32
6,2,0.25,0.29999999999999999,106,88,74.743589743589723,-0.017547437563969134,0.0034003943298932674,replication,random_pauli,32
6,2,0.25,0.34000000000000002,106,48,132.09230769230774,-0.038452718118574328,0.006009424161193197,replication,random_pauli,32
6,2,0.26000000000000001,0.27000000000000002,87,106,2.9557692307692363,-0.024940740574174371,0.00013447013940941587,replication,random_pauli,32
6,2,0.26000000000000001,0.28000000000000003,87,100,11.153846153846175,-0.029149870079075036,0.00050743448833741832,replication,random_pauli,32
6,2,0.26000000000000001,0.29999999999999999,87,88,39.261538461538422,-0.013074912151004689,0.0017861693989477075,replication,random_pauli,32
6,2,0.26000000000000001,0.34000000000000002,87,48,85.661538461538484,-0.038829615481417758,0.0038970968704313668,replication,random_pauli,32
6,2,0.27000000000000002,0.28000000000000003,106,100,3.3974358974359036,-0.033358999583975701,0.00015456337863151249,replication,random_pauli,32
6,2,0.27000000000000002,0.29999999999999999,106,88,26.907692307692255,-0.0091196360099481209,0.0012241419587615742,replication,random_pauli,32
6,2,0.27000000000000002,0.34000000000000002,106,48,79.907692307692329,-0.040813740468166812,0.0036353306654131681,replication,random_pauli,32
6,2,0.28000000000000003,0.29999999999999999,100,88,11.28205128205124,0.0030000457770657019,0.00051326706866313299,replication,random_pauli,32
6,2,0.28000000000000003,0.34000000000000002,100,48,55.384615384615387,-0.042056197282198671,0.0025196747007099349,replication,random_pauli,32
6,2,0.29999999999999999,0.34000000000000002,88,48,21.661538461538498,-0.064584318811830799,0.00098547277183322064,replication,random_pauli,32
6,3,0.20000000000000001,0.22,87,92,16.104627766599577,-0.12981207572760514,0.00073266597350287778,replication,random_pauli,32
6,3,0.20000000000000001,0.23999999999999999,87,83,58.116700201207173,-0.042446292326576866,0.0026439685130756028,replication,random_pauli,32
6,3,0.20000000000000001,0.25,87,63,68.926056338028147,-0.061434982305756836,0.0031357307289865046,replication,random_pauli,32
6,3,0.20000000000000001,0.26000000000000001,87,60,94.527162977867206,-0.062836207846586625,0.0043004307140386364,replication,random_pauli,32
6,3,0.20000000000000001,0.27000000000000002,87,48,102.92957746478876,-0.061002572861516356,0.0046826912219531834,replication,random_pauli,32
6,3,0.20000000000000001,0.28000000000000003,87,39,109.23138832997994,-0.06892236024823771,0.0049693866028890929,replication,random_pauli,32
6,3,0.20000000000000001,0.29999999999999999,87,25,109.40643863179069,-0.055301993266737369,0.0049773503634706409,replication,random_pauli,32
6,3,0.22,0.23999999999999999,92,83,15.364185110663966,0.044919491074451402,0.0006989801816176881,replication,random_pauli,32
6,3,0.22,0.25,92,63,26.239436619718308,-0.015850253357857998,0.0011937402499314145,replication,random_pauli,32
6,3,0.22,0.26000000000000001,92,60,44.426559356136835,-0.029348273906077402,0.0020211475131113902,replication,random_pauli,32
6,3,0.22,0.27000000000000002,92,48,55.533199195171065,-0.033478771715080881,0.0025264343913892389,replication,random_pauli,32
6,3,0.22,0.28000000000000003,92,39,64.973843058350155,-0.048625788421781918,0.0029559282379254099,replication,random_pauli,32
6,3,0.22,0.29999999999999999,92,25,74.044265593561335,-0.036674472651520434,0.0033685791885189813,replication,random_pauli,32
6,3,0.23999999999999999,0.25,83,63,2.6302816901408494,-0.13738974222247663,0.00011966236804868064,replication,random_pauli,32
6,3,0.23999999999999999,0.26000000000000001,83,60,10.020120724346095,-0.10361603888660609,0.0004558566401854501,replication,random_pauli,32
6,3,0.23999999999999999,0.27000000000000002,83,48,18.036217303822969,-0.085744280241435655,0.00082054195233381016,replication,random_pauli,32
6,3,0.23999999999999999,0.28000000000000003,83,39,26.052313883299849,-0.095398428169898519,0.0011852272644821704,replication,random_pauli,32
6,3,0.23999999999999999,0.29999999999999999,83,25,37.575452716297782,-0.063872460560177702,0.0017094624006954346,replication,random_pauli,32
6,3,0.25,0.26000000000000001,63,60,1.9014084507042288,-0.069842335550735588,8.6502916661696858e-05,replication,random_pauli,32
6,3,0.25,0.27000000000000002,63,48,6.0845070422535317,-0.059921549250915182,0.00027680933331742996,replication,random_pauli,32
6,3,0.25,0.28000000000000003,63,39,11.123239436619738,-0.081401323485705807,0.0005060420624709266,replication,random_pauli,32
6,3,0.25,0.29999999999999999,63,25,19.806338028169009,-0.049169004227717895,0.00090107204855934041,replication,random_pauli,32
6,3,0.26000000000000001,0.27000000000000002,60,48,1.4486921529175076,-0.05000076295109479,6.5906984123197609e-05,replication,random_pauli,32
6,3,0.26000000000000001,0.28000000000000003,60,39,4.7082494969819004,-0.087180817453190923,0.00021419769840039224,replication,random_pauli,32
6,3,0.26000000000000001,0.29999999999999999,60,25,12.07243460764586,-0.044000671396963481,0.00054922486769331169,replication,random_pauli,32
6,3,0.27000000000000002,0.28000000000000003,48,39,0.94164989939638,-0.12436087195528706,4.2839539680078446e-05,replication,random_pauli,32
6,3,0.27000000000000002,0.29999999999999999,48,25,5.4325955734406328,-0.0420006408789197,0.00024715119046199007,replication,random_pauli,32
6,3,0.28000000000000003,0.29999999999999999,39,25,1.9617706237424473,-0.00082052534073590185,8.9249041000162926e-05,replication,random_pauli,32
6,4,0.20000000000000001,0.22,78,54,17.404958677685929,-0.094303433258190322,0.00079182339251648891,replication,random_pauli,32
6,4,0.20000000000000001,0.23999999999999999,78,30,38.677685950413178,-0.10641188012668909,0.001759607538925531,replication,random_pauli,32
6,4,0.20000000000000001,0.25,78,25,50.361570247933862,-0.050462308455258793,0.0022911556496426201,replication,random_pauli,32
6,4,0.20000000000000001,0.26000000000000001,78,27,78.322314049586765,-0.040076584929462533,0.0035632052663242039,replication,random_pauli,32
6,4,0.20000000000000001,0.27000000000000002,78,18,71.070247933884318,-0.057632137027879768,0.0032332788527756678,replication,random_pauli,32
6,4,0.20000000000000001,0.28000000000000003,78,10,51.570247933884325,-0.036539019079646233,0.0023461433852340454,replication,random_pauli,32
6,4,0.22,0.23999999999999999,54,30,6.6942148760330511,-0.11852032699518784,0.00030454745866018807,replication,random_pauli,32
6,4,0.22,0.25,54,25,12.551652892561984,-0.021234891919971136,0.00057102648498785324,replication,random_pauli,32
6,4,0.22,0.26000000000000001,54,27,24.099173553719023,-0.012963160765098659,0.001096370851176679,replication,random_pauli,32
6,4,0.22,0.27000000000000002,54,18,25.103305785123986,-0.042963618535755553,0.0011420529699757073,replication,random_pauli,32
6,4,0.22,0.28000000000000003,54,10,20.082644628099192,-0.017284214353464881,0.00091364237598056601,replication,random_pauli,32
6,4,0.23999999999999999,0.25,30,25,0.77479338842975343,0.17333597823046198,3.5248548456040388e-05,replication,random_pauli,32
6,4,0.23999999999999999,0.26000000000000001,30,27,3.3471074380165353,0.092594005464990373,0.0001522737293300945,replication,random_pauli,32
6,4,0.23999999999999999,0.27000000000000002,30,18,5.0206611570248025,0.0074075204371992342,0.00022841059399514172,replication,random_pauli,32
6,4,0.23999999999999999,0.28000000000000003,30,10,4.9586776859504225,0.033333841967396527,0.0002255907101186585,replication,random_pauli,32
6,4,0.25,0.26000000000000001,25,27,0.69731404958677823,0.01185203269951875,3.1723693610436354e-05,replication,random_pauli,32
6,4,0.25,0.27000000000000002,25,18,1.8595041322314081,-0.075556708459432145,8.4596516294496916e-05,replication,random_pauli,32
6,4,0.25,0.28000000000000003,25,10,2.3243801652892602,-0.013333536786958632,0.00010574564536812115,replication,random_pauli,32
6,4,0.26000000000000001,0.27000000000000002,27,18,0.50206611570248028,-0.16296544961838305,2.2841059399514171e-05,replication,random_pauli,32
6,4,0.26000000000000001,0.28000000000000003,27,10,1.1157024793388448,-0.025926321530197322,5.0757909776698152e-05,replication,random_pauli,32
6,4,0.27000000000000002,0.28000000000000003,18,10,0.18595041322314082,0.1111128065579884,8.4596516294496926e-06,replication,random_pauli,32
6,5,0.20000000000000001,0.22,34,20,10.303030303030292,-0.14000213626306565,0.0004687273643576557,replication,random_pauli,32
6,5,0.20000000000000001,0.23999999999999999,34,12,24.727272727272698,-9.3879152817568405e-18,0.0011249456744583735,replication,random_pauli,32
6,5,0.22,0.23999999999999999,20,12,3.6363636363636318,0.14000213626306562,0.00016543318742034906,replication,random_pauli,32
8,0,0.23999999999999999,0.25,13,22,0.22000000000000039,-0.19300993810492534,1.0008707838931147e-05,replication,random_pauli,32
8,0,0.23999999999999999,0.26000000000000001,13,41,1.640000000000003,-0.061914640802481324,7.4610367526577645e-05,replication,random_pauli,32
8,0,0.23999999999999999,0.27000000000000002,13,37,3.3300000000000058,-0.05516369689406992,0.00015149544138018509,replication,random_pauli,32
8,0,0.23999999999999999,0.28000000000000003,13,45,7.2000000000000126,-0.026838016353237213,0.00032755771109229211,replication,random_pauli,32
8,0,0.23999999999999999,0.29999999999999999,13,60,21.599999999999998,-0.026410659404937271,0.00098267313327687444,replication,random_pauli,32
8,0,0.23999999999999999,0.34000000000000002,13,107,107.00000000000009,-0.016650146224979959,0.004867871539843781,replication,random_pauli,32
8,0,0.25,0.26000000000000001,22,41,0.69384615384615522,0.069180656499962689,3.1565924722782858e-05,replication,random_pauli,32
8,0,0.25,0.27000000000000002,22,37,2.5046153846153891,0.013759423711357787,0.00011394528924321614,replication,random_pauli,32
8,0,0.25,0.28000000000000003,22,45,6.8538461538461659,0.028552624230658828,0.00031180974421285499,replication,random_pauli,32
8,0,0.25,0.29999999999999999,22,60,25.384615384615373,0.0069091963350603755,0.0011548509044920529,replication,random_pauli,32
8,0,0.25,0.34000000000000002,22,107,146.67230769230775,0.0029453862061250922,0.0066727285261550875,replication,random_pauli,32
8,0,0.26000000000000001,0.27000000000000002,41,37,1.1669230769230792,-0.041661809077247113,5.3088146124680258e-05,replication,random_pauli,32
8,0,0.26000000000000001,0.28000000000000003,41,45,5.6769230769230878,0.0082386080960068983,0.00025826665682276881,replication,random_pauli,32
8,0,0.26000000000000001,0.29999999999999999,41,60,30.27692307692304,-0.0086586687061652231,0.0013774221697214293,replication,random_pauli,32
8,0,0.26000000000000001,0.34000000000000002,41,107,215.97538461538474,-0.0053340225806046129,0.0098256114773462126,replication,random_pauli,32
8,0,0.27000000000000002,0.28000000000000003,37,45,1.2807692307692329,0.058139025269260909,5.8267477453917334e-05,replication,random_pauli,32
8,0,0.27000000000000002,0.29999999999999999,37,60,15.369230769230736,0.0023423780841954275,0.00069920972944700541,replication,random_pauli,32
8,0,0.27000000000000002,0.34000000000000002,37,107,149.22384615384621,-0.00014433879536996611,0.0067888085397975161,replication,random_pauli,32
8,0,0.28000000000000003,0.29999999999999999,45,60,8.3076923076922764,-0.02555594550833739,0.00037795120510648877,replication,random_pauli,32
8,0,0.28000000000000003,0.34000000000000002,45,107,133.33846153846156,-0.0098582328061417868,0.0060661168419591689,replication,random_pauli,32
8,0,0.29999999999999999,0.34000000000000002,60,107,79.015384615384761,-0.0020093764550440079,0.0035947359063461803,replication,random_pauli,32
8,1,0.20000000000000001,0.22,19,41,1.003865979381442,0.083698324631871254,4.5670005895778699e-05,replication,random_pauli,32
8,1,0.20000000000000001,0.23999999999999999,19,75,7.3453608247422588,0.014596713956249447,0.00033417077484716127,replication,random_pauli,32
8,1,0.20000000000000001,0.25,19,83,12.701353092783501,0.010957681468546844,0.00057783696483988353,replication,random_pauli,32
8,1,0.20000000000000001,0.26000000000000001,19,88,19.391752577319586,0.017145397184187228,0.00088221084559650669,replication,random_pauli,32
8,1,0.20000000000000001,0.27000000000000002,19,92,27.594072164948461,0.017293496960529047,0.0012553682108425042,replication,random_pauli,32
8,1,0.20000000000000001,0.28000000000000003,19,113,44.268041237113415,0.0013041652190318232,0.0020139358697455617,replication,random_pauli,32
8,1,0.20000000000000001,0.29999999999999999,19,128,78.350515463917503,-0.0047698096236241782,0.0035644882650363902,replication,random_pauli,32
8,1,0.20000000000000001,0.34000000000000002,19,137,164.36469072164954,-0.0085067979336147272,0.0074776280384966564,replication,random_pauli,32
8,1,0.22,0.23999999999999999,41,75,3.9626288659793771,-0.054504896719372364,0.00018027633906228437,replication,random_pauli,32
8,1,0.22,0.25,41,83,9.8669458762886606,-0.037536080640336068,0.00044888808426508866,replication,random_pauli,32
8,1,0.22,0.26000000000000001,41,88,18.597938144329905,-0.016131066539654761,0.00084609695133232266,replication,random_pauli,32
8,1,0.22,0.27000000000000002,41,92,30.380154639175277,-0.0092684341080078135,0.0013821185994775159,replication,random_pauli,32
8,1,0.22,0.28000000000000003,41,113,53.733247422680449,-0.02616055458524796,0.0024445471576845807,replication,random_pauli,32
8,1,0.22,0.29999999999999999,41,128,108.20618556701025,-0.026886843187498032,0.0049227458986607813,replication,random_pauli,32
8,1,0.22,0.34000000000000002,41,137,260.58247422680421,-0.023874318361195714,0.011854972056735838,replication,random_pauli,32
8,1,0.23999999999999999,0.25,75,83,2.005476804123715,-0.0035984484822635357,9.1237415501034438e-05,replication,random_pauli,32
8,1,0.23999999999999999,0.26000000000000001,75,88,8.5051546391752719,0.022242763640062786,0.00038693458140197731,replication,random_pauli,32
8,1,0.23999999999999999,0.27000000000000002,75,92,20.00644329896911,0.020889207632901845,0.00091017566307056042,replication,random_pauli,32
8,1,0.23999999999999999,0.28000000000000003,75,113,43.685567010309349,-0.011988383518185781,0.0019874367135647017,replication,random_pauli,32
8,1,0.23999999999999999,0.29999999999999999,75,128,111.34020618556701,-0.017680825343539919,0.0050653254292622402,replication,random_pauli,32
8,1,0.23999999999999999,0.34000000000000002,75,137,331.02448453608275,-0.017748202689560389,0.015059669787520127,replication,random_pauli,32
8,1,0.25,0.26000000000000001,83,88,2.3530927835051592,0.048083975762389111,0.00010705190085454709,replication,random_pauli,32
8,1,0.25,0.27000000000000002,83,92,9.8402061855670286,0.033133035690484536,0.00044767158539174231,replication,random_pauli,32
8,1,0.25,0.28000000000000003,83,113,27.194265463917574,-0.014785028530159863,0.0012371793541940269,replication,random_pauli,32
8,1,0.25,0.29999999999999999,83,128,85.567010309278317,-0.0204973007157952,0.003892796394710794,replication,random_pauli,32
8,1,0.25,0.34000000000000002,83,137,296.73034793814446,-0.019320397601482263,0.013499487997533036,replication,random_pauli,32
8,1,0.26000000000000001,0.27000000000000002,88,92,2.6082474226804169,0.018182095618579957,0.00011865993829660638,replication,random_pauli,32
8,1,0.26000000000000001,0.28000000000000003,88,113,12.814432989690744,-0.046219530676434348,0.00058298143597897915,replication,random_pauli,32
8,1,0.26000000000000001,0.29999999999999999,88,128,58.061855670103022,-0.037642619835341305,0.0026414734090374906,replication,random_pauli,32
8,1,0.26000000000000001,0.34000000000000002,88,137,248.57731958762898,-0.027745944271966187,0.011308808032441777,replication,random_pauli,32
8,1,0.27000000000000002,0.28000000000000003,92,113,3.3492268041237176,-0.11062115697144866,0.00015237014803996048,replication,random_pauli,32
8,1,0.27000000000000002,0.29999999999999999,92,128,34.144329896907145,-0.056250858319981764,0.0015533664649737503,replication,random_pauli,32
8,1,0.27000000000000002,0.34000000000000002,92,137,198.9677835051547,-0.034307092827758498,0.0090518655202854268,replication,random_pauli,32
8,1,0.28000000000000003,0.29999999999999999,113,128,18.639175257731889,-0.029065708994248235,0.00084797299778760146,replication,random_pauli,32
8,1,0.28000000000000003,0.34000000000000002,113,137,179.54768041237116,-0.021588082137143461,0.0081683648927509123,replication,random_pauli,32
8,1,0.29999999999999999,0.34000000000000002,128,137,90.391752577319764,-0.017849268708591087,0.0041122938299788343,replication,random_pauli,32
8,2,0.20000000000000001,0.22,54,88,6.2362204724409374,-0.050421644794117537,0.00028371140330828366,replication,random_pauli,32
8,2,0.20000000000000001,0.23999999999999999,54,92,26.078740157480286,-0.055596661542239939,0.0011864295047437317,replication,random_pauli,32
8,2,0.20000000000000001,0.25,54,96,42.519685039370067,-0.055926779300854247,0.0019343959316473903,replication,random_pauli,32
8,2,0.20000000000000001,0.26000000000000001,54,94,59.952755905511808,-0.055766545702744606,0.0027274982636228211,replication,random_pauli,32
8,2,0.20000000000000001,0.27000000000000002,54,112,97.228346456692933,-0.035185722076696367,0.0044233186970337015,replication,random_pauli,32
8,2,0.20000000000000001,0.28000000000000003,54,97,109.984251968504,-0.042965527690507412,0.0050036374765279204,replication,random_pauli,32
8,2,0.20000000000000001,0.29999999999999999,54,85,150.59055118110231,-0.036453715280946368,0.0068509855912511734,replication,random_pauli,32
8,2,0.20000000000000001,0.34000000000000002,54,44,152.78740157480317,-0.030904752473379923,0.0069509293810529589,replication,random_pauli,32
8,2,0.22,0.23999999999999999,88,92,10.624671916010488,-0.060771678290362348,0.00048336016859929816,replication,random_pauli,32
8,2,0.22,0.25,88,96,24.944881889763778,-0.059596868972012045,0.0011348456132331359,replication,random_pauli,32
8,2,0.22,0.26000000000000001,88,94,43.422572178477708,-0.05843899615705813,0.0019754719934058302,replication,random_pauli,32
8,2,0.22,0.27000000000000002,88,112,80.839895013123424,-0.029091352989727905,0.0036777404132555362,replication,random_pauli,32
8,2,0.22,0.28000000000000003,88,97,100.81889763779537,-0.040480155322637372,0.0045866676868172619,replication,random_pauli,32
8,2,0.22,0.29999999999999999,88,85,157.06036745406817,-0.032961732902653577,0.0071453242314678898,replication,random_pauli,32
8,2,0.22,0.34000000000000002,88,44,182.92913385826779,-0.02765193708659033,0.0083222011637096669,replication,random_pauli,32
8,2,0.23999999999999999,0.25,92,96,2.8976377952755961,-0.057247250335311452,0.00013182550052708169,replication,random_pauli,32
8,2,0.23999999999999999,0.26000000000000001,92,94,11.349081364829418,-0.056106314023753927,0.00051631654373107,replication,random_pauli,32
8,2,0.23999999999999999,0.27000000000000002,92,112,30.425196850393753,-0.0079711361226383077,0.0013841677555343577,replication,random_pauli,32
8,2,0.23999999999999999,0.28000000000000003,92,97,46.845144356955466,-0.030334393838774898,0.0021311789251878205,replication,random_pauli,32
8,2,0.23999999999999999,0.29999999999999999,92,85,92.362204724409452,-0.023691751106750657,0.0042019378293007212,replication,random_pauli,32
8,2,0.23999999999999999,0.34000000000000002,92,44,132.80839895013133,-0.021027988845835927,0.0060420021074912376,replication,random_pauli,32
8,2,0.25,0.26000000000000001,96,94,2.9606299212598479,-0.054965377712196402,0.00013469127227767042,replication,random_pauli,32
8,2,0.25,0.27000000000000002,96,112,14.110236220472466,0.016666920983698263,0.00064193287213187606,replication,random_pauli,32
8,2,0.25,0.28000000000000003,96,97,27.496062992126035,-0.021363441673262717,0.0012509093691319816,replication,random_pauli,32
8,2,0.25,0.29999999999999999,96,85,66.92913385826769,-0.016980651261038489,0.0030448824850005216,replication,random_pauli,32
8,2,0.25,0.34000000000000002,96,44,112.25196850393705,-0.017003626458116424,0.0051068052595491138,replication,random_pauli,32
8,2,0.26000000000000001,0.27000000000000002,94,112,3.4540682414698223,0.088299219679592922,0.00015713981765728215,replication,random_pauli,32
8,2,0.26000000000000001,0.28000000000000003,94,97,11.965879265091885,-0.0045624736537958717,0.00054437722545558462,replication,random_pauli,32
8,2,0.26000000000000001,0.29999999999999999,94,85,41.942257217847725,-0.007484469648249001,0.0019081263572669923,replication,random_pauli,32
8,2,0.26000000000000001,0.34000000000000002,94,44,86.845144356955416,-0.012258407551356421,0.0039509439868116603,replication,random_pauli,32
8,2,0.27000000000000002,0.28000000000000003,112,97,3.5643044619422635,-0.097424166987184674,0.00016215491822081242,replication,random_pauli,32
8,2,0.27000000000000002,0.29999999999999999,112,85,28.110236220472384,-0.039412366090863037,0.0012788506437002168,replication,random_pauli,32
8,2,0.27000000000000002,0.34000000000000002,112,44,79.223097112860913,-0.026623782870063482,0.0036041856049904234,replication,random_pauli,32
8,2,0.28000000000000003,0.29999999999999999,97,85,10.820209973753242,-0.010406465642702136,0.00049225600174174937,replication,random_pauli,32
8,2,0.28000000000000003,0.34000000000000002,97,44,50.409448818897644,-0.014823718850543274,0.0022933338434086292,replication,random_pauli,32
8,2,0.29999999999999999,0.34000000000000002,85,44,19.632545931758564,-0.017032345454463839,0.00089316552893348817,replication,random_pauli,32
8,3,0.20000000000000001,0.22,95,78,15.799573560767573,-0.086182151742426938,0.00071878779886101556,replication,random_pauli,32
8,3,0.20000000000000001,0.23999999999999999,95,65,52.66524520255858,-0.068988906938190833,0.0023959593295367187,replication,random_pauli,32
8,3,0.20000000000000001,0.25,95,67,84.821428571428541,-0.060481677001267796,0.0038588768047826986,replication,random_pauli,32
8,3,0.20000000000000001,0.26000000000000001,95,48,87.505330490405129,-0.046462697268590473,0.0039809785783071682,replication,random_pauli,32
8,3,0.20000000000000001,0.27000000000000002,95,45,111.66044776119405,-0.052999973293524752,0.0050798945400273767,replication,random_pauli,32
8,3,0.20000000000000001,0.28000000000000003,95,36,116.67377398720689,-0.038319298156379987,0.005307971437742893,replication,random_pauli,32
8,3,0.20000000000000001,0.29999999999999999,95,24,121.53518123667372,-0.066211536623660333,0.0055291369143155083,replication,random_pauli,32
8,3,0.20000000000000001,0.34000000000000002,95,11,109.17910447761197,-0.033657383017250984,0.0049670079946934351,replication,random_pauli,32
8,3,0.22,0.23999999999999999,78,65,10.810234541577815,-0.051795662133954701,0.00049180217816806337,replication,random_pauli,32
8,3,0.22,0.25,78,67,25.071428571428573,-0.043348027173828373,0.0011406027439820865,replication,random_pauli,32
8,3,0.22,0.26000000000000001,78,48,31.931769722814511,-0.026602970031672252,0.0014527079724348968,replication,random_pauli,32
8,3,0.22,0.27000000000000002,78,45,46.775053304904084,-0.039727101913963891,0.0021279901939964315,replication,random_pauli,32
8,3,0.22,0.28000000000000003,78,36,53.88486140724951,-0.022365013627697682,0.0024514447034838893,replication,random_pauli,32
8,3,0.22,0.29999999999999999,78,24,63.863539445628966,-0.061218882843968703,0.0029054159448697911,replication,random_pauli,32
8,3,0.22,0.34000000000000002,78,11,65.859275053304913,-0.024903254896388335,0.0029962101931469741,replication,random_pauli,32
8,3,0.23999999999999999,0.25,65,67,2.3214285714285761,-0.026452757253575748,0.00010561136518352674,replication,random_pauli,32
8,3,0.23999999999999999,0.26000000000000001,65,48,6.6524520255863662,-0.001410277929389843,0.0003026474942572706,replication,random_pauli,32
8,3,0.23999999999999999,0.27000000000000002,65,45,14.032515991471241,-0.031681395100636701,0.00063839705819893023,replication,random_pauli,32
8,3,0.23999999999999999,0.28000000000000003,65,36,19.957356076759098,-0.0076496893745691946,0.0009079424827718118,replication,random_pauli,32
8,3,0.23999999999999999,0.29999999999999999,65,24,29.936034115138593,-0.064359956413973352,0.0013619137241577153,replication,random_pauli,32
8,3,0.23999999999999999,0.34000000000000002,65,11,38.11300639658851,-0.019524773448875068,0.0017339179358489441,replication,random_pauli,32
8,3,0.25,0.26000000000000001,67,48,1.7142857142857173,0.023632201394796062,7.7989931212450495e-05,replication,random_pauli,32
8,3,0.25,0.27000000000000002,67,45,6.4285714285714395,-0.034295714024167187,0.00029246224204668934,replication,random_pauli,32
8,3,0.25,0.28000000000000003,67,36,11.571428571428592,-0.0013820000815670101,0.00052643203568404086,replication,random_pauli,32
8,3,0.25,0.29999999999999999,67,24,21.42857142857142,-0.071941396246052877,0.0009748741401556291,replication,random_pauli,32
8,3,0.25,0.34000000000000002,67,11,31.821428571428584,-0.018754997470574995,0.0014476880981311104,replication,random_pauli,32
8,3,0.26000000000000001,0.27000000000000002,48,45,1.1513859275053326,-0.092223629443130423,5.2381297082989149e-05,replication,random_pauli,32
8,3,0.26000000000000001,0.28000000000000003,48,36,3.6844349680170638,-0.013889100819748547,0.00016762015066556525,replication,random_pauli,32
8,3,0.26000000000000001,0.29999999999999999,48,24,9.8251599147121436,-0.095834795656265168,0.00044698706844150608,replication,random_pauli,32
8,3,0.26000000000000001,0.34000000000000002,48,11,18.012793176972288,-0.024053397328746375,0.00081947629214276232,replication,random_pauli,32
8,3,0.27000000000000002,0.28000000000000003,45,36,0.86353944562899942,0.064445427803633326,3.9285972812241855e-05,replication,random_pauli,32
8,3,0.27000000000000002,0.29999999999999999,45,24,5.1812366737739755,-0.097038517727310078,0.00023571583687345018,replication,random_pauli,32
8,3,0.27000000000000002,0.34000000000000002,45,11,12.929104477611945,-0.014314792740977219,0.00058819831516106473,replication,random_pauli,32
8,3,0.28000000000000003,0.29999999999999999,36,24,1.8422174840085217,-0.177780490492782,8.3810075332782153e-05,replication,random_pauli,32
8,3,0.28000000000000003,0.34000000000000002,36,11,7.5991471215351805,-0.027441496165078988,0.00034571656074772769,replication,random_pauli,32
8,3,0.29999999999999999,0.34000000000000002,24,11,2.2515991471215395,0.047728000998772308,0.00010243453651784545,replication,random_pauli,32
8,4,0.20000000000000001,0.22,76,61,19.078189300411502,-0.058672163600939617,0.00086794555819836639,replication,random_pauli,32
8,4,0.20000000000000001,0.23999999999999999,76,45,56.296296296296241,-0.078480729684642481,0.0025611508274705898,replication,random_pauli,32
8,4,0.20000000000000001,0.25,76,24,46.913580246913561,-0.084562693833079711,0.0021342923562254926,replication,random_pauli,32
8,4,0.20000000000000001,0.26000000000000001,76,26,73.185185185185176,-0.054656704440468044,0.0033294960757117693,replication,random_pauli,32
8,4,0.20000000000000001,0.27000000000000002,76,11,42.144032921810712,-0.10499134913586011,0.0019173059666759021,replication,random_pauli,32
8,4,0.22,0.23999999999999999,61,45,11.296296296296282,-0.098289295768345344,0.00051391513314376944,replication,random_pauli,32
8,4,0.22,0.25,61,24,13.555555555555557,-0.1018230473211731,0.00061669815977252425,replication,random_pauli,32
8,4,0.22,0.26000000000000001,61,26,26.106995884773678,-0.052648974860232262,0.0011877149743767139,replication,random_pauli,32
8,4,0.22,0.27000000000000002,61,11,17.258230452674908,-0.12351902334982827,0.00078514812008076038,replication,random_pauli,32
8,4,0.23999999999999999,0.25,45,24,1.1111111111111129,-0.10889055042682863,5.0549029489551243e-05,replication,random_pauli,32
8,4,0.23999999999999999,0.26000000000000001,45,26,4.8148148148148238,-0.007008653952119249,0.0002190457944547221,replication,random_pauli,32
8,4,0.23999999999999999,0.27000000000000002,45,11,4.5833333333333419,-0.14033884173748357,0.00020851474664439893,replication,random_pauli,32
8,4,0.25,0.26000000000000001,24,26,0.64197530864197638,0.094873242522590134,2.9206105927296273e-05,replication,random_pauli,32
8,4,0.25,0.27000000000000002,24,11,1.0864197530864215,-0.15606298739281102,4.9425717723116767e-05,replication,random_pauli,32
8,4,0.26000000000000001,0.27000000000000002,26,11,0.29423868312757256,-0.40699921730821215,1.3386131883344128e-05,replication,random_pauli,32
10,0,0.23999999999999999,0.25,16,28,0.34250764525993938,-0.039286313747288824,1.5582086154577261e-05,replication,random_pauli,32
10,0,0.23999999999999999,0.26000000000000001,16,40,1.9571865443425112,-0.04250064850843057,8.9040492311870091e-05,replication,random_pauli,32
10,0,0.23999999999999999,0.27000000000000002,16,37,4.0733944954128516,-0.039865473163710696,0.00018531552462407964,replication,random_pauli,32
10,0,0.23999999999999999,0.28000000000000003,16,47,9.198776758409803,-0.028058938783726065,0.00041849031386578946,replication,random_pauli,32
10,0,0.23999999999999999,0.29999999999999999,16,58,25.541284403669728,-0.021983094056084802,0.0011619784246699027,replication,random_pauli,32
10,0,0.23999999999999999,0.34000000000000002,16,101,123.54740061162087,-0.0079456657956937758,0.0056206810771867932,replication,random_pauli,32
10,0,0.25,0.26000000000000001,28,40,0.85626911314984866,-0.04571498326957231,3.8955215386443167e-05,replication,random_pauli,32
10,0,0.25,0.27000000000000002,28,37,3.1681957186544394,-0.040155052871921636,0.00014413429692983968,replication,random_pauli,32
10,0,0.25,0.28000000000000003,28,47,9.0550458715596509,-0.024316480462538478,0.00041195140271163653,replication,random_pauli,32
10,0,0.25,0.29999999999999999,28,58,31.039755351681947,-0.018522450117843994,0.0014121265577585619,replication,random_pauli,32
10,0,0.25,0.34000000000000002,28,101,175.12844036697254,-0.0044633715788498811,0.0079673154269122772,replication,random_pauli,32
10,0,0.26000000000000001,0.27000000000000002,40,37,1.1314984709480145,-0.034595122474270962,5.1476534617799906e-05,replication,random_pauli,32
10,0,0.26000000000000001,0.28000000000000003,40,47,5.7492354740061264,-0.013617229059021562,0.0002615564461661184,replication,random_pauli,32
10,0,0.26000000000000001,0.29999999999999999,40,58,28.379204892966332,-0.011724316829911909,0.0012910871385221126,replication,random_pauli,32
10,0,0.26000000000000001,0.34000000000000002,40,101,197.67584097859338,0.00069307988249042707,0.0089930897234988677,replication,random_pauli,32
10,0,0.27000000000000002,0.28000000000000003,37,47,1.3295107033639166,0.0073606643562278348,6.0484928175914876e-05,replication,random_pauli,32
10,0,0.27000000000000002,0.29999999999999999,37,58,14.76605504587153,-0.0041007149484588766,0.00067176877676228611,replication,random_pauli,32
10,0,0.27000000000000002,0.34000000000000002,37,101,139.99464831804283,0.0057342516477420571,0.006368934245587282,replication,random_pauli,32
10,0,0.28000000000000003,0.29999999999999999,47,58,8.336391437308837,-0.0098314046008022484,0.00037925684694086956,replication,random_pauli,32
10,0,0.28000000000000003,0.34000000000000002,47,101,130.651376146789,0.0054631828629944272,0.0059438702391250309,replication,random_pauli,32
10,0,0.29999999999999999,0.34000000000000002,58,101,71.657492354740171,0.013110476594892744,0.0032599950247683431,replication,random_pauli,32
10,1,0.20000000000000001,0.22,21,48,1.3695652173913031,0.021428898407612095,6.2307173305598874e-05,replication,random_pauli,32
10,1,0.20000000000000001,0.23999999999999999,21,59,6.733695652173906,0.014528066717025149,0.00030634360208586108,replication,random_pauli,32
10,1,0.20000000000000001,0.25,21,79,14.087975543478256,-0.017504787897526145,0.00064092014207582215,replication,random_pauli,32
10,1,0.20000000000000001,0.26000000000000001,21,86,22.084239130434781,0.0075305689494450751,0.0010047031695527826,replication,random_pauli,32
10,1,0.20000000000000001,0.27000000000000002,21,89,31.107676630434792,-0.0036689392672209016,0.0014152165770089428,replication,random_pauli,32
10,1,0.20000000000000001,0.28000000000000003,21,115,52.500000000000028,-0.011925647809453672,0.0023884416433812938,replication,random_pauli,32
10,1,0.20000000000000001,0.29999999999999999,21,116,82.744565217391269,-0.021576683913871474,0.0037643917205466004,replication,random_pauli,32
10,1,0.20000000000000001,0.34000000000000002,21,123,171.96603260869568,-0.014534816109228167,0.0078234444481842663,replication,random_pauli,32
10,1,0.22,0.23999999999999999,48,59,3.8478260869565175,0.0076272350264381993,0.00017505348690620632,replication,random_pauli,32
10,1,0.22,0.25,48,79,11.592391304347826,-0.043460578767618295,0.00052738571690810526,replication,random_pauli,32
10,1,0.22,0.26000000000000001,48,86,22.434782608695659,0.0005814042203615698,0.0010206508389107637,replication,random_pauli,32
10,1,0.22,0.27000000000000002,48,89,36.277173913043505,-0.013708074337154092,0.0016503983405352109,replication,random_pauli,32
10,1,0.22,0.28000000000000003,48,115,67.500000000000057,-0.023043829881808919,0.0030708535414902356,replication,random_pauli,32
10,1,0.22,0.29999999999999999,48,116,121.04347826086951,-0.032328079494242365,0.0055067673169138841,replication,random_pauli,32
10,1,0.22,0.34000000000000002,48,123,288.7826086956523,-0.02052876852870154,0.013137912542723437,replication,random_pauli,32
10,1,0.23999999999999999,0.25,59,79,1.5832201086956548,-0.14563620635573113,7.2027215966616342e-05,replication,random_pauli,32
10,1,0.23999999999999999,0.26000000000000001,59,86,6.894021739130447,-0.0064644265857150491,0.00031363749737362055,replication,random_pauli,32
10,1,0.23999999999999999,0.27000000000000002,59,89,16.05264945652177,-0.027931613912882267,0.00073030126568683173,replication,random_pauli,32
10,1,0.23999999999999999,0.28000000000000003,59,115,36.875000000000071,-0.038379362335932456,0.0016775959161844823,replication,random_pauli,32
10,1,0.23999999999999999,0.29999999999999999,59,116,83.690217391304358,-0.04564651766780254,0.0038074133402099921,replication,random_pauli,32
10,1,0.23999999999999999,0.34000000000000002,59,123,246.50135869565239,-0.026159969239729481,0.011214364004928864,replication,random_pauli,32
10,1,0.25,0.26000000000000001,79,86,2.3077445652173956,0.13270735318430105,0.000104988823273373,replication,random_pauli,32
10,1,0.25,0.27000000000000002,79,89,9.5529891304348009,0.030920682308542169,0.00043460489634093941,replication,random_pauli,32
10,1,0.25,0.28000000000000003,79,115,27.77343750000005,-0.0026270809959995623,0.0012635282800923377,replication,random_pauli,32
10,1,0.25,0.29999999999999999,79,116,77.819293478260832,-0.025648579930216801,0.0035403207847997786,replication,random_pauli,32
10,1,0.25,0.34000000000000002,79,123,267.34952445652181,-0.012884831782395958,0.01216283309619318,replication,random_pauli,32
10,1,0.26000000000000001,0.27000000000000002,86,89,2.5998641304347871,-0.070865988567216695,0.0001182785477383569,replication,random_pauli,32
10,1,0.26000000000000001,0.28000000000000003,86,115,13.437500000000025,-0.07029429808614987,0.00061132732538926051,replication,random_pauli,32
10,1,0.26000000000000001,0.29999999999999999,86,116,54.217391304347771,-0.065237563208846328,0.0024665728607010089,replication,random_pauli,32
10,1,0.26000000000000001,0.34000000000000002,86,123,229.95652173913055,-0.031083854903233094,0.010461671098835331,replication,random_pauli,32
10,1,0.27000000000000002,0.28000000000000003,89,115,3.4765625000000062,-0.069722607605083031,0.00015816317430129121,replication,random_pauli,32
10,1,0.27000000000000002,0.29999999999999999,89,116,31.561141304347764,-0.063361421422722858,0.0014358465562656296,replication,random_pauli,32
10,1,0.27000000000000002,0.34000000000000002,89,123,182.2021059782609,-0.02540069295123543,0.0082891256653380933,replication,random_pauli,32
10,1,0.28000000000000003,0.29999999999999999,115,116,18.124999999999929,-0.060180828331542757,0.00082458104354830007,replication,random_pauli,32
10,1,0.28000000000000003,0.34000000000000002,115,123,172.96875,-0.018013707175594158,0.0078690622000687216,replication,random_pauli,32
10,1,0.29999999999999999,0.34000000000000002,116,123,77.543478260869705,0.0030698534023800824,0.0035277728123979646,replication,random_pauli,32
10,2,0.20000000000000001,0.22,72,79,7.022222222222215,-0.0051336929612235153,0.00031946986637396298,replication,random_pauli,32
10,2,0.20000000000000001,0.23999999999999999,72,103,36.622222222222177,-0.02300466601795248,0.0016660960119756043,replication,random_pauli,32
10,2,0.20000000000000001,0.25,72,104,57.77777777777775,-0.0042735694829995514,0.002628549533456659,replication,random_pauli,32
10,2,0.20000000000000001,0.26000000000000001,72,99,79.200000000000003,-0.012963160765098661,0.0036031348220152068,replication,random_pauli,32
10,2,0.20000000000000001,0.27000000000000002,72,101,109.97777777777782,-0.034496833153434908,0.0050033429388757758,replication,random_pauli,32
10,2,0.20000000000000001,0.28000000000000003,72,91,129.42222222222227,-0.025473526668308075,0.0058879509549429219,replication,random_pauli,32
10,2,0.20000000000000001,0.29999999999999999,72,95,211.11111111111103,-0.02223425739649855,0.0096043156030147167,replication,random_pauli,32
10,2,0.20000000000000001,0.34000000000000002,72,66,287.46666666666675,-0.016378316291339862,0.013078044909536681,replication,random_pauli,32
10,2,0.22,0.23999999999999999,79,103,10.045679012345669,-0.04087563907468144,0.00045701939217386377,replication,random_pauli,32
10,2,0.22,0.25,79,104,22.822222222222223,-0.0037001538308502426,0.0010382770657153808,replication,random_pauli,32
10,2,0.22,0.26000000000000001,79,99,38.622222222222234,-0.016877894667036233,0.0017570842650567989,replication,random_pauli,32
10,2,0.22,0.27000000000000002,79,101,61.566358024691404,-0.046242089230319458,0.0028009076826189514,replication,random_pauli,32
10,2,0.22,0.28000000000000003,79,91,79.877777777777851,-0.032253471237336261,0.0036339697300038364,replication,random_pauli,32
10,2,0.22,0.29999999999999999,79,95,148.24691358024685,-0.026509398505317312,0.0067443638456725569,replication,random_pauli,32
10,2,0.22,0.34000000000000002,79,66,231.73333333333341,-0.018252420179692589,0.010542505590340793,replication,random_pauli,32
10,2,0.23999999999999999,0.25,103,104,3.3061728395061789,0.07065081665681204,0.00015041144552557583,replication,random_pauli,32
10,2,0.23999999999999999,0.26000000000000001,103,99,12.58888888888891,0.0071198497406089406,0.00057272050411661562,replication,random_pauli,32
10,2,0.23999999999999999,0.27000000000000002,103,101,28.897222222222272,-0.049819722667411463,0.0013146538844495041,replication,random_pauli,32
10,2,0.23999999999999999,0.28000000000000003,103,91,46.286419753086506,-0.027942387318663674,0.0021057602373580619,replication,random_pauli,32
10,2,0.23999999999999999,0.29999999999999999,103,95,108.72222222222223,-0.0217206516488626,0.0049462225355525816,replication,random_pauli,32
10,2,0.23999999999999999,0.34000000000000002,103,66,209.81481481481495,-0.01372777640069482,0.0095453417352769163,replication,random_pauli,32
10,2,0.25,0.26000000000000001,104,99,3.1777777777777829,-0.056411117175594168,0.00014457022434011656,replication,random_pauli,32
10,2,0.25,0.27000000000000002,104,101,12.967901234567922,-0.11005499232952322,0.00058996333973138472,replication,random_pauli,32
10,2,0.25,0.28000000000000003,104,91,26.288888888888938,-0.060806788643822246,0.0011959900377227827,replication,random_pauli,32
10,2,0.25,0.29999999999999999,104,95,76.234567901234541,-0.040194945309997551,0.0034682250788664257,replication,random_pauli,32
10,2,0.25,0.34000000000000002,104,66,171.60000000000011,-0.023103175629306701,0.0078067921143662863,replication,random_pauli,32
10,2,0.26000000000000001,0.27000000000000002,99,101,3.0861111111111166,-0.16369886748345228,0.0001403999294072286,replication,random_pauli,32
10,2,0.26000000000000001,0.28000000000000003,99,91,11.122222222222243,-0.063004624377936289,0.0005059957851904081,replication,random_pauli,32
10,2,0.26000000000000001,0.29999999999999999,99,95,46.444444444444386,-0.036140902343598395,0.0021129494326632358,replication,random_pauli,32
10,2,0.26000000000000001,0.34000000000000002,99,66,129.06666666666672,-0.018939682936020764,0.0058717752655062655,replication,random_pauli,32
10,2,0.27000000000000002,0.28000000000000003,101,91,2.8367283950617339,0.037689618727579692,0.00012905448056624045,replication,random_pauli,32
10,2,0.27000000000000002,0.29999999999999999,101,95,26.652777777777725,0.0063784193696863169,0.0012125448448806061,replication,random_pauli,32
10,2,0.27000000000000002,0.34000000000000002,101,66,100.81296296296298,0.0017402005707551802,0.0045863976939694608,replication,random_pauli,32
10,2,0.28000000000000003,0.29999999999999999,91,95,10.672839506172801,-0.0092771803092604153,0.00048555151104129801,replication,random_pauli,32
10,2,0.28000000000000003,0.34000000000000002,91,66,66.733333333333334,-0.0042513691220489105,0.0030359747111424426,replication,random_pauli,32
10,2,0.29999999999999999,0.34000000000000002,95,66,30.962962962963019,-0.0017384635284431653,0.0014086329551088281,replication,random_pauli,32
10,3,0.20000000000000001,0.22,85,81,14.343749999999986,-0.00055193289532073952,0.00065255637756667388,replication,random_pauli,32
10,3,0.20000000000000001,0.23999999999999999,85,79,55.958333333333279,-0.044095981860965583,0.002545775497667518,replication,random_pauli,32
10,3,0.20000000000000001,0.25,85,68,75.260416666666643,-0.023765068508520379,0.0034239069193313159,replication,random_pauli,32
10,3,0.20000000000000001,0.26000000000000001,85,51,81.28125,-0.054118472841185011,0.0036978194728778222,replication,random_pauli,32
10,3,0.20000000000000001,0.27000000000000002,85,56,121.47916666666669,-0.017215148636703488,0.0055265885803794908,replication,random_pauli,32
10,3,0.20000000000000001,0.28000000000000003,85,35,99.166666666666728,-0.03756359838510822,0.0045115008819424434,replication,random_pauli,32
10,3,0.20000000000000001,0.29999999999999999,85,25,110.67708333333329,-0.059765617833308679,0.0050351572343107576,replication,random_pauli,32
10,3,0.22,0.23999999999999999,81,79,13.331249999999986,-0.087640030826610427,0.00060649357444432039,replication,random_pauli,32
10,3,0.22,0.25,81,68,25.818749999999998,-0.039240492250653465,0.001174601479620014,replication,random_pauli,32
10,3,0.22,0.26000000000000001,81,51,34.425000000000011,-0.080901742814117134,0.0015661353061600194,replication,random_pauli,32
10,3,0.22,0.27000000000000002,81,56,59.062500000000036,-0.023880434933256582,0.0026869968488039556,replication,random_pauli,32
10,3,0.22,0.28000000000000003,81,35,53.156250000000043,-0.049900820215037368,0.0024182971639235603,replication,random_pauli,32
10,3,0.22,0.29999999999999999,81,25,67.499999999999972,-0.074569039067805667,0.0030708535414902317,replication,random_pauli,32
10,3,0.23999999999999999,0.25,79,68,2.7979166666666719,0.057558584901260278,0.00012728877488337625,replication,random_pauli,32
10,3,0.23999999999999999,0.26000000000000001,79,51,8.3937500000000149,-0.074163454801623854,0.00038186632465012874,replication,random_pauli,32
10,3,0.23999999999999999,0.27000000000000002,79,56,20.737500000000036,0.018625962328979246,0.0009434344491356121,replication,random_pauli,32
10,3,0.23999999999999999,0.28000000000000003,79,35,23.04166666666671,-0.031031214909250877,0.0010482604990395691,replication,random_pauli,32
10,3,0.23999999999999999,0.29999999999999999,79,25,37.03125,-0.070212041814870743,0.0016847043734564472,replication,random_pauli,32
10,3,0.25,0.26000000000000001,68,51,1.806250000000003,-0.20588549450450799,8.2173766063951736e-05,replication,random_pauli,32
10,3,0.25,0.27000000000000002,68,56,7.9333333333333478,-0.0008403489571612708,0.00036092007055539592,replication,random_pauli,32
10,3,0.25,0.28000000000000003,68,35,11.15625000000002,-0.060561148179421265,0.00050754384921852553,replication,random_pauli,32
10,3,0.25,0.29999999999999999,68,25,22.135416666666657,-0.095766167158096979,0.0010070314468621517,replication,random_pauli,32
10,3,0.26000000000000001,0.27000000000000002,51,56,1.4875000000000027,0.20420479659018545,6.7672513229136732e-05,replication,random_pauli,32
10,3,0.26000000000000001,0.28000000000000003,51,35,3.7187500000000062,0.012101024983122108,0.00016918128307284182,replication,random_pauli,32
10,3,0.26000000000000001,0.29999999999999999,51,25,10.624999999999989,-0.068236335321494188,0.00048337509449383249,replication,random_pauli,32
10,3,0.27000000000000002,0.28000000000000003,56,35,1.020833333333335,-0.18000274662394125,4.6441920843525209e-05,replication,random_pauli,32
10,3,0.27000000000000002,0.29999999999999999,56,25,6.5624999999999867,-0.15905004595872091,0.00029855520542266091,replication,random_pauli,32
10,3,0.28000000000000003,0.29999999999999999,35,25,1.8229166666666601,-0.1485736956261107,8.2932001506294572e-05,replication,random_pauli,32
10,4,0.20000000000000001,0.22,71,54,17.668202764976936,-0.1080350339819692,0.00080379945233476958,replication,random_pauli,32
10,4,0.20000000000000001,0.23999999999999999,71,36,47.115207373271829,-0.02531337529683754,0.0021434652062260525,replication,random_pauli,32
10,4,0.20000000000000001,0.25,71,19,38.853686635944683,0.015656280408111539,0.0017676145363843328,replication,random_pauli,32
10,4,0.20000000000000001,0.26000000000000001,71,21,61.838709677419359,-0.015023703421925202,0.0028132980831716975,replication,random_pauli,32
10,4,0.20000000000000001,0.27000000000000002,71,16,64.129032258064541,-0.041449324619418658,0.0029174943084743538,replication,random_pauli,32
10,4,0.22,0.23999999999999999,54,36,8.9585253456221086,0.057408283388294123,0.00040756028569086914,replication,random_pauli,32
10,4,0.22,0.25,54,19,10.638248847926267,0.098117156668165326,0.00048397783925790765,replication,random_pauli,32
10,4,0.22,0.26000000000000001,54,21,20.903225806451619,0.031481961858096756,0.00095097399994536276,replication,random_pauli,32
10,4,0.22,0.27000000000000002,54,16,24.884792626728128,-0.014815040874398461,0.0011321119046968609,replication,random_pauli,32
10,4,0.23999999999999999,0.25,36,19,0.78801843317972486,0.17953490322790763,3.5850210315400631e-05,replication,random_pauli,32
10,4,0.23999999999999999,0.26000000000000001,36,21,3.4838709677419417,0.0055556403278994382,0.0001584956666575607,replication,random_pauli,32
10,4,0.23999999999999999,0.27000000000000002,36,16,5.9723502304147571,-0.062963923716193443,0.00027170685712724692,replication,random_pauli,32
10,4,0.25,0.26000000000000001,19,21,0.45967741935483947,-0.16842362257210877,2.09126226839837e-05,replication,random_pauli,32
10,4,0.25,0.27000000000000002,19,16,1.4009216589861777,-0.18421333718824398,6.3733707227378909e-05,replication,random_pauli,32
10,4,0.26000000000000001,0.27000000000000002,21,16,0.38709677419354904,-0.20000305180437922,1.7610629628617855e-05,replication,random_pauli,32
6,0,0.26000000000000001,0.27000000000000002,12,25,0.35211267605633867,0.04266666667660076,2.283944839680895e-05,replication,random_pauli,64
6,0,0.26000000000000001,0.28000000000000003,12,25,1.4084507042253547,0.069333333349476223,9.1357793587235802e-05,replication,random_pauli,64
6,0,0.26000000000000001,0.29999999999999999,12,57,12.845070422535198,0.019298245618528314,0.00083318307751558806,replication,random_pauli,64
6,0,0.26000000000000001,0.34000000000000002,12,94,84.732394366197212,0.0062056737603101274,0.0054960848622080975,replication,random_pauli,64
6,0,0.27000000000000002,0.28000000000000003,25,25,0.73356807511737221,0.096000000022351678,4.7582184160018642e-05,replication,random_pauli,64
6,0,0.27000000000000002,0.29999999999999999,25,57,15.05281690140842,0.011508771932504151,0.00097638641896357877,replication,random_pauli,64
6,0,0.27000000000000002,0.34000000000000002,25,94,135.15258215962444,0.0009969604865543197,0.0087665416096418206,replication,random_pauli,64
6,0,0.28000000000000003,0.29999999999999999,25,57,6.6901408450703981,-0.03073684211241973,0.00043394951953936768,replication,random_pauli,64
6,0,0.28000000000000003,0.34000000000000002,25,94,99.295774647887328,-0.014836879436078587,0.0064407244479001121,replication,random_pauli,64
6,0,0.29999999999999999,0.34000000000000002,57,94,100.61971830985932,-0.0068868980979080391,0.0065266007738721248,replication,random_pauli,64
6,1,0.23999999999999999,0.25,28,48,0.64122137404580259,0.034523809531847666,4.159220465299803e-05,replication,random_pauli,64
6,1,0.23999999999999999,0.26000000000000001,28,47,2.5114503816793938,-0.011550151978373103,0.00016290280155757564,replication,random_pauli,64
6,1,0.23999999999999999,0.27000000000000002,28,66,7.9351145038168074,0.0092352092373594787,0.00051470353258085066,replication,random_pauli,64
6,1,0.23999999999999999,0.28000000000000003,28,93,19.877862595419884,-0.013210445471585773,0.0012893583442429393,replication,random_pauli,64
6,1,0.23999999999999999,0.29999999999999999,28,109,52.419847328244281,-0.0040192223687820217,0.0034001627303825838,replication,random_pauli,64
6,1,0.23999999999999999,0.34000000000000002,28,133,177.67175572519096,-0.023759398501772513,0.01152450670593486,replication,random_pauli,64
6,1,0.25,0.26000000000000001,48,47,1.0763358778625971,-0.057624113488593871,6.9815486381818117e-05,replication,random_pauli,64
6,1,0.25,0.27000000000000002,48,66,6.0458015267175682,-0.0034090909098846126,0.00039215507244255292,replication,random_pauli,64
6,1,0.25,0.28000000000000003,48,93,19.167938931297744,-0.029121863806063585,0.0012433098319485484,replication,random_pauli,64
6,1,0.25,0.29999999999999999,48,109,62.404580152671734,-0.011727828748907966,0.004047812774264979,replication,random_pauli,64
6,1,0.25,0.34000000000000002,48,133,246.70992366412221,-0.030235310505508095,0.016002600740240971,replication,random_pauli,64
6,1,0.26000000000000001,0.27000000000000002,47,66,1.4799618320610715,0.05080593166882464,9.5996293774999939e-05,replication,random_pauli,64
6,1,0.26000000000000001,0.28000000000000003,47,93,8.3416030534351293,-0.014870738964798444,0.00054107001945909053,replication,random_pauli,64
6,1,0.26000000000000001,0.29999999999999999,47,109,39.10687022900759,-0.00025375756398647603,0.0025366293385393848,replication,random_pauli,64
6,1,0.26000000000000001,0.34000000000000002,47,133,190.87022900763364,-0.026811710132622367,0.012380612918375731,replication,random_pauli,64
6,1,0.27000000000000002,0.28000000000000003,66,93,2.9284351145038223,-0.080547409598421535,0.00018995011321436159,replication,random_pauli,64
6,1,0.27000000000000002,0.29999999999999999,66,109,30.890267175572454,-0.017273653974923548,0.0020036673232611611,replication,random_pauli,64
6,1,0.27000000000000002,0.34000000000000002,66,133,205.21087786259548,-0.037899944675686234,0.013310805245354758,replication,random_pauli,64
6,1,0.28000000000000003,0.29999999999999999,93,109,19.345419847328174,0.014363223836825534,0.0012548219600221392,replication,random_pauli,64
6,1,0.28000000000000003,0.34000000000000002,93,133,212.44465648854964,-0.030792033855230345,0.013780017304096389,replication,random_pauli,64
6,1,0.29999999999999999,0.34000000000000002,109,133,110.66412213740477,-0.053369662701258223,0.0071781213196965774,replication,random_pauli,64
6,2,0.22,0.23999999999999999,31,55,2.9498269896193734,-0.019002932555744128,0.00019133767651734941,replication,random_pauli,64
6,2,0.22,0.25,31,78,9.4126297577854672,-0.012792941828178472,0.00061054113143263391,replication,random_pauli,64
6,2,0.22,0.26000000000000001,31,89,19.093425605536339,-0.014751721641709386,0.0012384765970941181,replication,random_pauli,64
6,2,0.22,0.27000000000000002,31,79,26.481401384083068,-0.02678644345254131,0.0017176905050989358,replication,random_pauli,64
6,2,0.22,0.28000000000000003,31,104,50.200692041522537,-0.018362282882687209,0.0032562193676407168,replication,random_pauli,64
6,2,0.22,0.29999999999999999,31,81,69.508650519031107,-0.046535244933176539,0.0045086114321179092,replication,random_pauli,64
6,2,0.22,0.34000000000000002,31,61,117.77854671280281,-0.044279922449936018,0.0076395915933109085,replication,random_pauli,64
6,2,0.23999999999999999,0.25,55,78,1.8555363321799339,-0.00037296037304718167,0.00012035757071252658,replication,random_pauli,64
6,2,0.23999999999999999,0.26000000000000001,55,89,8.4688581314879041,-0.010500510727674653,0.00054932429709819838,replication,random_pauli,64
6,2,0.23999999999999999,0.27000000000000002,55,79,16.913927335640167,-0.031975450717072758,0.001097105548418031,replication,random_pauli,64
6,2,0.23999999999999999,0.28000000000000003,55,104,39.58477508650526,-0.018041958046158751,0.0025676281752005673,replication,random_pauli,64
6,2,0.23999999999999999,0.29999999999999999,55,81,69.368512110726641,-0.055712682392320668,0.0044995214897144481,replication,random_pauli,64
6,2,0.23999999999999999,0.34000000000000002,55,61,145.11245674740496,-0.049335320428774393,0.0094125792480309178,replication,random_pauli,64
6,2,0.25,0.26000000000000001,78,89,3.002595155709348,-0.020628061082302123,0.00019476043260754306,replication,random_pauli,64
6,2,0.25,0.27000000000000002,78,79,10.660899653979257,-0.047776695889085549,0.00069150895173015277,replication,random_pauli,64
6,2,0.25,0.28000000000000003,78,104,31.577854671280335,-0.023931623937195941,0.002048267021580453,replication,random_pauli,64
6,2,0.25,0.29999999999999999,78,81,68.31747404844289,-0.066780626796175385,0.0044313469216884704,replication,random_pauli,64
6,2,0.25,0.34000000000000002,78,61,166.69463667820077,-0.054775582657188536,0.010812486488919875,replication,random_pauli,64
6,2,0.26000000000000001,0.27000000000000002,89,79,3.0410899653979291,-0.074925330695868972,0.00019725736123071667,replication,random_pauli,64
6,2,0.26000000000000001,0.28000000000000003,89,104,16.013840830449855,-0.025583405364642851,0.0010387223072402295,replication,random_pauli,64
6,2,0.26000000000000001,0.29999999999999999,89,81,49.889273356401326,-0.078318768224643717,0.0032360194956330135,replication,random_pauli,64
6,2,0.26000000000000001,0.34000000000000002,89,61,150.28373702422152,-0.059044022854049333,0.0097480093448698343,replication,random_pauli,64
6,2,0.27000000000000002,0.28000000000000003,79,104,3.5536332179930858,0.023758519966583271,0.00023050298391005095,replication,random_pauli,64
6,2,0.27000000000000002,0.29999999999999999,79,81,24.909602076124518,-0.079449914067568642,0.0016157372622156395,replication,random_pauli,64
6,2,0.27000000000000002,0.34000000000000002,79,61,102.13278546712806,-0.05677526459093224,0.006624744412568666,replication,random_pauli,64
6,2,0.28000000000000003,0.29999999999999999,104,81,14.574394463667767,-0.13105413108464473,0.00094535400996020381,replication,random_pauli,64
6,2,0.28000000000000003,0.34000000000000002,104,61,98.782006920415228,-0.070197562017184842,0.0064073994008414046,replication,random_pauli,64
6,2,0.29999999999999999,0.34000000000000002,81,61,34.193771626297632,-0.039769277483454983,0.0022179459464451053,replication,random_pauli,64
6,3,0.20000000000000001,0.22,22,46,1.9650485436893181,-0.11778656129224653,0.00012746097446271937,replication,random_pauli,64
6,3,0.20000000000000001,0.23999999999999999,22,96,16.40388349514561,-0.075378787896338409,0.0010640220476887876,replication,random_pauli,64
6,3,0.20000000000000001,0.25,22,83,22.160194174757272,-0.078335158835325366,0.0014373995761420809,replication,random_pauli,64
6,3,0.20000000000000001,0.26000000000000001,22,80,30.757281553398055,-0.056363636376759542,0.0019950413394164792,replication,random_pauli,64
6,3,0.20000000000000001,0.27000000000000002,22,85,44.48058252427186,-0.079572192531895819,0.0028851899925936247,replication,random_pauli,64
6,3,0.20000000000000001,0.28000000000000003,22,53,36.225242718446616,-0.070668953704275492,0.0023497153553127433,replication,random_pauli,64
6,3,0.20000000000000001,0.29999999999999999,22,39,41.650485436893192,-0.071048951065493443,0.002701618480459815,replication,random_pauli,64
6,3,0.20000000000000001,0.34000000000000002,22,11,23.025242718446609,-0.057142857156161742,0.0014935101138131705,replication,random_pauli,64
6,3,0.22,0.23999999999999999,46,96,8.5747572815533868,-0.032971014500430294,0.00055619334311004804,replication,random_pauli,64
6,3,0.22,0.25,46,83,16.680582524271845,-0.052034223864044611,0.0010819698627687667,replication,random_pauli,64
6,3,0.22,0.26000000000000001,46,80,28.582524271844676,-0.025652173919016079,0.0018539778103668302,replication,random_pauli,64
6,3,0.22,0.27000000000000002,46,85,47.451456310679646,-0.064286445027755559,0.0030778928492418084,replication,random_pauli,64
6,3,0.22,0.28000000000000003,46,53,42.605825242718488,-0.054963084508285173,0.0027635856735780573,replication,random_pauli,64
6,3,0.22,0.29999999999999999,46,39,55.735922330097061,-0.059364548508805182,0.0036152567302153151,replication,random_pauli,64
6,3,0.22,0.34000000000000002,46,11,35.370873786407778,-0.04703557313348096,0.002294297540328952,replication,random_pauli,64
6,3,0.23999999999999999,0.25,96,83,3.8679611650485506,-0.09016064259127321,0.00025089156238116377,replication,random_pauli,64
6,3,0.23999999999999999,0.26000000000000001,96,80,14.912621359223326,-0.018333333337601881,0.00096729277062617336,replication,random_pauli,64
6,3,0.23999999999999999,0.27000000000000002,96,85,35.65048543689327,-0.085163398712639046,0.0023124342797781962,replication,random_pauli,64
6,3,0.23999999999999999,0.28000000000000003,96,53,39.518446601941818,-0.065959119512212602,0.0025633258421593596,replication,random_pauli,64
6,3,0.23999999999999999,0.29999999999999999,96,39,65.429126213592241,-0.068162393178263461,0.0042439970311223289,replication,random_pauli,64
6,3,0.23999999999999999,0.34000000000000002,96,11,51.262135922330138,-0.049848484860091087,0.003325068899027468,replication,random_pauli,64
6,3,0.25,0.26000000000000001,83,80,3.2233009708737916,0.053493975916069449,0.00020907630198430308,replication,random_pauli,64
6,3,0.25,0.27000000000000002,83,85,13.699029126213617,-0.082664776773321957,0.00088857428343328828,replication,random_pauli,64
6,3,0.25,0.28000000000000003,83,53,19.218932038834986,-0.057891945152525728,0.0012466174505814072,replication,random_pauli,64
6,3,0.25,0.29999999999999999,83,39,39.283980582524251,-0.063762743295661506,0.0025481174304336882,replication,random_pauli,64
6,3,0.25,0.34000000000000002,83,11,35.899514563106806,-0.045369356223293071,0.0023285873133501727,replication,random_pauli,64
6,3,0.26000000000000001,0.27000000000000002,80,85,3.3009708737864139,-0.21882352946271336,0.00021411428516464779,replication,random_pauli,64
6,3,0.26000000000000001,0.28000000000000003,80,53,8.2330097087378782,-0.11358490568682332,0.00053402621711653325,replication,random_pauli,64
6,3,0.26000000000000001,0.29999999999999999,80,39,24.233009708737836,-0.093076923098594305,0.0015718507522675272,replication,random_pauli,64
6,3,0.26000000000000001,0.34000000000000002,80,11,27.339805825242731,-0.05772727274071339,0.0017733700794813157,replication,random_pauli,64
6,3,0.27000000000000002,0.28000000000000003,85,53,2.1868932038834985,-0.0083462819109332773,0.00014185071392157911,replication,random_pauli,64
6,3,0.27000000000000002,0.29999999999999999,85,39,14.483009708737836,-0.051161387643887869,0.00093942642615988856,replication,random_pauli,64
6,3,0.27000000000000002,0.34000000000000002,85,11,22.24029126213593,-0.034713521780427664,0.0014425949962968124,replication,random_pauli,64
6,3,0.28000000000000003,0.29999999999999999,53,39,4.0135922330096925,-0.072568940510365221,0.00026033778084430845,replication,random_pauli,64
6,3,0.28000000000000003,0.34000000000000002,53,11,10.188349514563107,-0.039108061758676732,0.00066085744368170882,replication,random_pauli,64
6,3,0.29999999999999999,0.34000000000000002,39,11,3.3320388349514625,-0.02237762238283254,0.00021612947843678565,replication,random_pauli,64
6,4,0.20000000000000001,0.22,41,86,9.4530831099195609,-0.05326148611563411,0.00061316509901850047,replication,random_pauli,64
6,4,0.20000000000000001,0.23999999999999999,41,62,27.260053619302919,-0.042722265942283837,0.0017681970297277686,replication,random_pauli,64
6,4,0.20000000000000001,0.25,41,63,43.280831099195701,-0.053921796373375429,0.0028073692760294741,replication,random_pauli,64
6,4,0.20000000000000001,0.26000000000000001,41,51,50.453083109919568,-0.048047186365403345,0.0032725904703429301,replication,random_pauli,64
6,4,0.20000000000000001,0.27000000000000002,41,37,49.821045576407521,-0.063471136656646387,0.0032315939666294848,replication,random_pauli,64
6,4,0.20000000000000001,0.28000000000000003,41,21,36.932975871313687,-0.084494773538836734,0.0023956217822118193,replication,random_pauli,64
6,4,0.20000000000000001,0.29999999999999999,41,12,32.975871313672911,-0.052357723589426274,0.0021389480198319797,replication,random_pauli,64
6,4,0.22,0.23999999999999999,86,62,14.294906166219825,-0.03218304576893357,0.00092722527168651297,replication,random_pauli,64
6,4,0.22,0.25,86,63,32.682305630026804,-0.054362003211869646,0.0021199061655090856,replication,random_pauli,64
6,4,0.22,0.26000000000000001,86,51,47.034852546916902,-0.045440036490287973,0.0030508702487749817,replication,random_pauli,64
6,4,0.22,0.27000000000000002,86,37,53.317694369973225,-0.06755499687305129,0.0034584007109275238,replication,random_pauli,64
6,4,0.22,0.28000000000000003,86,21,43.576407506702452,-0.094905869346570929,0.0028265415540121176,replication,random_pauli,64
6,4,0.22,0.29999999999999999,86,12,44.268096514745295,-0.052131782957874323,0.0028714072929646871,replication,random_pauli,64
6,4,0.23999999999999999,0.25,62,63,2.6179624664879402,-0.098719918097741749,0.00016981160498910023,replication,random_pauli,64
6,4,0.23999999999999999,0.26000000000000001,62,51,8.4772117962466638,-0.058697027211642362,0.00054986614948851497,replication,random_pauli,64
6,4,0.23999999999999999,0.27000000000000002,62,37,13.837801608579113,-0.091136297609129752,0.00089757562637095831,replication,random_pauli,64
6,4,0.23999999999999999,0.28000000000000003,62,21,13.962466487935682,-0.12626728113538957,0.00090566189327520119,replication,random_pauli,64
6,4,0.23999999999999999,0.29999999999999999,62,12,17.951742627345844,-0.058781362020854565,0.0011644224342109708,replication,random_pauli,64
6,4,0.25,0.26000000000000001,63,51,2.1534852546916925,-0.018674136325542986,0.00013968373958780822,replication,random_pauli,64
6,4,0.25,0.27000000000000002,63,37,6.2493297587131478,-0.087344487364823753,0.00040535673449011023,replication,random_pauli,64
6,4,0.25,0.28000000000000003,63,21,7.9805630026809791,-0.13544973548127218,0.0005176515055312894,replication,random_pauli,64
6,4,0.25,0.29999999999999999,63,12,12.667560321715813,-0.050793650805477118,0.0008216690563988703,replication,random_pauli,64
6,4,0.26000000000000001,0.27000000000000002,51,37,1.2647453083109941,-0.15601483840410452,8.2036481980141343e-05,replication,random_pauli,64
6,4,0.26000000000000001,0.28000000000000003,51,21,2.8713136729222573,-0.19383753505913678,0.00018624498611707768,replication,random_pauli,64
6,4,0.26000000000000001,0.29999999999999999,51,12,6.5630026809651403,-0.058823529425460673,0.00042570282541046201,replication,random_pauli,64
6,4,0.27000000000000002,0.28000000000000003,37,21,0.52077747989276224,-0.23166023171416902,3.3779727874175845e-05,replication,random_pauli,64
6,4,0.27000000000000002,0.29999999999999999,37,12,2.6782841823056245,-0.026426426432579333,0.00017372431478147513,replication,random_pauli,64
6,4,0.28000000000000003,0.29999999999999999,21,12,0.67560321715817451,0.076190476208215799,4.3822349674606275e-05,replication,random_pauli,64
6,5,0.20000000000000001,0.22,70,70,23.786407766990262,-0.10285714288109121,0.0015428823489805454,replication,random_pauli,64
6,5,0.20000000000000001,0.23999999999999999,70,36,48.932038834951399,-0.12206349209191227,0.0031739294036171222,replication,random_pauli,64
6,5,0.20000000000000001,0.25,70,13,27.609223300970864,-0.093890109911970415,0.0017908455836381347,replication,random_pauli,64
6,5,0.20000000000000001,0.26000000000000001,70,17,51.990291262135919,-0.066778711500141974,0.0033722999913431964,replication,random_pauli,64
6,5,0.22,0.23999999999999999,70,36,12.23300970873785,-0.14126984130273332,0.00079348235090428054,replication,random_pauli,64
6,5,0.22,0.25,70,13,9.9393203883495147,-0.08791208793255656,0.00064470441010972869,replication,random_pauli,64
6,5,0.22,0.26000000000000001,70,17,23.10679611650486,-0.048739495809667376,0.0014987999961525321,replication,random_pauli,64
6,5,0.23999999999999999,0.25,36,13,0.56796116504854477,0.018803418807796759,3.6840252006270282e-05,replication,random_pauli,64
6,5,0.23999999999999999,0.26000000000000001,36,17,2.9708737864077723,0.043790849683398414,0.000192702856648183,replication,random_pauli,64
6,5,0.25,0.26000000000000001,13,17,0.26820388349514607,0.068778280559000093,1.7396785669627627e-05,replication,random_pauli,64
6,6,0.20000000000000001,0.22,60,37,19.473684210526294,-0.065495495510744919,0.0012631417039666722,replication,random_pauli,64
6,6,0.20000000000000001,0.23999999999999999,60,17,35.789473684210485,0.024803921574402588,0.0023214496181009113,replication,random_pauli,64
6,6,0.22,0.23999999999999999,37,17,5.5175438596491171,0.11510333865955009,0.00035789014945722386,replication,random_pauli,64
8,0,0.26000000000000001,0.27000000000000002,17,19,0.37041284403669794,-0.013622291024843457,2.4026471104771543e-05,replication,random_pauli,64
8,0,0.26000000000000001,0.28000000000000003,17,31,2.4174311926605547,-0.01631878558254711,0.00015680433773640376,replication,random_pauli,64
8,0,0.26000000000000001,0.29999999999999999,17,46,14.348623853210995,-0.030179028140018927,0.00093070961753220034,replication,random_pauli,64
8,0,0.26000000000000001,0.34000000000000002,17,105,131.00917431192667,-0.023557422974672552,0.0084977834644244504,replication,random_pauli,64
8,0,0.27000000000000002,0.28000000000000003,19,31,0.67545871559633142,-0.019015280140250761,4.381297672046575e-05,replication,random_pauli,64
8,0,0.27000000000000002,0.29999999999999999,19,46,9.0206422018348427,-0.035697940511744096,0.00058511523749266939,replication,random_pauli,64
8,0,0.27000000000000002,0.34000000000000002,19,105,112.10435779816518,-0.024976727538933857,0.0072715408137676123,replication,random_pauli,64
8,0,0.28000000000000003,0.29999999999999999,31,46,6.5412844036696995,-0.044039270697490779,0.0004242940903455607,replication,random_pauli,64
8,0,0.28000000000000003,0.34000000000000002,31,105,134.38073394495413,-0.025970302105381038,0.0087164764212294878,replication,random_pauli,64
8,0,0.29999999999999999,0.34000000000000002,46,105,88.623853211009347,-0.016935817809326195,0.0057485005788753714,replication,random_pauli,64
8,1,0.22,0.23999999999999999,11,29,0.60994263862332632,0.0031347962389743928,3.9563339712376631e-05,replication,random_pauli,64
8,1,0.22,0.25,11,47,2.2241873804971317,0.011089619602839903,0.00014426976464082181,replication,random_pauli,64
8,1,0.22,0.26000000000000001,11,54,4.5430210325047815,-0.014141414144706679,0.00029467866820252975,replication,random_pauli,64
8,1,0.22,0.27000000000000002,11,71,9.3331739961759155,-0.018950064024898686,0.00060538731025404,replication,random_pauli,64
8,1,0.22,0.28000000000000003,11,83,15.711281070745711,-0.032274552763994956,0.0010190970608670827,replication,random_pauli,64
8,1,0.22,0.29999999999999999,11,106,35.671128107074558,-0.021483704979273075,0.0023137732466272693,replication,random_pauli,64
8,1,0.22,0.34000000000000002,11,122,92.37476099426388,-0.020044709393638699,0.0059917995867847709,replication,random_pauli,64
8,1,0.23999999999999999,0.25,29,47,0.65152963671128217,0.026999266330570901,4.2260840147311515e-05,replication,random_pauli,64
8,1,0.23999999999999999,0.26000000000000001,29,54,2.9942638623327014,-0.031417624528387728,0.00019422003131530399,replication,random_pauli,64
8,1,0.23999999999999999,0.27000000000000002,29,71,8.8580305927342415,-0.033673304200814054,0.00057456759264110763,replication,random_pauli,64
8,1,0.23999999999999999,0.28000000000000003,29,83,18.409177820267722,-0.049979227265479612,0.0011940935258644618,replication,random_pauli,64
8,1,0.23999999999999999,0.29999999999999999,29,106,52.898661567877625,-0.029689872052022226,0.0034312205532370309,replication,random_pauli,64
8,1,0.23999999999999999,0.34000000000000002,29,122,169.12045889101353,-0.024680610520161312,0.010969835102068086,replication,random_pauli,64
8,1,0.25,0.26000000000000001,47,54,1.2131931166348016,-0.089834515387346353,7.8692598894993871e-05,replication,random_pauli,64
8,1,0.25,0.27000000000000002,47,71,6.3804971319311772,-0.064009589466506533,0.0004138647793736714,replication,random_pauli,64
8,1,0.25,0.28000000000000003,47,83,16.782504780114753,-0.075638725130829781,0.0010885809513807485,replication,random_pauli,64
8,1,0.25,0.29999999999999999,47,106,59.536328871892906,-0.04102769972854086,0.00386176642725432,replication,random_pauli,64
8,1,0.25,0.34000000000000002,47,122,222.01434034416835,-0.030422819059131564,0.014400745597783857,replication,random_pauli,64
8,1,0.26000000000000001,0.27000000000000002,54,71,1.8326959847036359,-0.038184663545666707,0.00011887605364988433,replication,random_pauli,64
8,1,0.26000000000000001,0.28000000000000003,54,83,8.5697896749522133,-0.068540830002571496,0.0005558711241093183,replication,random_pauli,64
8,1,0.26000000000000001,0.29999999999999999,54,106,43.778202676864204,-0.028825995813839479,0.0028396308026789195,replication,random_pauli,64
8,1,0.26000000000000001,0.34000000000000002,54,122,201.544933078394,-0.022996357018104711,0.013073017280257688,replication,random_pauli,64
8,1,0.27000000000000002,0.28000000000000003,71,83,2.816921606118552,-0.098896996459476277,0.00018271689727667408,replication,random_pauli,64
8,1,0.27000000000000002,0.29999999999999999,71,106,32.377629063097444,-0.025706439903230394,0.0021001436144812819,replication,random_pauli,64
8,1,0.27000000000000002,0.34000000000000002,71,122,202.88623326959851,-0.020826598942738708,0.01316001942072236,replication,random_pauli,64
8,1,0.28000000000000003,0.29999999999999999,83,106,16.822179732313511,0.01088883837489265,0.0010911544288071742,replication,random_pauli,64
8,1,0.28000000000000003,0.34000000000000002,83,122,174.25239005736137,-0.0078148660232824352,0.011302712856889451,replication,random_pauli,64
8,1,0.29999999999999999,0.34000000000000002,106,122,98.906309751434208,-0.017166718222369953,0.0064154621838301692,replication,random_pauli,64
8,2,0.22,0.23999999999999999,29,61,2.8999999999999964,-0.016732617301804319,0.00018810569699611793,replication,random_pauli,64
8,2,0.22,0.25,29,83,8.8782786885245901,0.0098601301781716475,0.0005758809658036896,replication,random_pauli,64
8,2,0.22,0.26000000000000001,29,79,15.022950819672138,-0.042688782201122148,0.00097444918443890768,replication,random_pauli,64
8,2,0.22,0.27000000000000002,29,97,28.821721311475432,-0.041521507297260792,0.0018694930951458481,replication,random_pauli,64
8,2,0.22,0.28000000000000003,29,113,48.349180327868893,-0.042416844684883555,0.0031361228499188908,replication,random_pauli,64
8,2,0.22,0.29999999999999999,29,91,69.219672131147519,-0.025350511563310495,0.0044898671283007865,replication,random_pauli,64
8,2,0.22,0.34000000000000002,29,57,97.554098360655772,-0.031558782019850372,0.0063277522989513869,replication,random_pauli,64
8,2,0.23999999999999999,0.25,61,83,2.0750000000000037,0.063045625138123507,0.00013459286940239513,replication,random_pauli,64
8,2,0.23999999999999999,0.26000000000000001,61,79,7.9000000000000146,-0.068644947100439946,0.00051242586423080557,replication,random_pauli,64
8,2,0.23999999999999999,0.27000000000000002,61,97,21.825000000000035,-0.058047433960898419,0.0014156575299794087,replication,random_pauli,64
8,2,0.23999999999999999,0.28000000000000003,61,113,45.200000000000088,-0.05525895837642316,0.0029318543118015718,replication,random_pauli,64
8,2,0.23999999999999999,0.29999999999999999,61,91,81.899999999999991,-0.028223142983812548,0.0053123643393041646,replication,random_pauli,64
8,2,0.23999999999999999,0.34000000000000002,61,57,142.50000000000011,-0.034524014963459582,0.0092431247661885728,replication,random_pauli,64
8,2,0.25,0.26000000000000001,83,79,2.6872950819672177,-0.2003355193390034,0.00017430879807851172,replication,random_pauli,64
8,2,0.25,0.27000000000000002,83,97,13.19836065573773,-0.11859396351040938,0.00085609890701851337,replication,random_pauli,64
8,2,0.25,0.28000000000000003,83,113,34.594672131147604,-0.094693819547938721,0.0022439499702005877,replication,random_pauli,64
8,2,0.25,0.29999999999999999,83,91,77.387295081967181,-0.046476896608199779,0.0050196520965647253,replication,random_pauli,64
8,2,0.25,0.34000000000000002,83,57,157.05368852459023,-0.045365086085857709,0.010187135705423893,replication,random_pauli,64
8,2,0.26000000000000001,0.27000000000000002,79,97,3.1405737704918084,-0.036852407681815379,0.00020371028209175465,replication,random_pauli,64
8,2,0.26000000000000001,0.28000000000000003,79,113,14.634426229508222,-0.041872969652406382,0.00094924791242755784,replication,random_pauli,64
8,2,0.26000000000000001,0.29999999999999999,79,91,47.14098360655732,-0.0080122409254988255,0.003057754337377257,replication,random_pauli,64
8,2,0.26000000000000001,0.34000000000000002,79,57,118.11147540983612,-0.025993781929214484,0.0076611866914507226,replication,random_pauli,64
8,2,0.27000000000000002,0.28000000000000003,97,113,4.4922131147541053,-0.046893531622997378,0.00029138306172618068,replication,random_pauli,64
8,2,0.27000000000000002,0.29999999999999999,97,91,32.558606557376983,0.0016011479932733792,0.0021118825447233726,replication,random_pauli,64
8,2,0.27000000000000002,0.34000000000000002,97,57,111.0331967213115,-0.024442549678842927,0.0072020609858515182,replication,random_pauli,64
8,2,0.28000000000000003,0.29999999999999999,113,91,16.857377049180265,0.025848487801408825,0.0010934374687456619,replication,random_pauli,64
8,2,0.28000000000000003,0.34000000000000002,113,57,95.031147540983596,-0.020700719354817182,0.0061641035325991928,replication,random_pauli,64
8,2,0.29999999999999999,0.34000000000000002,91,57,34.013114754098417,-0.043975322932930119,0.0022062278130443561,replication,random_pauli,64
8,3,0.20000000000000001,0.22,25,47,2.3547094188376727,-0.074042553208728781,0.00015273595050130509,replication,random_pauli,64
8,3,0.20000000000000001,0.23999999999999999,25,83,16.633266533066109,-0.047710843384602547,0.001078900756732623,replication,random_pauli,64
8,3,0.20000000000000001,0.25,25,71,22.231963927855702,-0.038535211276577823,0.0014420548518075359,replication,random_pauli,64
8,3,0.20000000000000001,0.26000000000000001,25,91,41.032064128256515,-0.046300366311146444,0.0026615051800121066,replication,random_pauli,64
8,3,0.20000000000000001,0.27000000000000002,25,71,43.574649298597201,-0.051670020132754707,0.0028264275095427715,replication,random_pauli,64
8,3,0.20000000000000001,0.28000000000000003,25,50,40.080160320641298,-0.051000000011874359,0.0025997608595966864,replication,random_pauli,64
8,3,0.20000000000000001,0.29999999999999999,25,46,57.615230460921822,-0.051478260881550948,0.0037371562356702339,replication,random_pauli,64
8,3,0.20000000000000001,0.34000000000000002,25,15,36.823647294589186,-0.051428571440545578,0.0023885302897544551,replication,random_pauli,64
8,3,0.22,0.23999999999999999,47,83,7.8176352705410732,-0.021379133560476309,0.00050708335566433292,replication,random_pauli,64
8,3,0.22,0.25,47,71,15.046593186372744,-0.014863649988477204,0.00097598272370334055,replication,random_pauli,64
8,3,0.22,0.26000000000000001,47,91,34.284569138276566,-0.032429272862355293,0.0022238354392990056,replication,random_pauli,64
8,3,0.22,0.27000000000000002,47,71,41.796092184368767,-0.042721006902365084,0.0027110631213981703,replication,random_pauli,64
8,3,0.22,0.28000000000000003,47,50,42.384769539078199,-0.043319148946256235,0.0027492471090234975,replication,random_pauli,64
8,3,0.22,0.29999999999999999,47,46,69.322645290581136,-0.045837187799756499,0.0044965463827584254,replication,random_pauli,64
8,3,0.22,0.34000000000000002,47,15,50.861723446893805,-0.047659574479181718,0.0032990965308281948,replication,random_pauli,64
8,3,0.23999999999999999,0.25,83,71,2.9524048096192437,-0.0018326828444790149,0.00019150488432004116,replication,random_pauli,64
8,3,0.23999999999999999,0.26000000000000001,83,91,15.136272545090209,-0.04347941216423426,0.00098179968862669017,replication,random_pauli,64
8,3,0.23999999999999999,0.27000000000000002,83,71,26.571643286573195,-0.056948922463624249,0.0017235439588803706,replication,random_pauli,64
8,3,0.23999999999999999,0.28000000000000003,83,50,33.266533066132318,-0.054289156639146179,0.0021578015134652521,replication,random_pauli,64
8,3,0.23999999999999999,0.29999999999999999,83,46,68.861723446893791,-0.053989872546183225,0.0044666491328730655,replication,random_pauli,64
8,3,0.23999999999999999,0.34000000000000002,83,15,62.374749498998035,-0.052915662662922795,0.0040458778377473444,replication,random_pauli,64
8,3,0.25,0.26000000000000001,71,91,3.2369739478957968,-0.085126141483989518,0.00020996318642317764,replication,random_pauli,64
8,3,0.25,0.27000000000000002,71,71,10.102204408817654,-0.084507042273196872,0.00065526972466134579,replication,random_pauli,64
8,3,0.25,0.28000000000000003,71,50,16.00701402805614,-0.071774647904035233,0.0010382794933014279,replication,random_pauli,64
8,3,0.25,0.29999999999999999,71,46,40.906813627254486,-0.06442131048652408,0.0026533809273258653,replication,random_pauli,64
8,3,0.25,0.34000000000000002,71,15,43.218937875751521,-0.058591549309416555,0.0028033546319138521,replication,random_pauli,64
8,3,0.26000000000000001,0.27000000000000002,91,71,3.2369739478957968,-0.083887943062404241,0.00020996318642317764,replication,random_pauli,64
8,3,0.26000000000000001,0.28000000000000003,91,50,9.1182364729459096,-0.065098901114058083,0.00059144559555824705,replication,random_pauli,64
8,3,0.26000000000000001,0.29999999999999999,91,46,33.555110220440838,-0.059245102737157711,0.0021765197916543419,replication,random_pauli,64
8,3,0.26000000000000001,0.34000000000000002,91,15,43.767535070140298,-0.055274725287594924,0.0028389388586795815,replication,random_pauli,64
8,3,0.27000000000000002,0.28000000000000003,71,50,1.77855711422846,-0.046309859165711939,0.0001153643881446031,replication,random_pauli,64
8,3,0.27000000000000002,0.29999999999999999,71,46,14.726452905811591,-0.051030822628742187,0.00095521713383731001,replication,random_pauli,64
8,3,0.27000000000000002,0.34000000000000002,71,15,26.144789579158324,-0.05118712274833645,0.0016958565057256633,replication,random_pauli,64
8,3,0.28000000000000003,0.29999999999999999,50,46,4.6092184368737295,-0.053391304360257318,0.00029897249885361764,replication,random_pauli,64
8,3,0.28000000000000003,0.34000000000000002,50,15,13.527054108216431,-0.052000000012107202,0.00087741929011388121,replication,random_pauli,64
8,3,0.29999999999999999,0.34000000000000002,46,15,5.5310621242485078,-0.051304347838032151,0.00035876699862434327,replication,random_pauli,64
8,4,0.20000000000000001,0.22,48,76,10.792899408284013,-0.036622807026070785,0.000700070988208364,replication,random_pauli,64
8,4,0.20000000000000001,0.23999999999999999,48,59,33.514792899408242,-0.059992937867075581,0.002173904647594393,replication,random_pauli,64
8,4,0.20000000000000001,0.25,48,57,50.591715976331344,-0.048684210537650985,0.0032815827572267083,replication,random_pauli,64
8,4,0.20000000000000001,0.26000000000000001,48,40,51.124260355029577,-0.028611111117772661,0.0033161257336185692,replication,random_pauli,64
8,4,0.20000000000000001,0.27000000000000002,48,32,55.668639053254452,-0.06488095239605865,0.0036108924654957766,replication,random_pauli,64
8,4,0.20000000000000001,0.28000000000000003,48,16,36.355029585798832,-0.033333333341094354,0.0023581338550176505,replication,random_pauli,64
8,4,0.20000000000000001,0.29999999999999999,48,10,35.502958579881643,-0.08616666668672894,0.0023028650927906726,replication,random_pauli,64
8,4,0.22,0.23999999999999999,76,59,13.266272189349099,-0.083363068708080371,0.00086050392300611402,replication,random_pauli,64
8,4,0.22,0.25,76,57,28.837278106508876,-0.05672514621203778,0.0018705021716192245,replication,random_pauli,64
8,4,0.22,0.26000000000000001,76,40,35.976331360946759,-0.024605263163623603,0.0023335699606945497,replication,random_pauli,64
8,4,0.22,0.27000000000000002,76,32,44.970414201183466,-0.07618421054405379,0.0029169624508681882,replication,random_pauli,64
8,4,0.22,0.28000000000000003,76,16,32.378698224852101,-0.032236842112768879,0.0021002129646250961,replication,random_pauli,64
8,4,0.22,0.29999999999999999,76,10,35.97633136094673,-0.098552631601893481,0.002333569960694548,replication,random_pauli,64
8,4,0.23999999999999999,0.25,59,57,2.4874260355029629,-0.0034493012199526521,0.00016134448556364683,replication,random_pauli,64
8,4,0.23999999999999999,0.26000000000000001,59,40,6.9822485207100717,0.034152542380833088,0.00045289680158216658,replication,random_pauli,64
8,4,0.23999999999999999,0.27000000000000002,59,32,12.568047337278129,-0.071398305101369408,0.00081521424284789986,replication,random_pauli,64
8,4,0.23999999999999999,0.28000000000000003,59,16,11.171597633136116,-0.0066737288151131656,0.00072463488253146657,replication,random_pauli,64
8,4,0.23999999999999999,0.29999999999999999,59,10,15.710059171597635,-0.10361581923316449,0.001019017803559873,replication,random_pauli,64
8,4,0.25,0.26000000000000001,57,40,1.6863905325443818,0.071754385981618818,0.00010938609190755718,replication,random_pauli,64
8,4,0.25,0.27000000000000002,57,32,5.3964497041420207,-0.10537280704207778,0.00035003549410418292,replication,random_pauli,64
8,4,0.25,0.28000000000000003,57,16,6.0710059171597743,-0.0077485380135000033,0.00039378993086720587,replication,random_pauli,64
8,4,0.25,0.29999999999999999,57,10,10.539940828402363,-0.1236491228358069,0.0006836630744222309,replication,random_pauli,64
8,4,0.26000000000000001,0.27000000000000002,40,32,0.94674556213017924,-0.28250000006577436,6.1409735807751406e-05,replication,random_pauli,64
8,4,0.26000000000000001,0.28000000000000003,40,16,1.8934911242603585,-0.047500000011059418,0.00012281947161550281,replication,random_pauli,64
8,4,0.26000000000000001,0.29999999999999999,40,10,4.7337278106508824,-0.17250000004016339,0.00030704867903875608,replication,random_pauli,64
8,4,0.27000000000000002,0.28000000000000003,32,16,0.37869822485207166,0.18750000004365558,2.4563894323100559e-05,replication,random_pauli,64
8,4,0.27000000000000002,0.29999999999999999,32,10,2.1301775147928947,-0.13583333336495965,0.0001381719055674401,replication,random_pauli,64
8,4,0.28000000000000003,0.29999999999999999,16,10,0.47337278106508696,-0.29750000006926769,3.0704867903875527e-05,replication,random_pauli,64
8,5,0.20000000000000001,0.22,73,74,23.797356828193806,0.074231766029871402,0.0015435925492526647,replication,random_pauli,64
8,5,0.20000000000000001,0.23999999999999999,73,38,48.881057268722408,-0.021845710170911883,0.0031706225336000679,replication,random_pauli,64
8,5,0.20000000000000001,0.25,73,31,62.307268722466937,-0.029836500227892509,0.0040415007624014058,replication,random_pauli,64
8,5,0.20000000000000001,0.26000000000000001,73,11,31.837004405286343,-0.059858862612525619,0.0020650765185947833,replication,random_pauli,64
8,5,0.22,0.23999999999999999,74,38,12.387665198237871,-0.11792318637169517,0.00080351392974796238,replication,random_pauli,64
8,5,0.22,0.25,74,31,22.737885462555067,-0.099215344399735075,0.0014748709631558013,replication,random_pauli,64
8,5,0.22,0.26000000000000001,74,11,14.343612334801769,-0.12690417693372408,0.00093038455023448431,replication,random_pauli,64
8,5,0.23999999999999999,0.25,38,31,1.2973568281938348,-0.061799660455814989,8.415179669657739e-05,replication,random_pauli,64
8,5,0.23999999999999999,0.26000000000000001,38,11,1.8414096916299592,-0.13588516749575297,0.00011944125982740017,replication,random_pauli,64
8,5,0.25,0.26000000000000001,31,11,0.37555066079295218,-0.20997067453569093,2.4359730622693454e-05,replication,random_pauli,64
8,6,0.20000000000000001,0.22,70,43,21.970802919708007,-0.0098338870454790141,0.0014251148954400078,replication,random_pauli,64
8,6,0.20000000000000001,0.23999999999999999,70,24,49.051094890510889,0.0069047619063695408,0.0031816518595869933,replication,random_pauli,64
8,6,0.22,0.23999999999999999,43,24,7.532846715328458,0.023643410858218097,0.00048861082129371684,replication,random_pauli,64
10,0,0.23999999999999999,0.26000000000000001,10,16,0.69565217391304479,0.085000000019790509,4.512280587613038e-05,replication,random_pauli,64
10,0,0.23999999999999999,0.27000000000000002,10,25,2.4456521739130479,0.026666666672875441,0.00015863486440827085,replication,random_pauli,64
10,0,0.23999999999999999,0.28000000000000003,10,34,5.9130434782608798,0.035882352949530925,0.00038354384994710816,replication,random_pauli,64
10,0,0.23999999999999999,0.29999999999999999,10,46,18,0.024347826092625424,0.0011675526020448713,replication,random_pauli,64
10,0,0.23999999999999999,0.34000000000000002,10,99,107.60869565217398,0.0069494949511129979,0.0069799340339639091,replication,random_pauli,64
10,0,0.26000000000000001,0.27000000000000002,16,25,0.43478260869565294,-0.090000000020954679,2.8201753672581483e-05,replication,random_pauli,64
10,0,0.26000000000000001,0.28000000000000003,16,34,2.3652173913043524,-0.013235294120728646,0.00015341753997884331,replication,random_pauli,64
10,0,0.26000000000000001,0.29999999999999999,16,46,12.799999999999986,-0.0059782608709571562,0.00083025962812079655,replication,random_pauli,64
10,0,0.26000000000000001,0.34000000000000002,16,99,110.19130434782615,-0.012563131316056391,0.0071474524507790429,replication,random_pauli,64
10,0,0.27000000000000002,0.28000000000000003,25,34,0.92391304347826242,0.063529411779497391,5.9928726554235645e-05,replication,random_pauli,64
10,0,0.27000000000000002,0.29999999999999999,25,46,11.249999999999977,0.022028985512375407,0.00072972037627804312,replication,random_pauli,64
10,0,0.27000000000000002,0.34000000000000002,25,99,131.82065217391309,-0.0015007215010709133,0.0085504191916057869,replication,random_pauli,64
10,0,0.28000000000000003,0.29999999999999999,34,46,6.799999999999975,0.0012787723788143547,0.00044107542743917203,replication,random_pauli,64
10,0,0.28000000000000003,0.34000000000000002,34,99,131.71304347826086,-0.012339077047832306,0.0085434392575718197,replication,random_pauli,64
10,0,0.29999999999999999,0.34000000000000002,46,99,79.200000000000145,-0.019148001761155619,0.0051372314489974433,replication,random_pauli,64
10,1,0.23999999999999999,0.25,17,35,0.32836644591611536,-0.038319327740014418,2.1299172130754834e-05,replication,random_pauli,64
10,1,0.23999999999999999,0.26000000000000001,17,49,1.838852097130246,-0.021608643462414125,0.00011927536393222707,replication,random_pauli,64
10,1,0.23999999999999999,0.27000000000000002,17,66,5.5728476821192157,-0.073321449809109457,0.00036147737844766781,replication,random_pauli,64
10,1,0.23999999999999999,0.28000000000000003,17,74,11.108167770419447,-0.015023847380286573,0.00072052056579467792,replication,random_pauli,64
10,1,0.23999999999999999,0.29999999999999999,17,102,34.450331125827816,-0.035294117655276382,0.0022345874304037605,replication,random_pauli,64
10,1,0.23999999999999999,0.34000000000000002,17,110,103.20088300220759,-0.029390374338393779,0.0066940255268086559,replication,random_pauli,64
10,1,0.25,0.26000000000000001,35,49,0.94646799116997971,-0.0048979591848138338,6.1391731435705117e-05,replication,random_pauli,64
10,1,0.25,0.27000000000000002,35,66,5.0993377483443796,-0.090822510843656973,0.00033076361426583978,replication,random_pauli,64
10,1,0.25,0.28000000000000003,35,74,12.86423841059605,-0.0072586872603772916,0.00083442639053427764,replication,random_pauli,64
10,1,0.25,0.29999999999999999,35,102,49.254966887417204,-0.034689075638328778,0.0031948758196132187,replication,random_pauli,64
10,1,0.25,0.34000000000000002,35,110,172.10264900662258,-0.028398268404880373,0.011163271981472078,replication,random_pauli,64
10,1,0.26000000000000001,0.27000000000000002,49,66,1.7847682119205328,-0.17674706250250011,0.00011576726499304391,replication,random_pauli,64
10,1,0.26000000000000001,0.28000000000000003,49,74,8.0044150110375423,-0.0084390512981590213,0.00051919864299910612,replication,random_pauli,64
10,1,0.26000000000000001,0.29999999999999999,49,102,44.132450331125789,-0.042136854751707524,0.0028626087343734423,replication,random_pauli,64
10,1,0.26000000000000001,0.34000000000000002,49,110,190.3752759381899,-0.031335807057388691,0.012348508265924667,replication,random_pauli,64
10,1,0.27000000000000002,0.28000000000000003,66,74,2.6953642384106007,0.15986895990618208,0.00017483219611194389,replication,random_pauli,64
10,1,0.27000000000000002,0.29999999999999999,66,102,33.437086092715163,0.0027332144985567565,0.0021688642706859983,replication,random_pauli,64
10,1,0.27000000000000002,0.34000000000000002,66,110,196.32450331125833,-0.010562770565229904,0.012734399149234812,replication,random_pauli,64
10,1,0.28000000000000003,0.29999999999999999,74,102,16.662251655629074,-0.075834658205256117,0.0010807808486920107,replication,random_pauli,64
10,1,0.28000000000000003,0.34000000000000002,74,110,161.72185430463574,-0.038968058977131924,0.010489931766716613,replication,random_pauli,64
10,1,0.29999999999999999,0.34000000000000002,102,110,99.072847682119374,-0.020534759363069883,0.0064262645057363158,replication,random_pauli,64
10,2,0.22,0.23999999999999999,30,76,3.6421725239616567,-0.0026315789479811349,0.00023624600041376493,replication,random_pauli,64
10,2,0.22,0.25,30,72,7.7635782747603841,-0.040740740750226434,0.00050357700088197337,replication,random_pauli,64
10,2,0.22,0.26000000000000001,30,85,16.29392971246007,0.020000000004656609,0.0010568900018510553,replication,random_pauli,64
10,2,0.22,0.27000000000000002,30,85,25.459265175718869,-0.023529411770184253,0.0016513906278922748,replication,random_pauli,64
10,2,0.22,0.28000000000000003,30,102,43.993610223642214,-0.010457516342304107,0.0028536030049978512,replication,random_pauli,64
10,2,0.22,0.29999999999999999,30,101,77.44408945686898,-0.023762376243156382,0.0050233360087979535,replication,random_pauli,64
10,2,0.22,0.34000000000000002,30,75,129.39297124600643,-0.032444444451998504,0.0083929500146995573,replication,random_pauli,64
10,2,0.23999999999999999,0.25,76,72,2.1853035143770003,-0.11695906435471694,0.00014174760024825936,replication,random_pauli,64
10,2,0.23999999999999999,0.26000000000000001,76,85,10.319488817891392,0.042631578957294324,0.00066936366783900271,replication,random_pauli,64
10,2,0.23999999999999999,0.27000000000000002,76,85,23.218849840255633,-0.037461300318319644,0.0015060682526377561,replication,random_pauli,64
10,2,0.23999999999999999,0.28000000000000003,76,102,49.533546325878682,-0.014370485039465588,0.0032129456056272129,replication,random_pauli,64
10,2,0.23999999999999999,0.29999999999999999,76,101,110.35782747603834,-0.030805975341548122,0.0071582538125370869,replication,random_pauli,64
10,2,0.23999999999999999,0.34000000000000002,76,75,227.635782747604,-0.038407017552801972,0.014765375025860339,replication,random_pauli,64
10,2,0.25,0.26000000000000001,72,85,2.4440894568690141,0.20222222226930558,0.00015853350027765855,replication,random_pauli,64
10,2,0.25,0.27000000000000002,72,85,9.7763578274760565,0.0022875816998789967,0.00063413400111063422,replication,random_pauli,64
10,2,0.25,0.28000000000000003,72,102,26.396166134185354,0.019825708065618196,0.0017121618029987125,replication,random_pauli,64
10,2,0.25,0.29999999999999999,72,101,72.603833865814664,-0.013575357538914342,0.0047093775082480815,replication,random_pauli,64
10,2,0.25,0.34000000000000002,72,75,174.68051118210872,-0.029679012352589199,0.011330482519844405,replication,random_pauli,64
10,2,0.26000000000000001,0.27000000000000002,85,85,2.8853833865814749,-0.19764705886954759,0.00018715760449445799,replication,random_pauli,64
10,2,0.26000000000000001,0.28000000000000003,85,102,13.849840255591079,-0.071372549036225488,0.00089835650157339838,replication,random_pauli,64
10,2,0.26000000000000001,0.29999999999999999,85,101,54.856230031948826,-0.067524752490969411,0.0035581963395652149,replication,random_pauli,64
10,2,0.26000000000000001,0.34000000000000002,85,75,162.9392971246007,-0.058666666680326059,0.010568900018510553,replication,random_pauli,64
10,2,0.27000000000000002,0.28000000000000003,85,102,3.4624600638977698,0.05490196079709659,0.00022458912539334959,replication,random_pauli,64
10,2,0.27000000000000002,0.29999999999999999,85,101,30.856629392971183,-0.02415065036477659,0.0020014854410054313,replication,random_pauli,64
10,2,0.27000000000000002,0.34000000000000002,85,75,124.7503993610224,-0.038812324939008686,0.0080918140766721419,replication,random_pauli,64
10,2,0.28000000000000003,0.29999999999999999,102,101,16.456869009584601,-0.063676955945713293,0.0010674589018695615,replication,random_pauli,64
10,2,0.28000000000000003,0.34000000000000002,102,75,109.98402555910542,-0.054431372561692913,0.0071340075124946209,replication,random_pauli,64
10,2,0.29999999999999999,0.34000000000000002,101,75,48.402555910543214,-0.049808580869682734,0.0031395850054987276,replication,random_pauli,64
10,3,0.20000000000000001,0.22,19,53,1.9980158730158708,-0.12194637540078616,0.00012959936841481308,replication,random_pauli,64
10,3,0.20000000000000001,0.23999999999999999,19,78,11.761904761904749,-0.048515519579447067,0.0007629245838758807,replication,random_pauli,64
10,3,0.20000000000000001,0.25,19,92,21.676587301587293,-0.052814645321221362,0.0014060308837456146,replication,random_pauli,64
10,3,0.20000000000000001,0.26000000000000001,19,76,25.785714285714285,-0.069298245630169841,0.0016725654338817402,replication,random_pauli,64
10,3,0.20000000000000001,0.27000000000000002,19,75,34.635416666666679,-0.080441102775621387,0.0022465928251152768,replication,random_pauli,64
10,3,0.20000000000000001,0.28000000000000003,19,54,32.571428571428584,-0.044200779737386807,0.0021127142322716727,replication,random_pauli,64
10,3,0.20000000000000001,0.29999999999999999,19,42,39.583333333333321,-0.058746867181597884,0.0025675346572746004,replication,random_pauli,64
10,3,0.20000000000000001,0.34000000000000002,19,15,27.708333333333339,-0.052030075200084111,0.0017972742600922214,replication,random_pauli,64
10,3,0.22,0.23999999999999999,53,78,8.2023809523809419,0.02491533624189203,0.0005320395124397588,replication,random_pauli,64
10,3,0.22,0.25,53,92,21.767857142857142,-0.0067268252681781937,0.0014119510137824386,replication,random_pauli,64
10,3,0.22,0.26000000000000001,53,76,31.968253968253983,-0.042974180744861715,0.0020735898946370123,replication,random_pauli,64
10,3,0.22,0.27000000000000002,53,75,49.293154761904795,-0.063838993725555487,0.0031973528391812493,replication,random_pauli,64
10,3,0.22,0.28000000000000003,53,54,51.107142857142911,-0.018285581182920379,0.0033150154236631204,replication,random_pauli,64
10,3,0.22,0.29999999999999999,53,42,70.666666666666643,-0.042946990126800831,0.004583725030250234,replication,random_pauli,64
10,3,0.22,0.34000000000000002,53,15,56.785714285714299,-0.040377358499967111,0.0036833504707367974,replication,random_pauli,64
10,3,0.23999999999999999,0.25,78,92,3.5595238095238155,-0.070011148288318559,0.00023088507143612243,replication,random_pauli,64
10,3,0.23999999999999999,0.26000000000000001,78,76,11.761904761904784,-0.11086369773161536,0.00076292458387588297,replication,random_pauli,64
10,3,0.23999999999999999,0.27000000000000002,78,75,26.116071428571477,-0.12300854703718707,0.0016939937306454638,replication,random_pauli,64
10,3,0.23999999999999999,0.28000000000000003,78,54,33.428571428571487,-0.039886039895326554,0.0021683119752261937,replication,random_pauli,64
10,3,0.23999999999999999,0.29999999999999999,78,42,58.5,-0.065567765583031776,0.0037945459566458319,replication,random_pauli,64
10,3,0.23999999999999999,0.34000000000000002,78,15,58.035714285714334,-0.053435897448338925,0.0037644305125454714,replication,random_pauli,64
10,3,0.25,0.26000000000000001,92,76,3.4682539682539746,-0.15171624717491217,0.00022496494139929882,replication,random_pauli,64
10,3,0.25,0.27000000000000002,92,75,13.690476190476215,-0.14950724641162133,0.00088801950552354792,replication,random_pauli,64
10,3,0.25,0.28000000000000003,92,54,22.17857142857147,-0.029844337097662554,0.0014385915989481477,replication,random_pauli,64
10,3,0.25,0.29999999999999999,92,42,47.91666666666665,-0.064679089041974405,0.0031080682693324113,replication,random_pauli,64
10,3,0.25,0.34000000000000002,92,15,55.446428571428598,-0.051594202910563422,0.0035964789973703644,replication,random_pauli,64
10,3,0.26000000000000001,0.27000000000000002,76,75,2.8273809523809579,-0.14729824564833052,0.00018339533266247188,replication,random_pauli,64
10,3,0.26000000000000001,0.28000000000000003,76,54,8.1428571428571566,0.031091617940962255,0.00052817855806791894,replication,random_pauli,64
10,3,0.26000000000000001,0.29999999999999999,76,42,25.333333333333304,-0.042919799508739941,0.0016432221806557429,replication,random_pauli,64
10,3,0.26000000000000001,0.34000000000000002,76,15,36.190476190476204,-0.039078947377519817,0.0023474602580796367,replication,random_pauli,64
10,3,0.27000000000000002,0.28000000000000003,75,54,2.0089285714285752,0.20948148153025503,0.00013030721004965106,replication,random_pauli,64
10,3,0.27000000000000002,0.29999999999999999,75,42,14.062499999999972,-0.0081269841288763509,0.0009121504703475539,replication,random_pauli,64
10,3,0.27000000000000002,0.34000000000000002,75,15,27.343750000000007,-0.023619047624546839,0.0017736259145646922,replication,random_pauli,64
10,3,0.28000000000000003,0.29999999999999999,54,42,4.4999999999999822,-0.11693121695844234,0.00029188815051121668,replication,random_pauli,64
10,3,0.28000000000000003,0.34000000000000002,54,15,14.464285714285714,-0.062469135817013854,0.00093821191235748589,replication,random_pauli,64
10,3,0.29999999999999999,0.34000000000000002,42,15,5.0000000000000089,-0.035238095246299686,0.00032432016723468705,replication,random_pauli,64
10,4,0.20000000000000001,0.22,56,75,11.830985915492944,-0.020333333338067566,0.0007674054661327784,replication,random_pauli,64
10,4,0.20000000000000001,0.23999999999999999,56,63,39.752112676056292,-0.036706349214895587,0.0025784823662061353,replication,random_pauli,64
10,4,0.20000000000000001,0.25,56,47,46.338028169014066,-0.04276595745676575,0.003005671409020051,replication,random_pauli,64
10,4,0.20000000000000001,0.26000000000000001,56,53,75.245070422535207,-0.067138364795506084,0.0048806987646044762,replication,random_pauli,64
10,4,0.20000000000000001,0.27000000000000002,56,33,63.769014084507056,-0.077705627723719958,0.0041363154624556812,replication,random_pauli,64
10,4,0.20000000000000001,0.28000000000000003,56,28,70.670422535211301,-0.033035714293406009,0.004583968651033137,replication,random_pauli,64
10,4,0.22,0.23999999999999999,75,63,13.309859154929564,-0.053079365091723604,0.00086333114939937585,replication,random_pauli,64
10,4,0.22,0.25,75,47,22.341549295774648,-0.057721040202564543,0.0014491630007775252,replication,random_pauli,64
10,4,0.22,0.26000000000000001,75,53,44.788732394366214,-0.090540880524225334,0.0029051778360740942,replication,random_pauli,64
10,4,0.22,0.27000000000000002,75,33,43.57394366197186,-0.1006545454779809,0.0028263817391051041,replication,random_pauli,64
10,4,0.22,0.28000000000000003,75,28,53.239436619718354,-0.037269841278518824,0.0034533245975975099,replication,random_pauli,64
10,4,0.23999999999999999,0.25,63,47,2.0852112676056374,-0.067004390424246413,0.00013525521340590257,replication,random_pauli,64
10,4,0.23999999999999999,0.26000000000000001,63,53,9.4056338028169186,-0.12800239595672702,0.00061008734557556061,replication,random_pauli,64
10,4,0.23999999999999999,0.27000000000000002,63,33,13.176760563380304,-0.13237133240215238,0.00085469783790538436,replication,random_pauli,64
10,4,0.23999999999999999,0.28000000000000003,63,28,19.876056338028203,-0.029365079371916444,0.0012892411831030713,replication,random_pauli,64
10,4,0.25,0.26000000000000001,47,53,1.7542253521126792,-0.1890004014892076,0.00011378613191290218,replication,random_pauli,64
10,4,0.25,0.27000000000000002,47,33,4.3690140845070493,-0.16505480339110537,0.00028339187570760541,replication,random_pauli,64
10,4,0.25,0.28000000000000003,47,28,8.3408450704225494,-0.016818642354473126,0.00054102085362361029,replication,random_pauli,64
10,4,0.26000000000000001,0.27000000000000002,53,33,1.2316901408450727,-0.14110920529300311,7.9892390492037699e-05,replication,random_pauli,64
10,4,0.26000000000000001,0.28000000000000003,53,28,4.1802816901408519,0.069272237212894119,0.00027114993136691582,replication,random_pauli,64
10,4,0.27000000000000002,0.28000000000000003,33,28,0.65070422535211381,0.2796536797187914,4.2207300637302932e-05,replication,random_pauli,64
10,5,0.20000000000000001,0.22,63,65,17.062499999999979,-0.052649572661831109,0.0011067425706883663,replication,random_pauli,64
10,5,0.20000000000000001,0.23999999999999999,63,40,41.999999999999957,-0.060555555569654779,0.002724289404771364,replication,random_pauli,64
10,5,0.20000000000000001,0.25,63,38,62.343749999999979,-0.046549707613177393,0.004043867085207496,replication,random_pauli,64
10,5,0.20000000000000001,0.26000000000000001,63,21,49.612500000000004,-0.068783068799083594,0.0032180668593861771,replication,random_pauli,64
10,5,0.20000000000000001,0.27000000000000002,63,13,41.803125000000009,-0.0317460317534232,0.0027115192981865014,replication,random_pauli,64
10,5,0.22,0.23999999999999999,65,40,10.833333333333323,-0.068461538477478448,0.00070269369567515345,replication,random_pauli,64
10,5,0.22,0.25,65,38,23.15625,-0.042483130914074928,0.0015020077745056418,replication,random_pauli,64
10,5,0.22,0.26000000000000001,65,21,22.750000000000007,-0.07684981686770985,0.0014756567609178241,replication,random_pauli,64
10,5,0.22,0.27000000000000002,65,13,22.00520833333335,-0.023384615390060044,0.0014273465693401578,replication,random_pauli,64
10,5,0.23999999999999999,0.25,40,38,1.5833333333333359,0.0094736842127320416,0.00010270138629098422,replication,random_pauli,64
10,5,0.23999999999999999,0.26000000000000001,40,21,3.5000000000000062,-0.085238095257941252,0.00022702411706428094,replication,random_pauli,64
10,5,0.23999999999999999,0.27000000000000002,40,13,4.875000000000008,0.0066666666682188456,0.00031621216305381986,replication,random_pauli,64
10,5,0.25,0.26000000000000001,38,21,0.8312500000000016,-0.17994987472861451,5.391822780276673e-05,replication,random_pauli,64
10,5,0.25,0.27000000000000002,38,13,2.0583333333333367,0.0052631578959622472,0.00013351180217827948,replication,random_pauli,64
10,5,0.26000000000000001,0.27000000000000002,21,13,0.28437500000000054,0.19047619052053902,1.8445709511472829e-05,replication,random_pauli,64
10,6,0.20000000000000001,0.22,64,42,20.519083969465626,-0.045833333344004759,0.0013309505488959333,replication,random_pauli,64
10,6,0.20000000000000001,0.23999999999999999,64,14,27.358778625954169,-0.099107142880218116,0.0017746007318612444,replication,random_pauli,64
10,6,0.20000000000000001,0.25,64,11,33.587786259541971,-0.13227272730352446,0.0021786392913475117,replication,random_pauli,64
10,6,0.22,0.23999999999999999,42,14,4.4885496183206053,-0.15238095241643149,0.00029114543257098541,replication,random_pauli,64
10,6,0.22,0.25,42,11,7.9351145038167932,-0.18989898994320423,0.00051470353258084979,replication,random_pauli,64
10,6,0.23999999999999999,0.25,14,11,0.29389312977099291,-0.26493506499674974,1.9063093799290767e-05,replication,random_pauli,64
6,0,0.28000000000000003,0.29999999999999999,25,44,6.5868263473053643,-0.033636363636363693,0.00070273919476740085,replication,random_pauli,128
6,0,0.28000000000000003,0.34000000000000002,25,98,132.03592814371257,-0.010748299319727891,0.014086726586019315,replication,random_pauli,128
6,0,0.29999999999999999,0.34000000000000002,44,98,103.28143712574867,0.00069573283858997905,0.011018950573952904,replication,random_pauli,128
6,1,0.25,0.26000000000000001,18,28,0.31188118811881244,-0.093650793650793568,3.3274163222987691e-05,replication,random_pauli,128
6,1,0.25,0.27000000000000002,18,52,2.3168316831683211,-0.053418803418803402,0.00024717949822790857,replication,random_pauli,128
6,1,0.25,0.28000000000000003,18,61,6.1150990099010016,-0.078445658773527577,0.00065241127176500881,replication,random_pauli,128
6,1,0.25,0.29999999999999999,18,112,31.188118811881179,-0.039444444444444469,0.0033274163222987625,replication,random_pauli,128
6,1,0.25,0.34000000000000002,18,133,119.99628712871292,-0.035718926946997125,0.012802234300044497,replication,random_pauli,128
6,1,0.26000000000000001,0.27000000000000002,28,52,0.90099009900990257,-0.013186813186813239,9.6125360421964442e-05,replication,random_pauli,128
6,1,0.26000000000000001,0.28000000000000003,28,61,4.227722772277235,-0.070843091334894567,0.00045104976813383315,replication,random_pauli,128
6,1,0.26000000000000001,0.29999999999999999,28,112,31.049504950495013,-0.025892857142857176,0.003312627805310765,replication,random_pauli,128
6,1,0.26000000000000001,0.34000000000000002,28,133,147.48514851485155,-0.02847744360902256,0.01573498207522616,replication,random_pauli,128
6,1,0.27000000000000002,0.28000000000000003,52,61,1.9628712871287164,-0.12849936948297591,0.00020941596377642253,replication,random_pauli,128
6,1,0.27000000000000002,0.29999999999999999,52,112,32.435643564356369,-0.030128205128205163,0.0034605129751907066,replication,random_pauli,128
6,1,0.27000000000000002,0.34000000000000002,52,133,209.70544554455449,-0.030661819383623893,0.022373177638212189,replication,random_pauli,128
6,1,0.28000000000000003,0.29999999999999999,61,112,16.910891089108848,0.019057377049180348,0.0018041990725353228,replication,random_pauli,128
6,1,0.28000000000000003,0.34000000000000002,61,133,180.73514851485152,-0.014355561033731876,0.019282377587721337,replication,random_pauli,128
6,1,0.29999999999999999,0.34000000000000002,112,133,147.48514851485177,-0.031062030075187944,0.015734982075226184,replication,random_pauli,128
6,2,0.23999999999999999,0.25,22,34,0.43488372093023331,-0.10588235294117639,4.6397129626620049e-05,replication,random_pauli,128
6,2,0.23999999999999999,0.26000000000000001,22,61,3.1209302325581447,0.013114754098360619,0.00033296763614397911,replication,random_pauli,128
6,2,0.23999999999999999,0.27000000000000002,22,85,9.7848837209302495,-0.040784313725490164,0.001043935416598951,replication,random_pauli,128
6,2,0.23999999999999999,0.28000000000000003,22,90,18.418604651162827,-0.0077777777777777654,0.0019650549018333202,replication,random_pauli,128
6,2,0.23999999999999999,0.29999999999999999,22,83,38.218604651162792,-0.039357429718875507,0.0040774889213041308,replication,random_pauli,128
6,2,0.23999999999999999,0.34000000000000002,22,55,70.348837209302374,-0.029090909090909084,0.0075054180278355878,replication,random_pauli,128
6,2,0.25,0.26000000000000001,34,61,1.2058139534883743,0.13211186113789763,0.00012864658669199195,replication,random_pauli,128
6,2,0.25,0.27000000000000002,34,85,6.7209302325581524,-0.0082352941176470559,0.00071704654877503718,replication,random_pauli,128
6,2,0.25,0.28000000000000003,34,90,16.011627906976774,0.024923747276688443,0.0017082579544346473,replication,random_pauli,128
6,2,0.25,0.29999999999999999,34,83,41.017441860465098,-0.026052445074415315,0.0043760929079652905,replication,random_pauli,128
6,2,0.25,0.34000000000000002,34,55,88.063953488372121,-0.020558526440879382,0.0093954187493905453,replication,random_pauli,128
6,2,0.26000000000000001,0.27000000000000002,61,85,3.0145348837209354,-0.14858244937319173,0.00032161646672997985,replication,random_pauli,128
6,2,0.26000000000000001,0.28000000000000003,61,90,12.767441860465137,-0.028670309653916152,0.0013621403296799146,replication,random_pauli,128
6,2,0.26000000000000001,0.29999999999999999,61,83,47.097674418604598,-0.065593521627493614,0.005024784327263671,replication,random_pauli,128
6,2,0.26000000000000001,0.34000000000000002,61,55,124.83720930232563,-0.03964232488822652,0.013318705445759148,replication,random_pauli,128
6,2,0.27000000000000002,0.28000000000000003,85,90,4.4476744186046586,0.091241830065359436,0.00047451609845406865,replication,random_pauli,128
6,2,0.27000000000000002,0.29999999999999999,85,83,36.915697674418531,-0.037930545712260844,0.0039384836171687549,replication,random_pauli,128
6,2,0.27000000000000002,0.34000000000000002,85,55,133.18313953488376,-0.024079449961802904,0.01420912094815237,replication,random_pauli,128
6,2,0.28000000000000003,0.29999999999999999,90,83,17.372093023255751,-0.10251673360107116,0.0018534040551382346,replication,random_pauli,128
6,2,0.28000000000000003,0.34000000000000002,90,55,103.6046511627907,-0.04329966329966331,0.011053433822812405,replication,random_pauli,128
6,2,0.29999999999999999,0.34000000000000002,83,55,42.465116279069839,-0.013691128148959472,0.0045305432458934867,replication,random_pauli,128
6,3,0.23999999999999999,0.25,32,58,1.2114882506527438,-0.28577586206896521,0.00012925196943777988,replication,random_pauli,128
6,3,0.23999999999999999,0.26000000000000001,32,81,6.767624020887741,-0.16072530864197518,0.00072202824306621862,replication,random_pauli,128
6,3,0.23999999999999999,0.27000000000000002,32,80,15.039164490861646,-0.15416666666666654,0.0016045072068138191,replication,random_pauli,128
6,3,0.23999999999999999,0.28000000000000003,32,77,25.733681462141035,-0.12950487012987003,0.0027454901094369792,replication,random_pauli,128
6,3,0.23999999999999999,0.29999999999999999,32,42,31.582245430809401,-0.08561507936507938,0.0033694651343090143,replication,random_pauli,128
6,3,0.23999999999999999,0.34000000000000002,32,13,27.154046997389056,-0.07298076923076921,0.0028970269011916149,replication,random_pauli,128
6,3,0.25,0.26000000000000001,58,81,3.0665796344647571,-0.035674755214985109,0.00032716904763938027,replication,random_pauli,128
6,3,0.25,0.27000000000000002,58,80,12.114882506527437,-0.088362068965517182,0.0012925196943777988,replication,random_pauli,128
6,3,0.25,0.28000000000000003,58,77,26.236292428198485,-0.077414539483504949,0.0027991129631369208,replication,random_pauli,128
6,3,0.25,0.29999999999999999,58,42,39.751958224543067,-0.045582922824302152,0.0042410802471771428,replication,random_pauli,128
6,3,0.25,0.34000000000000002,58,13,39.865535248041787,-0.049336870026525197,0.0042531976193119379,replication,random_pauli,128
6,3,0.26000000000000001,0.27000000000000002,81,80,4.2297650130548377,-0.14104938271604925,0.00045126765191638658,replication,random_pauli,128
6,3,0.26000000000000001,0.28000000000000003,81,77,16.284595300261124,-0.098284431617764872,0.0017373804598780883,replication,random_pauli,128
6,3,0.26000000000000001,0.29999999999999999,81,42,35.530026109660533,-0.048059964726631425,0.0037906482760976363,replication,random_pauli,128
6,3,0.26000000000000001,0.34000000000000002,81,13,43.98955613577025,-0.051044634377967697,0.0046931835799304145,replication,random_pauli,128
6,3,0.27000000000000002,0.28000000000000003,80,77,4.0208877284595372,-0.055519480519480489,0.00042898282959952802,replication,random_pauli,128
6,3,0.27000000000000002,0.29999999999999999,80,42,19.738903394255832,-0.017063492063492086,0.0021059157089431293,replication,random_pauli,128
6,3,0.27000000000000002,0.34000000000000002,80,13,33.263707571801575,-0.038186813186813183,0.0035488579539597262,replication,random_pauli,128
6,3,0.28000000000000003,0.29999999999999999,77,42,8.4438642297649817,0.0021645021645021714,0.00090086394215900393,replication,random_pauli,128
6,3,0.28000000000000003,0.34000000000000002,77,13,23.522193211488251,-0.035298035298035296,0.0025095495531572342,replication,random_pauli,128
6,3,0.29999999999999999,0.34000000000000002,42,13,5.7023498694517079,-0.054029304029303983,0.00060837564925023981,replication,random_pauli,128
6,4,0.22,0.23999999999999999,17,68,3.7290322580645117,-0.064705882352941196,0.00039784518190098714,replication,random_pauli,128
6,4,0.22,0.25,17,56,6.9096774193548391,-0.041456582633053213,0.00073718371940477119,replication,random_pauli,128
6,4,0.22,0.26000000000000001,17,71,15.574193548387104,-0.020629660314830139,0.001661588700880596,replication,random_pauli,128
6,4,0.22,0.27000000000000002,17,50,17.137096774193559,-0.040188235294117636,0.0018283326374126281,replication,random_pauli,128
6,4,0.22,0.28000000000000003,17,34,16.780645161290337,-0.019607843137254888,0.0017903033185544459,replication,random_pauli,128
6,4,0.22,0.29999999999999999,17,14,12.283870967741928,-0.1012605042016807,0.0013105488344973702,replication,random_pauli,128
6,4,0.23999999999999999,0.25,68,56,3.070967741935489,0.0050420168067226668,0.00032763720862434331,replication,random_pauli,128
6,4,0.23999999999999999,0.26000000000000001,68,71,15.574193548387125,0.02344656172328085,0.0016615887008805984,replication,random_pauli,128
6,4,0.23999999999999999,0.27000000000000002,68,50,24.677419354838751,-0.023843137254901954,0.0026327989978741874,replication,random_pauli,128
6,4,0.23999999999999999,0.28000000000000003,68,34,29.832258064516179,0.0029411764705882292,0.0031827614552079062,replication,random_pauli,128
6,4,0.23999999999999999,0.29999999999999999,68,14,27.638709677419357,-0.1134453781512605,0.0029487348776190848,replication,random_pauli,128
6,4,0.25,0.26000000000000001,56,71,3.2064516129032312,0.041851106639839035,0.00034209179135777021,replication,random_pauli,128
6,4,0.25,0.27000000000000002,56,50,9.0322580645161477,-0.038285714285714263,0.00096363884889512775,replication,random_pauli,128
6,4,0.25,0.28000000000000003,56,34,13.8193548387097,0.0022408963585434168,0.0014743674388095448,replication,random_pauli,128
6,4,0.25,0.29999999999999999,56,14,15.806451612903217,-0.13714285714285718,0.0016863679855664692,replication,random_pauli,128
6,4,0.26000000000000001,0.27000000000000002,71,50,2.8629032258064568,-0.11842253521126755,0.00030543909942658059,replication,random_pauli,128
6,4,0.26000000000000001,0.28000000000000003,71,34,7.7870967741935626,-0.017564208782104393,0.00083079435044029922,replication,random_pauli,128
6,4,0.26000000000000001,0.29999999999999999,71,14,12.825806451612889,-0.1818913480885313,0.0013683671654310771,replication,random_pauli,128
6,4,0.27000000000000002,0.28000000000000003,50,34,1.370967741935486,0.083294117647058782,0.00014626661099301038,replication,random_pauli,128
6,4,0.27000000000000002,0.29999999999999999,50,14,5.0806451612903132,-0.20304761904761928,0.00054204685250350726,replication,random_pauli,128
6,4,0.28000000000000003,0.29999999999999999,34,14,1.5354838709677361,-0.34621848739495864,0.00016381860431217076,replication,random_pauli,128
6,5,0.22,0.23999999999999999,34,78,11.285106382978709,-0.12141779788838618,0.0012039920523611851,replication,random_pauli,128
6,5,0.22,0.25,34,57,18.555319148936171,-0.11090471276229789,0.0019796407784015663,replication,random_pauli,128
6,5,0.22,0.26000000000000001,34,38,21.991489361702136,-0.11037151702786374,0.0023462409225500054,replication,random_pauli,128
6,5,0.22,0.27000000000000002,34,16,14.468085106382986,-0.14382352941176468,0.0015435795543092144,replication,random_pauli,128
6,5,0.22,0.28000000000000003,34,12,15.62553191489363,-0.082352941176470559,0.0016670659186539521,replication,random_pauli,128
6,5,0.23999999999999999,0.25,78,57,4.7297872340425622,-0.089878542510121368,0.00050461431606314529,replication,random_pauli,128
6,5,0.23999999999999999,0.26000000000000001,78,38,12.612765957446831,-0.099325236167341346,0.0013456381761683873,replication,random_pauli,128
6,5,0.23999999999999999,0.27000000000000002,78,16,11.948936170212786,-0.15876068376068364,0.0012748151142647878,replication,random_pauli,128
6,5,0.23999999999999999,0.28000000000000003,78,12,15.93191489361705,-0.062820512820512778,0.0016997534856863842,replication,random_pauli,128
6,5,0.25,0.26000000000000001,57,38,2.3042553191489406,-0.10877192982456131,0.00024583774372307081,replication,random_pauli,128
6,5,0.25,0.27000000000000002,57,16,3.8808510638297942,-0.19320175438596482,0.00041404251574411922,replication,random_pauli,128
6,5,0.25,0.28000000000000003,57,12,6.5489361702127775,-0.053801169590643245,0.0006986967453182011,replication,random_pauli,128
6,5,0.26000000000000001,0.27000000000000002,38,16,0.64680851063829903,-0.27763157894736834,6.9007085957353199e-05,replication,random_pauli,128
6,5,0.26000000000000001,0.28000000000000003,38,12,1.9404255319148971,-0.026315789473684213,0.00020702125787205961,replication,random_pauli,128
6,5,0.27000000000000002,0.28000000000000003,16,12,0.20425531914893655,0.22499999999999987,2.1791711354953643e-05,replication,random_pauli,128
6,6,0.22,0.23999999999999999,57,53,17.770588235294095,-0.062495862297252618,0.0018959189461738931,replication,random_pauli,128
6,6,0.22,0.25,57,47,35.457352941176474,-0.074903570984198087,0.0037828948784507446,replication,random_pauli,128
6,6,0.22,0.26000000000000001,57,13,17.435294117647064,-0.070580296896086372,0.0018601468905857094,replication,random_pauli,128
6,6,0.23999999999999999,0.25,53,47,3.6632352941176531,-0.099718988358089025,0.00039082539679900541,replication,random_pauli,128
6,6,0.23999999999999999,0.26000000000000001,53,13,4.0529411764705952,-0.07866473149492012,0.00043240256667124001,replication,random_pauli,128
6,6,0.25,0.26000000000000001,47,13,0.89852941176470746,-0.057610474631751223,9.5862833177114538e-05,replication,random_pauli,128
6,7,0.20000000000000001,0.22,25,67,12.884615384615371,0.038208955223880618,0.0013746414073867953,replication,random_pauli,128
6,7,0.20000000000000001,0.23999999999999999,25,22,16.923076923076902,-0.13272727272727283,0.0018054991619408651,replication,random_pauli,128
6,7,0.20000000000000001,0.25,25,16,19.230769230769226,-0.13800000000000004,0.0020517035931146214,replication,random_pauli,128
6,7,0.22,0.23999999999999999,67,22,11.338461538461525,-0.30366350067842623,0.0012096844385003798,replication,random_pauli,128
6,7,0.22,0.25,67,16,18.553846153846152,-0.25547263681592042,0.0019794836266369873,replication,random_pauli,128
6,7,0.23999999999999999,0.25,22,16,0.67692307692307807,-0.15909090909090892,7.2219966477634815e-05,replication,random_pauli,128
6,8,0.20000000000000001,0.22,42,54,21.196261682242969,-0.068783068783068821,0.0022613992052108955,replication,random_pauli,128
6,8,0.20000000000000001,0.23999999999999999,42,11,17.271028037383157,-0.10779220779220784,0.0018426215746162849,replication,random_pauli,128
6,8,0.22,0.23999999999999999,54,11,5.5514018691588731,-0.14680134680134688,0.00059227122041237749,replication,random_pauli,128
8,0,0.27000000000000002,0.28000000000000003,12,17,0.31875000000000053,0.029411764705882332,3.4006987055874921e-05,replication,random_pauli,128
8,0,0.27000000000000002,0.29999999999999999,12,50,8.4374999999999822,-0.033333333333333361,0.00090018495147903852,replication,random_pauli,128
8,0,0.27000000000000002,0.34000000000000002,12,81,74.418750000000017,-0.025220458553791875,0.007939631272045139,replication,random_pauli,128
8,0,0.28000000000000003,0.29999999999999999,17,50,5.3124999999999805,-0.064705882352941294,0.00056678311759791227,replication,random_pauli,128
8,0,0.28000000000000003,0.34000000000000002,17,81,77.456249999999997,-0.034325829097070916,0.0082636978545775914,replication,random_pauli,128
8,0,0.29999999999999999,0.34000000000000002,50,81,101.25000000000017,-0.019135802469135776,0.010802219417748504,replication,random_pauli,128
8,1,0.25,0.26000000000000001,17,31,0.3285536159601003,-0.15635673624288407,3.505292098859925e-05,replication,random_pauli,128
8,1,0.25,0.27000000000000002,17,53,2.24688279301746,-0.06259711431742504,0.0002397167499865497,replication,random_pauli,128
8,1,0.25,0.28000000000000003,17,63,6.0093516209476414,-0.018051665110488616,0.00064112923227534766,replication,random_pauli,128
8,1,0.25,0.29999999999999999,17,99,26.23129675810473,-0.026761734997029111,0.0027985799821542896,replication,random_pauli,128
8,1,0.25,0.34000000000000002,17,138,118.47007481296762,-0.028530832622904227,0.012639404864856835,replication,random_pauli,128
8,1,0.26000000000000001,0.27000000000000002,31,53,1.0243142144638422,0.03116250760803399,0.00010928263602328002,replication,random_pauli,128
8,1,0.26000000000000001,0.28000000000000003,31,63,4.8703241895261931,0.051100870455709109,0.00051960800524276539,replication,random_pauli,128
8,1,0.26000000000000001,0.29999999999999999,31,99,30.613466334164553,0.0056370153144346714,0.0032661074615259445,replication,random_pauli,128
8,1,0.26000000000000001,0.34000000000000002,31,138,170.69326683291777,-0.012552594670406734,0.018211023421841659,replication,random_pauli,128
8,1,0.27000000000000002,0.28000000000000003,53,63,2.0816708229426468,0.071039233303384228,0.00022209051836989164,replication,random_pauli,128
8,1,0.27000000000000002,0.29999999999999999,53,99,29.440773067331609,-0.0028714821167651183,0.0031409944740884558,replication,random_pauli,128
8,1,0.27000000000000002,0.34000000000000002,53,138,223.43266832917712,-0.018797609281612556,0.023837715638368336,replication,random_pauli,128
8,1,0.28000000000000003,0.29999999999999999,63,99,15.553615960099691,-0.039826839826839898,0.0016593933070655964,replication,random_pauli,128
8,1,0.28000000000000003,0.34000000000000002,63,138,195.12718204488775,-0.033770416379112038,0.020817843306823014,replication,random_pauli,128
8,1,0.29999999999999999,0.34000000000000002,99,138,136.27930174563613,-0.030742204655248115,0.01453944611905102,replication,random_pauli,128
8,2,0.23999999999999999,0.25,19,36,0.42118226600985298,-0.21403508771929816,4.4935340763485845e-05,replication,random_pauli,128
8,2,0.23999999999999999,0.26000000000000001,19,49,2.2931034482758665,-0.069602577873254551,0.00024464796637897854,replication,random_pauli,128
8,2,0.23999999999999999,0.27000000000000002,19,72,7.5812807881773541,-0.043567251461988289,0.00080883613374274524,replication,random_pauli,128
8,2,0.23999999999999999,0.28000000000000003,19,89,16.660098522167516,-0.070549970431697168,0.0017774423679778842,replication,random_pauli,128
8,2,0.23999999999999999,0.29999999999999999,19,82,34.536945812807886,-0.061959777492511782,0.003684697942605833,replication,random_pauli,128
8,2,0.23999999999999999,0.34000000000000002,19,59,69.02709359605916,-0.049313113291703826,0.007364403069571283,replication,random_pauli,128
8,2,0.25,0.26000000000000001,36,49,1.086206896551726,0.074829931972789074,0.00011588587881109505,replication,random_pauli,128
8,2,0.25,0.27000000000000002,36,72,6.3842364532019813,0.04166666666666665,0.00068112516525704848,replication,random_pauli,128
8,2,0.25,0.28000000000000003,36,89,17.756157635468011,-0.022721598002496846,0.0018943793658711661,replication,random_pauli,128
8,2,0.25,0.29999999999999999,36,82,45.443349753694562,-0.031544715447154474,0.00484828676658662,replication,random_pauli,128
8,2,0.25,0.34000000000000002,36,59,105.93842364532024,-0.031010671688637786,0.011302420710984135,replication,random_pauli,128
8,2,0.26000000000000001,0.27000000000000002,49,72,2.172413793103452,0.0085034013605442202,0.00023177175762219011,replication,random_pauli,128
8,2,0.26000000000000001,0.28000000000000003,49,89,10.741379310344845,-0.071497362990139798,0.0011459825793541621,replication,random_pauli,128
8,2,0.26000000000000001,0.29999999999999999,49,82,39.58620689655168,-0.058138377302140408,0.0042233964722265633,replication,random_pauli,128
8,2,0.26000000000000001,0.34000000000000002,49,59,113.93103448275868,-0.044240747146316151,0.012155141066408179,replication,random_pauli,128
8,2,0.27000000000000002,0.28000000000000003,72,89,3.9458128078817807,-0.15149812734082382,0.00042097319241581478,replication,random_pauli,128
8,2,0.27000000000000002,0.29999999999999999,72,82,32.719211822660029,-0.080352303523035323,0.0034907664719423604,replication,random_pauli,128
8,2,0.27000000000000002,0.34000000000000002,72,59,128.17241379310346,-0.051775625504439066,0.013674533699709194,replication,random_pauli,128
8,2,0.28000000000000003,0.29999999999999999,89,82,17.975369458128007,-0.044779391614140962,0.0019177667654498116,replication,random_pauli,128
8,2,0.28000000000000003,0.34000000000000002,89,59,116.40147783251231,-0.035155208531708254,0.012418709176266512,replication,random_pauli,128
8,2,0.29999999999999999,0.34000000000000002,82,59,47.665024630541957,-0.030343116990491911,0.0050853141196197547,replication,random_pauli,128
8,3,0.22,0.23999999999999999,10,47,1.0375275938189832,0.14510638297872347,0.00011069235279408675,replication,random_pauli,128
8,3,0.22,0.25,10,77,3.8245033112582778,-0.0067532467532467706,0.00040803085365054368,replication,random_pauli,128
8,3,0.22,0.26000000000000001,10,80,7.0640176600441533,-0.010000000000000007,0.00075365006157676216,replication,random_pauli,128
8,3,0.22,0.27000000000000002,10,88,12.141280353200891,-0.02236363636363636,0.0012953360433350602,replication,random_pauli,128
8,3,0.22,0.28000000000000003,10,77,15.298013245033127,-0.019826839826839821,0.0016321234146021765,replication,random_pauli,128
8,3,0.22,0.29999999999999999,10,54,19.0728476821192,-0.037777777777777792,0.0020348551662572566,replication,random_pauli,128
8,3,0.22,0.34000000000000002,10,20,15.894039735099341,-0.046666666666666662,0.0016957126385477145,replication,random_pauli,128
8,3,0.23999999999999999,0.25,47,77,1.9972406181015487,-0.31047250621718681,0.00021308277912861765,replication,random_pauli,128
8,3,0.23999999999999999,0.26000000000000001,47,80,8.3002207505518903,-0.16510638297872327,0.00088553882235269663,replication,random_pauli,128
8,3,0.23999999999999999,0.27000000000000002,47,88,20.543046357615932,-0.13401031592520943,0.0021917085853229248,replication,random_pauli,128
8,3,0.23999999999999999,0.28000000000000003,47,77,31.95584988962478,-0.10229345122962134,0.0034093244660578824,replication,random_pauli,128
8,3,0.23999999999999999,0.29999999999999999,47,54,50.423841059602644,-0.098739164696611495,0.0053796483457926227,replication,random_pauli,128
8,3,0.23999999999999999,0.34000000000000002,47,20,51.876379690949264,-0.085021276595744641,0.0055346176397043489,replication,random_pauli,128
8,3,0.25,0.26000000000000001,77,80,3.3995584988962535,-0.019740259740259707,0.00036269409213381733,replication,random_pauli,128
8,3,0.25,0.27000000000000002,77,88,14.958057395143513,-0.045779220779220725,0.0015958540053887958,replication,random_pauli,128
8,3,0.25,0.28000000000000003,77,77,29.448675496688793,-0.032900432900432861,0.0031418375731091922,replication,random_pauli,128
8,3,0.25,0.29999999999999999,77,54,57.367549668874155,-0.056392496392496404,0.0061204628047581543,replication,random_pauli,128
8,3,0.25,0.34000000000000002,77,20,68.84105960264904,-0.059971139971139946,0.0073445553657097906,replication,random_pauli,128
8,3,0.26000000000000001,0.27000000000000002,80,88,3.8852097130242895,-0.071818181818181739,0.00041450753386721974,replication,random_pauli,128
8,3,0.26000000000000001,0.28000000000000003,80,77,13.598233995585014,-0.039480519480519442,0.0014507763685352693,replication,random_pauli,128
8,3,0.26000000000000001,0.29999999999999999,80,54,38.145695364238371,-0.065555555555555603,0.0040697103325145097,replication,random_pauli,128
8,3,0.26000000000000001,0.34000000000000002,80,20,56.512141280353227,-0.064999999999999988,0.0060292004926140973,replication,random_pauli,128
8,3,0.27000000000000002,0.28000000000000003,88,77,3.7395143487858782,-0.0071428571428571392,0.00039896350134719895,replication,random_pauli,128
8,3,0.27000000000000002,0.29999999999999999,88,54,23.602649006622467,-0.063468013468013548,0.0025181332682433504,replication,random_pauli,128
8,3,0.27000000000000002,0.34000000000000002,88,20,47.593818984547475,-0.064025974025974014,0.0050777172898734341,replication,random_pauli,128
8,3,0.28000000000000003,0.29999999999999999,77,54,9.1788079470198323,-0.091630591630591812,0.00097927404876130123,replication,random_pauli,128
8,3,0.28000000000000003,0.34000000000000002,77,20,30.596026490066222,-0.073506493506493506,0.0032642468292043494,replication,random_pauli,128
8,3,0.29999999999999999,0.34000000000000002,54,20,9.5364238410596212,-0.064444444444444374,0.0010174275831286305,replication,random_pauli,128
8,4,0.22,0.23999999999999999,17,65,3.431677018633537,-0.02823529411764707,0.00036612077161604368,replication,random_pauli,128
8,4,0.22,0.25,17,66,7.8400621118012417,-0.091146761734997028,0.00083644514746126987,replication,random_pauli,128
8,4,0.22,0.26000000000000001,17,70,14.782608695652181,-0.029831932773109228,0.001577135631576806,replication,random_pauli,128
8,4,0.22,0.27000000000000002,17,53,17.488354037267094,-0.037558268590455038,0.0018658077784279182,replication,random_pauli,128
8,4,0.22,0.28000000000000003,17,39,18.531055900621134,-0.078129713423831029,0.0019770521667266394,replication,random_pauli,128
8,4,0.22,0.29999999999999999,17,12,10.136645962732915,-0.097058823529411795,0.0010814644330812374,replication,random_pauli,128
8,4,0.23999999999999999,0.25,65,66,3.3307453416149131,-0.21696969696969681,0.00035535251362733757,replication,random_pauli,128
8,4,0.23999999999999999,0.26000000000000001,65,70,14.13043478260872,-0.031428571428571389,0.0015075561184190076,replication,random_pauli,128
8,4,0.23999999999999999,0.27000000000000002,65,53,24.072204968944146,-0.043773584905660343,0.0025682295303066671,replication,random_pauli,128
8,4,0.23999999999999999,0.28000000000000003,65,39,31.490683229813722,-0.10307692307692298,0.003359696492476646,replication,random_pauli,128
8,4,0.23999999999999999,0.29999999999999999,65,12,21.801242236024841,-0.12,0.00232594372556075,replication,random_pauli,128
8,4,0.25,0.26000000000000001,66,70,3.5869565217391366,0.15411255411255403,0.00038268732236790189,replication,random_pauli,128
8,4,0.25,0.27000000000000002,66,53,10.863354037267099,0.042824471126357892,0.0011589958905999314,replication,random_pauli,128
8,4,0.25,0.28000000000000003,66,39,17.986024844720529,-0.065112665112665044,0.0019189035735876225,replication,random_pauli,128
8,4,0.25,0.29999999999999999,66,12,15.372670807453412,-0.10060606060606063,0.0016400885244338621,replication,random_pauli,128
8,4,0.26000000000000001,0.27000000000000002,70,53,2.8804347826087011,-0.068463611859838264,0.00030730951644695158,replication,random_pauli,128
8,4,0.26000000000000001,0.28000000000000003,70,39,8.4782608695652311,-0.17472527472527458,0.00090453367105140445,replication,random_pauli,128
8,4,0.26000000000000001,0.29999999999999999,70,12,10.434782608695642,-0.1642857142857144,0.0011132722105248025,replication,random_pauli,128
8,4,0.27000000000000002,0.28000000000000003,53,39,1.6048136645962761,-0.28098693759071092,0.00017121530202044444,replication,random_pauli,128
8,4,0.27000000000000002,0.29999999999999999,53,12,4.4440993788819787,-0.19622641509433983,0.00047413468251815205,replication,random_pauli,128
8,4,0.28000000000000003,0.29999999999999999,39,12,1.4534161490683177,-0.15384615384615413,0.00015506291503738281,replication,random_pauli,128
8,5,0.22,0.23999999999999999,35,69,10.685840707964591,-0.12728778467908911,0.0011400572443510354,replication,random_pauli,128
8,5,0.22,0.25,35,50,17.42256637168142,-0.094095238095238107,0.0018587889853549512,replication,random_pauli,128
8,5,0.22,0.26000000000000001,35,40,24.778761061946916,-0.10107142857142855,0.0026436110013937091,replication,random_pauli,128
8,5,0.22,0.27000000000000002,35,18,17.42256637168143,-0.14019047619047614,0.0018587889853549523,replication,random_pauli,128
8,5,0.22,0.28000000000000003,35,14,19.513274336283203,-0.081904761904761869,0.0020818436635975466,replication,random_pauli,128
8,5,0.23999999999999999,0.25,69,50,3.8163716814159363,-0.027710144927536238,0.00040716330155394234,replication,random_pauli,128
8,5,0.23999999999999999,0.26000000000000001,69,40,12.212389380530995,-0.074855072463768046,0.0013029225649726153,replication,random_pauli,128
8,5,0.23999999999999999,0.27000000000000002,69,18,12.365044247787633,-0.14879227053140084,0.0013192090970347732,replication,random_pauli,128
8,5,0.23999999999999999,0.28000000000000003,69,14,17.097345132743392,-0.059213250517598293,0.0018240915909616615,replication,random_pauli,128
8,5,0.25,0.26000000000000001,50,40,2.2123893805309769,-0.12199999999999986,0.00023603669655301,replication,random_pauli,128
8,5,0.25,0.27000000000000002,50,18,3.9823008849557593,-0.20933333333333312,0.00042486605379541808,replication,random_pauli,128
8,5,0.25,0.28000000000000003,50,14,6.969026548672578,-0.069714285714285645,0.00074351559414198153,replication,random_pauli,128
8,5,0.26000000000000001,0.27000000000000002,40,18,0.79646017699115179,-0.29666666666666636,8.4973210759083608e-05,replication,random_pauli,128
8,5,0.26000000000000001,0.28000000000000003,40,14,2.4778761061946946,-0.043571428571428532,0.00026436110013937125,replication,random_pauli,128
8,5,0.27000000000000002,0.28000000000000003,18,14,0.27876106194690309,0.20952380952380931,2.9740623765679259e-05,replication,random_pauli,128
8,6,0.22,0.23999999999999999,58,50,18.709677419354819,-0.088965517241379383,0.0019961090441399012,replication,random_pauli,128
8,6,0.22,0.25,58,30,25.258064516129032,-0.04597701149425288,0.0026947472095888696,replication,random_pauli,128
8,6,0.22,0.26000000000000001,58,17,25.445161290322595,-0.12565922920892492,0.0027147083000302699,replication,random_pauli,128
8,6,0.23999999999999999,0.25,50,30,2.4193548387096819,0.039999999999999973,0.00025811754881119488,replication,random_pauli,128
8,6,0.23999999999999999,0.26000000000000001,50,17,5.4838709677419439,-0.16235294117647042,0.0005850664439720415,replication,random_pauli,128
8,6,0.25,0.26000000000000001,30,17,0.82258064516129192,-0.36470588235294077,8.7759966595806269e-05,replication,random_pauli,128
8,7,0.20000000000000001,0.22,21,48,10.079999999999989,-0.052380952380952403,0.0010754209553669593,replication,random_pauli,128
8,7,0.20000000000000001,0.23999999999999999,21,17,14.279999999999985,-0.040896358543417381,0.0015235130201031921,replication,random_pauli,128
8,7,0.20000000000000001,0.25,21,14,18.374999999999993,-0.0038095238095238078,0.0019604027832210206,replication,random_pauli,128
8,7,0.22,0.23999999999999999,48,17,8.1599999999999895,-0.029411764705882363,0.00087057886863039537,replication,random_pauli,128
8,7,0.22,0.25,48,14,15.120000000000001,0.028571428571428571,0.0016131314330504406,replication,random_pauli,128
8,7,0.23999999999999999,0.25,17,14,0.59500000000000108,0.14453781512605027,6.3479709170966519e-05,replication,random_pauli,128
8,8,0.20000000000000001,0.22,43,61,21.325203252032498,-0.080823484559664566,0.0022751557990769245,replication,random_pauli,128
8,8,0.20000000000000001,0.23999999999999999,43,19,26.569105691056883,-0.044553243574051452,0.0028346203398335454,replication,random_pauli,128
8,8,0.22,0.23999999999999999,61,19,9.422764227642265,-0.0082830025884383287,0.0010053013995921292,replication,random_pauli,128
10,0,0.26000000000000001,0.27000000000000002,11,14,0.20588235294117685,0.16883116883116864,2.1965297290991877e-05,replication,random_pauli,128
10,0,0.26000000000000001,0.28000000000000003,11,21,1.2352941176470611,0.079653679653679518,0.00013179178374595128,replication,random_pauli,128
10,0,0.26000000000000001,0.29999999999999999,11,50,11.764705882352928,0.019636363636363629,0.0012551598451995322,replication,random_pauli,128
10,0,0.26000000000000001,0.34000000000000002,11,91,85.647058823529434,0.0081918081918081736,0.0091375636730526063,replication,random_pauli,128
10,0,0.27000000000000002,0.28000000000000003,14,21,0.39304812834224667,-0.0095238095238095923,4.1933749373711758e-05,replication,random_pauli,128
10,0,0.27000000000000002,0.29999999999999999,14,50,8.42245989304811,-0.030095238095238133,0.00089858034372239132,replication,random_pauli,128
10,0,0.27000000000000002,0.34000000000000002,14,91,83.457219251336923,-0.014756671899529051,0.0089039327836847853,replication,random_pauli,128
10,0,0.28000000000000003,0.29999999999999999,21,50,5.6149732620320645,-0.040380952380952427,0.00059905356248159331,replication,random_pauli,128
10,0,0.28000000000000003,0.34000000000000002,21,91,91.973262032085557,-0.015628815628815629,0.0098124973534485342,replication,random_pauli,128
10,0,0.29999999999999999,0.34000000000000002,50,91,97.326203208556322,-0.0032527472527472648,0.010383595083014341,replication,random_pauli,128
10,1,0.25,0.26000000000000001,11,30,0.21596858638743494,-0.10181818181818177,2.3041383283931268e-05,replication,random_pauli,128
10,1,0.25,0.27000000000000002,11,47,1.3534031413612588,-0.039845261121856844,0.00014439266857930259,replication,random_pauli,128
10,1,0.25,0.28000000000000003,11,75,4.8592931937172859,-0.033939393939393922,0.0005184311238884535,replication,random_pauli,128
10,1,0.25,0.29999999999999999,11,95,17.097513089005233,-0.049837320574162701,0.0018241095099778885,replication,random_pauli,128
10,1,0.25,0.34000000000000002,11,124,72.306282722513117,-0.03955685891169762,0.0077142551234601776,replication,random_pauli,128
10,1,0.26000000000000001,0.27000000000000002,30,47,0.92277486910994921,0.022127659574468085,9.8449546758615412e-05,replication,random_pauli,128
10,1,0.26000000000000001,0.28000000000000003,30,75,5.890052356020953,0,0.0006284013622890346,replication,random_pauli,128
10,1,0.26000000000000001,0.29999999999999999,30,95,29.84293193717274,-0.036842105263157919,0.0031839002355977656,replication,random_pauli,128
10,1,0.26000000000000001,0.34000000000000002,30,124,155.81151832460739,-0.031774193548387085,0.016623310703752572,replication,random_pauli,128
10,1,0.27000000000000002,0.28000000000000003,47,75,2.3069371727748735,-0.022127659574468085,0.0002461238668965386,replication,random_pauli,128
10,1,0.27000000000000002,0.29999999999999999,47,95,26.299083769633455,-0.056498693542366626,0.0028058120826205289,replication,random_pauli,128
10,1,0.27000000000000002,0.34000000000000002,47,124,186.89267015706812,-0.03947445828022355,0.019939314870178214,replication,random_pauli,128
10,1,0.28000000000000003,0.29999999999999999,75,95,18.651832460732912,-0.073684210526315935,0.0019899376472485983,replication,random_pauli,128
10,1,0.28000000000000003,0.34000000000000002,75,124,219.10994764397907,-0.042365591397849456,0.023376530677152046,replication,random_pauli,128
10,1,0.29999999999999999,0.34000000000000002,95,124,123.35078534031436,-0.026706281833616268,0.013160120973804139,replication,random_pauli,128
10,2,0.23999999999999999,0.25,17,40,0.36956521739130499,-0.080588235294117558,3.9428390789420195e-05,replication,random_pauli,128
10,2,0.23999999999999999,0.26000000000000001,17,64,2.3652173913043524,-0.047794117647058779,0.0002523417010522893,replication,random_pauli,128
10,2,0.23999999999999999,0.27000000000000002,17,87,7.2342391304347959,-0.063376155059724992,0.0007718107497029004,replication,random_pauli,128
10,2,0.23999999999999999,0.28000000000000003,17,81,11.973913043478282,-0.047276688453158994,0.0012774798615772145,replication,random_pauli,128
10,2,0.23999999999999999,0.29999999999999999,17,96,31.930434782608693,-0.060375816993464053,0.003406612964205899,replication,random_pauli,128
10,2,0.23999999999999999,0.34000000000000002,17,75,69.29347826086962,-0.042258823529411751,0.0073928232730162803,replication,random_pauli,128
10,2,0.25,0.26000000000000001,40,64,1.3913043478260896,-0.014999999999999999,0.00014843629473664077,replication,random_pauli,128
10,2,0.25,0.27000000000000002,40,87,7.5652173913043619,-0.05477011494252871,0.00080712235263048413,replication,random_pauli,128
10,2,0.25,0.28000000000000003,40,81,15.847826086956552,-0.036172839506172803,0.0016907821697345487,replication,random_pauli,128
10,2,0.25,0.29999999999999999,40,96,52.173913043478244,-0.056333333333333346,0.0055663610526240168,replication,random_pauli,128
10,2,0.25,0.34000000000000002,40,75,132.0652173913044,-0.037999999999999992,0.014089851414454551,replication,random_pauli,128
10,2,0.26000000000000001,0.27000000000000002,64,87,3.0260869565217443,-0.09454022988505742,0.00032284894105219362,replication,random_pauli,128
10,2,0.26000000000000001,0.28000000000000003,64,81,11.269565217391326,-0.046759259259259209,0.0012023339873667902,replication,random_pauli,128
10,2,0.26000000000000001,0.29999999999999999,64,96,53.426086956521679,-0.066666666666666707,0.0056999537178869884,replication,random_pauli,128
10,2,0.26000000000000001,0.34000000000000002,64,75,166.95652173913049,-0.040874999999999995,0.017812355368396864,replication,random_pauli,128
10,2,0.27000000000000002,0.28000000000000003,87,81,3.8298913043478331,0.0010217113665390012,0.00040860569101918261,replication,random_pauli,128
10,2,0.27000000000000002,0.29999999999999999,87,96,40.852173913043401,-0.057375478927203113,0.004358460704204598,replication,random_pauli,128
10,2,0.27000000000000002,0.34000000000000002,87,75,173.76358695652178,-0.033208538587848925,0.018538591536981404,replication,random_pauli,128
10,2,0.28000000000000003,0.29999999999999999,81,96,16.904347826086891,-0.086574074074074248,0.0018035009810501749,replication,random_pauli,128
10,2,0.28000000000000003,0.34000000000000002,81,75,118.85869565217391,-0.038913580246913583,0.012680866273009092,replication,random_pauli,128
10,2,0.29999999999999999,0.34000000000000002,96,75,62.608695652174028,-0.015083333333333318,0.0066796332631488342,replication,random_pauli,128
10,3,0.23999999999999999,0.25,36,60,1.5126050420168093,-0.1444444444444444,0.00016137769438279745,replication,random_pauli,128
10,3,0.23999999999999999,0.26000000000000001,36,83,8.3697478991596785,-0.039692101740294493,0.00089295657558481254,replication,random_pauli,128
10,3,0.23999999999999999,0.27000000000000002,36,63,14.294117647058849,-0.015343915343915349,0.0015250192119174359,replication,random_pauli,128
10,3,0.23999999999999999,0.28000000000000003,36,74,29.84873949579837,-0.060435435435435392,0.0031845198358205363,replication,random_pauli,128
10,3,0.23999999999999999,0.29999999999999999,36,41,37.210084033613455,-0.042773261065944,0.0039698912818168118,replication,random_pauli,128
10,3,0.25,0.26000000000000001,60,83,3.4873949579831995,0.065060240963855431,0.00037206523982700524,replication,random_pauli,128
10,3,0.25,0.27000000000000002,60,63,10.588235294117665,0.049206349206349184,0.0011296438606795821,replication,random_pauli,128
10,3,0.25,0.28000000000000003,60,74,27.983193277310971,-0.032432432432432393,0.0029854873460817524,replication,random_pauli,128
10,3,0.25,0.29999999999999999,60,41,43.067226890756295,-0.022439024390243895,0.0045947815761768632,replication,random_pauli,128
10,3,0.26000000000000001,0.27000000000000002,83,63,3.661764705882359,0.033352457448842937,0.00039066850181835547,replication,random_pauli,128
10,3,0.26000000000000001,0.28000000000000003,83,74,17.204481792717115,-0.081178769130576298,0.0018355218498132255,replication,random_pauli,128
10,3,0.26000000000000001,0.29999999999999999,83,41,38.128851540616203,-0.044313840728768761,0.0040679132887752453,replication,random_pauli,128
10,3,0.27000000000000002,0.28000000000000003,63,74,3.2647058823529473,-0.19570999570999553,0.00034830685704287124,replication,random_pauli,128
10,3,0.27000000000000002,0.29999999999999999,63,41,16.279411764705848,-0.070202606787972702,0.001736827435794851,replication,random_pauli,128
10,3,0.28000000000000003,0.29999999999999999,74,41,8.4985994397758784,-0.0074489123269611129,0.0009067035643655644,replication,random_pauli,128
10,4,0.22,0.23999999999999999,16,75,3.726708074534157,-0.010666666666666691,0.00039759721804457227,replication,random_pauli,128
10,4,0.22,0.25,16,58,6.4844720496894412,-0.022988505747126447,0.00069181915939755655,replication,random_pauli,128
10,4,0.22,0.26000000000000001,16,63,12.52173913043479,-0.080952380952380956,0.0013359266526297652,replication,random_pauli,128
10,4,0.22,0.27000000000000002,16,57,17.701863354037279,-0.039298245614035082,0.0018885867857117216,replication,random_pauli,128
10,4,0.22,0.28000000000000003,16,38,16.993788819875792,-0.04561403508771928,0.0018130433142832534,replication,random_pauli,128
10,4,0.22,0.29999999999999999,16,15,11.925465838509313,-0.080000000000000016,0.0012723110977426323,replication,random_pauli,128
10,4,0.23999999999999999,0.25,75,58,3.3773291925465903,-0.047632183908045925,0.00036032247885289472,replication,random_pauli,128
10,4,0.23999999999999999,0.26000000000000001,75,63,14.673913043478287,-0.15123809523809512,0.0015655390460505079,replication,random_pauli,128
10,4,0.23999999999999999,0.27000000000000002,75,57,29.871894409937937,-0.058385964912280659,0.0031869902008885335,replication,random_pauli,128
10,4,0.23999999999999999,0.28000000000000003,75,38,35.403726708074593,-0.063087719298245554,0.0037771735714234472,replication,random_pauli,128
10,4,0.23999999999999999,0.29999999999999999,75,15,31.444099378881987,-0.10311111111111111,0.0033547265272510824,replication,random_pauli,128
10,4,0.25,0.26000000000000001,58,63,2.8369565217391357,-0.25484400656814432,0.00030267088223643153,replication,random_pauli,128
10,4,0.25,0.27000000000000002,58,57,10.267080745341632,-0.063762855414398023,0.0010953803357127998,replication,random_pauli,128
10,4,0.25,0.28000000000000003,58,38,15.400621118012449,-0.068239564428312097,0.0016430705035691997,replication,random_pauli,128
10,4,0.25,0.29999999999999999,58,15,16.886645962732914,-0.11420689655172415,0.0018016123942644696,replication,random_pauli,128
10,4,0.26000000000000001,0.27000000000000002,63,57,2.788043478260875,0.12731829573934828,0.00029745241874959655,replication,random_pauli,128
10,4,0.26000000000000001,0.28000000000000003,63,38,7.4347826086956648,0.025062656641604009,0.00079320644999892394,replication,random_pauli,128
10,4,0.26000000000000001,0.29999999999999999,63,15,11.739130434782595,-0.079047619047619089,0.0012524312368404026,replication,random_pauli,128
10,4,0.27000000000000002,0.28000000000000003,57,38,1.6816770186335435,-0.077192982456140244,0.00017941574464261378,replication,random_pauli,128
10,4,0.27000000000000002,0.29999999999999999,57,15,5.9743788819875663,-0.14783625730994165,0.00063739804017770444,replication,random_pauli,128
10,4,0.28000000000000003,0.29999999999999999,38,15,1.7701863354037199,-0.18315789473684246,0.00018885867857117131,replication,random_pauli,128
10,5,0.22,0.23999999999999999,37,67,10.872807017543849,0.0027430415490117283,0.0011600044157071029,replication,random_pauli,128
10,5,0.22,0.25,37,76,27.75,-0.028781412991939297,0.0029606082848643999,replication,random_pauli,128
10,5,0.22,0.26000000000000001,37,30,19.473684210526322,-0.076936936936936914,0.0020776198490276496,replication,random_pauli,128
10,5,0.22,0.27000000000000002,37,18,18.256578947368432,-0.047327327327327307,0.0019477686084634219,replication,random_pauli,128
10,5,0.23999999999999999,0.25,67,76,5.5833333333333437,-0.091830322073841258,0.00059567794320094635,replication,random_pauli,128
10,5,0.23999999999999999,0.26000000000000001,67,30,8.8157894736842248,-0.15661691542288544,0.00094054412084359931,replication,random_pauli,128
10,5,0.23999999999999999,0.27000000000000002,67,18,11.901315789473704,-0.080707573244886616,0.0012697345631388591,replication,random_pauli,128
10,5,0.25,0.26000000000000001,76,30,2.5000000000000044,-0.22140350877192963,0.00026672146710490134,replication,random_pauli,128
10,5,0.25,0.27000000000000002,76,18,6.0000000000000107,-0.075146198830409294,0.00064013152105176321,replication,random_pauli,128
10,5,0.26000000000000001,0.27000000000000002,30,18,0.5921052631578958,0.071111111111111028,6.3170873788002952e-05,replication,random_pauli,128
10,6,0.22,0.23999999999999999,59,54,18.741176470588215,-0.045762711864406794,0.0019994696334028547,replication,random_pauli,128
10,6,0.22,0.25,59,29,22.64558823529412,-0.032807325150983814,0.0024160258070284523,replication,random_pauli,128
10,6,0.22,0.26000000000000001,59,16,22.211764705882359,-0.12288135593220337,0.0023697417877367199,replication,random_pauli,128
10,6,0.22,0.27000000000000002,59,12,26.029411764705902,-0.071638418079096003,0.00277704115750397,replication,random_pauli,128
10,6,0.23999999999999999,0.25,54,29,2.3029411764705925,-0.006896551724137911,0.00024569753969780914,replication,random_pauli,128
10,6,0.23999999999999999,0.26000000000000001,54,16,5.0823529411764792,-0.19999999999999984,0.00054222905312619938,replication,random_pauli,128
10,6,0.23999999999999999,0.27000000000000002,54,12,8.5764705882353081,-0.088888888888888809,0.00091501152715046138,replication,random_pauli,128
10,6,0.25,0.26000000000000001,29,16,0.68235294117647172,-0.3931034482758618,7.2799271021573069e-05,replication,random_pauli,128
10,6,0.25,0.27000000000000002,29,12,2.0470588235294152,-0.12988505747126425,0.00021839781306471921,replication,random_pauli,128
10,6,0.26000000000000001,0.27000000000000002,16,12,0.28235294117647114,0.1333333333333333,3.0123836284788865e-05,replication,random_pauli,128
10,7,0.20000000000000001,0.22,27,56,11.541984732824414,-0.048412698412698435,0.0012313980404965179,replication,random_pauli,128
10,7,0.20000000000000001,0.23999999999999999,27,34,28.030534351145011,-0.071895424836601357,0.0029905380983486873,replication,random_pauli,128
10,7,0.20000000000000001,0.25,27,14,18.034351145038162,-0.045079365079365094,0.0019240594382758109,replication,random_pauli,128
10,7,0.22,0.23999999999999999,56,34,14.53435114503815,-0.095378151260504279,0.0015506493843289485,replication,random_pauli,128
10,7,0.22,0.25,56,14,13.465648854961831,-0.042857142857142871,0.0014366310472459392,replication,random_pauli,128
10,7,0.23999999999999999,0.25,34,14,0.90839694656488701,0.062184873949579784,9.6915586520559567e-05,replication,random_pauli,128
6,0,0.28000000000000003,0.29999999999999999,18,46,5.3076923076922879,0.033333333333333388,0.00086058980962752489,replication,random_pauli,256
6,0,0.28000000000000003,0.34000000000000002,18,92,95.538461538461547,0.00096618357487922768,0.015490616573295507,replication,random_pauli,256
6,0,0.29999999999999999,0.34000000000000002,46,92,108.51282051282071,-0.015217391304347808,0.017594280552385051,replication,random_pauli,256
6,1,0.26000000000000001,0.27000000000000002,16,31,0.37462235649546893,0.001612903225806482,6.0741309738586532e-05,replication,random_pauli,256
6,1,0.26000000000000001,0.28000000000000003,16,60,2.9003021148036305,0.0050000000000000001,0.00047025530120196023,replication,random_pauli,256
6,1,0.26000000000000001,0.29999999999999999,16,92,17.788519637462215,-0.020108695652173918,0.002884232514038681,replication,random_pauli,256
6,1,0.26000000000000001,0.34000000000000002,16,132,102.09063444108767,-0.030492424242424238,0.016552986602308979,replication,random_pauli,256
6,1,0.27000000000000002,0.28000000000000003,31,60,1.4048338368580087,0.0083870967741935185,0.00022777991151969951,replication,random_pauli,256
6,1,0.27000000000000002,0.29999999999999999,31,92,19.386706948640441,-0.027349228611500735,0.0031433627789718404,replication,random_pauli,256
6,1,0.27000000000000002,0.34000000000000002,31,132,151.44108761329309,-0.035078899595028627,0.024554674461823568,replication,random_pauli,256
6,1,0.28000000000000003,0.29999999999999999,60,92,16.676737160120783,-0.045217391304347904,0.0027039679819112566,replication,random_pauli,256
6,1,0.28000000000000003,0.34000000000000002,60,132,215.34743202416922,-0.042323232323232325,0.034916456114245494,replication,random_pauli,256
6,1,0.29999999999999999,0.34000000000000002,92,132,146.75528700906372,-0.040876152832674546,0.023794918240819189,replication,random_pauli,256
6,2,0.25,0.26000000000000001,10,27,0.19014084507042286,-0.2799999999999998,3.0829457356528157e-05,replication,random_pauli,256
6,2,0.25,0.27000000000000002,10,68,1.9154929577464823,-0.128235294117647,0.00031057823707317256,replication,random_pauli,256
6,2,0.25,0.28000000000000003,10,93,5.8943661971831096,-0.10623655913978487,0.00095571317805237305,replication,random_pauli,256
6,2,0.25,0.29999999999999999,10,94,16.549295774647881,-0.09600000000000003,0.0026833046217718897,replication,random_pauli,256
6,2,0.25,0.34000000000000002,10,63,35.936619718309878,-0.062857142857142861,0.0058267674403838145,replication,random_pauli,256
6,2,0.26000000000000001,0.27000000000000002,27,68,1.2929577464788755,0.023529411764705778,0.00020964031002439147,replication,random_pauli,256
6,2,0.26000000000000001,0.28000000000000003,27,93,7.0732394366197306,-0.019354838709677424,0.0011468558136628474,replication,random_pauli,256
6,2,0.26000000000000001,0.29999999999999999,27,94,28.597183098591522,-0.050000000000000051,0.0046367503864218227,replication,random_pauli,256
6,2,0.26000000000000001,0.34000000000000002,27,63,76.664788732394399,-0.035714285714285719,0.012430437206152138,replication,random_pauli,256
6,2,0.27000000000000002,0.28000000000000003,68,93,4.4535211267605703,-0.062239089184060625,0.00072209440119512601,replication,random_pauli,256
6,2,0.27000000000000002,0.29999999999999999,68,94,40.512676056337945,-0.07450980392156871,0.0065687297140975742,replication,random_pauli,256
6,2,0.27000000000000002,0.34000000000000002,68,63,147.82816901408455,-0.04417767106842737,0.023968875446122057,replication,random_pauli,256
6,2,0.28000000000000003,0.29999999999999999,93,94,24.625352112675962,-0.080645161290322759,0.0039927572771965578,replication,random_pauli,256
6,2,0.28000000000000003,0.34000000000000002,93,63,148.5380281690141,-0.041167434715821821,0.024083972086919758,replication,random_pauli,256
6,2,0.29999999999999999,0.34000000000000002,94,63,66.726760563380395,-0.021428571428571415,0.010819084234984282,replication,random_pauli,256
6,3,0.25,0.26000000000000001,23,59,1.2203237410071965,-0.29624170965364754,0.00019786342445573,replication,random_pauli,256
6,3,0.25,0.27000000000000002,23,67,5.5431654676259097,-0.06190785204412716,0.00089876945345992608,replication,random_pauli,256
6,3,0.25,0.28000000000000003,23,71,13.216726618705062,-0.1169218207797509,0.0021429614953764656,replication,random_pauli,256
6,3,0.25,0.29999999999999999,23,47,24.303057553956826,-0.097243293246993545,0.0039405004022963095,replication,random_pauli,256
6,3,0.25,0.34000000000000002,23,11,18.428956834532379,-0.10276679841897234,0.0029880730710178838,replication,random_pauli,256
6,3,0.26000000000000001,0.27000000000000002,59,67,3.5548561151079201,0.1724260055653932,0.00057638475819712649,replication,random_pauli,256
6,3,0.26000000000000001,0.28000000000000003,59,71,15.068345323741035,-0.027261876342802558,0.0024431831541490137,replication,random_pauli,256
6,3,0.26000000000000001,0.29999999999999999,59,47,39.899280575539528,-0.047493689145330004,0.0064692737039438496,replication,random_pauli,256
6,3,0.26000000000000001,0.34000000000000002,59,11,37.352517985611527,-0.078582434514637908,0.006056341339862336,replication,random_pauli,256
6,3,0.27000000000000002,0.28000000000000003,67,71,4.2778776978417339,-0.22694975825099833,0.00069361555647450804,replication,random_pauli,256
6,3,0.27000000000000002,0.29999999999999999,67,47,25.48651079136685,-0.12080025404890454,0.0041323856392776869,replication,random_pauli,256
6,3,0.27000000000000002,0.34000000000000002,67,11,32.475719424460443,-0.11444078309749953,0.0052656166892923852,replication,random_pauli,256
6,3,0.28000000000000003,0.29999999999999999,71,47,12.003597122302113,-0.067725501947857494,0.0019462645465254747,replication,random_pauli,256
6,3,0.28000000000000003,0.34000000000000002,71,11,25.2841726618705,-0.09568928723858304,0.0040995785128941,replication,random_pauli,256
6,3,0.29999999999999999,0.34000000000000002,47,11,7.4388489208633217,-0.10967117988394579,0.0012061357753115683,replication,random_pauli,256
6,4,0.23999999999999999,0.25,14,36,0.51219512195122041,-0.087301587301587241,8.3047372933303494e-05,replication,random_pauli,256
6,4,0.23999999999999999,0.26000000000000001,14,79,4.4959349593496007,-0.034719710669077725,0.00072897138463677504,replication,random_pauli,256
6,4,0.23999999999999999,0.27000000000000002,14,60,7.6829268292683066,-0.074285714285714219,0.0012457105939995526,replication,random_pauli,256
6,4,0.23999999999999999,0.28000000000000003,14,41,9.3333333333333517,-0.068641114982578355,0.0015133076845624195,replication,random_pauli,256
6,4,0.23999999999999999,0.29999999999999999,14,16,8.1951219512195124,-0.086309523809523822,0.0013287579669328535,replication,random_pauli,256
6,4,0.25,0.26000000000000001,36,79,2.8902439024390296,0.017862165963431802,0.00046862446155221258,replication,random_pauli,256
6,4,0.25,0.27000000000000002,36,60,8.7804878048780637,-0.067777777777777715,0.0014236692502852027,replication,random_pauli,256
6,4,0.25,0.28000000000000003,36,41,13.500000000000023,-0.062420957542908717,0.0021888914723134992,replication,random_pauli,256
6,4,0.25,0.29999999999999999,36,16,14.63414634146341,-0.086111111111111138,0.0023727820838086665,replication,random_pauli,256
6,4,0.26000000000000001,0.27000000000000002,79,60,4.8170731707317165,-0.15341772151898722,0.00078104076925368776,replication,random_pauli,256
6,4,0.26000000000000001,0.28000000000000003,79,41,13.166666666666691,-0.10256251929607897,0.0021348447692934132,replication,random_pauli,256
6,4,0.26000000000000001,0.29999999999999999,79,16,20.552845528455265,-0.11210443037974691,0.0033324406154823915,replication,random_pauli,256
6,4,0.27000000000000002,0.28000000000000003,60,41,2.5000000000000044,-0.051707317073170729,0.000405350272650648,replication,random_pauli,256
6,4,0.27000000000000002,0.29999999999999999,60,16,8.7804878048780299,-0.098333333333333453,0.0014236692502851971,replication,random_pauli,256
6,4,0.28000000000000003,0.29999999999999999,41,16,2.6666666666666567,-0.12164634146341487,0.00043237362416068885,replication,random_pauli,256
6,5,0.23999999999999999,0.25,35,63,2.9478609625668502,-0.151111111111111,0.00047796649796506894,replication,random_pauli,256
6,5,0.23999999999999999,0.26000000000000001,35,51,9.5454545454545627,-0.052773109243697443,0.0015477010410297469,replication,random_pauli,256
6,5,0.23999999999999999,0.27000000000000002,35,38,16.002673796791473,-0.1160902255639097,0.0025946752746675173,replication,random_pauli,256
6,5,0.25,0.26000000000000001,63,51,4.295454545454553,0.045564892623716116,0.00069646546846338609,replication,random_pauli,256
6,5,0.25,0.27000000000000002,63,38,12.802139037433177,-0.098579782790309045,0.0020757402197340135,replication,random_pauli,256
6,5,0.26000000000000001,0.27000000000000002,51,38,2.5909090909090953,-0.24272445820433419,0.00042009028256521702,replication,random_pauli,256
6,6,0.23999999999999999,0.25,27,65,2.9645270270270325,-0.2794301994301992,0.00048066873547424819,replication,random_pauli,256
6,6,0.23999999999999999,0.26000000000000001,27,34,6.2027027027027133,-0.089760348583877908,0.0010057068926845806,replication,random_pauli,256
6,6,0.23999999999999999,0.27000000000000002,27,22,9.0304054054054212,-0.053423120089786696,0.0014641909172907867,replication,random_pauli,256
6,6,0.25,0.26000000000000001,65,34,3.7331081081081141,0.099909502262443328,0.00060528655578238649,replication,random_pauli,256
6,6,0.25,0.27000000000000002,65,22,9.6621621621621792,0.059580419580419527,0.0015666240267308829,replication,random_pauli,256
6,6,0.26000000000000001,0.27000000000000002,34,22,1.2635135135135158,0.019251336898395737,0.0002048662188801924,replication,random_pauli,256
6,7,0.23999999999999999,0.25,54,49,5.4221311475409921,-0.16643990929705202,0.0008791449356013233,replication,random_pauli,256
6,7,0.23999999999999999,0.26000000000000001,54,19,8.4098360655737849,-0.14444444444444429,0.0013635717368510323,replication,random_pauli,256
6,7,0.25,0.26000000000000001,49,19,1.9077868852459052,-0.12244897959183662,0.00030932877363750274,replication,random_pauli,256
6,9,0.22,0.23999999999999999,25,47,13.352272727272712,-0.17276595744680859,0.0021649389562023182,replication,random_pauli,256
6,9,0.22,0.25,25,16,10.227272727272727,-0.14000000000000001,0.0016582511153890116,replication,random_pauli,256
6,9,0.23999999999999999,0.25,47,16,2.1363636363636398,-0.074468085106382906,0.00034639023299237189,replication,random_pauli,256
8,0,0.28000000000000003,0.29999999999999999,24,45,7.1999999999999735,0.01333333333333339,0.0011674087852338599,replication,random_pauli,256
8,0,0.28000000000000003,0.34000000000000002,24,81,116.64000000000001,0.014814814814814817,0.018912022320788601,replication,random_pauli,256
8,0,0.29999999999999999,0.34000000000000002,45,81,97.200000000000173,0.015555555555555531,0.015760018600657195,replication,random_pauli,256
8,1,0.26000000000000001,0.27000000000000002,14,40,0.41543026706231534,-0.04428571428571422,6.7357908808416298e-05,replication,random_pauli,256
8,1,0.26000000000000001,0.28000000000000003,14,55,2.2848664688427345,-0.01350649350649351,0.00037046849844628966,replication,random_pauli,256
8,1,0.26000000000000001,0.29999999999999999,14,88,14.623145400593454,-0.031980519480519505,0.0023709983900562464,replication,random_pauli,256
8,1,0.26000000000000001,0.34000000000000002,14,140,93.056379821958487,-0.032857142857142856,0.015088171573085226,replication,random_pauli,256
8,1,0.27000000000000002,0.28000000000000003,40,55,1.6320474777448102,0.017272727272727204,0.000264620356033064,replication,random_pauli,256
8,1,0.27000000000000002,0.29999999999999999,40,88,23.501483679525172,-0.02787878787878792,0.0038105331268761065,replication,random_pauli,256
8,1,0.27000000000000002,0.34000000000000002,40,140,203.5608308605342,-0.031224489795918374,0.033005375316123936,replication,random_pauli,256
8,1,0.28000000000000003,0.29999999999999999,55,88,14.362017804154249,-0.050454545454545544,0.00232865913309095,replication,random_pauli,256
8,1,0.28000000000000003,0.34000000000000002,55,140,205.63798219584567,-0.039307359307359312,0.033342164860166001,replication,random_pauli,256
8,1,0.29999999999999999,0.34000000000000002,88,140,146.23145400593501,-0.033733766233766213,0.023709983900562538,replication,random_pauli,256
8,2,0.25,0.26000000000000001,15,29,0.3089488636363642,-0.28229885057471238,5.0093002444043153e-05,replication,random_pauli,256
8,2,0.25,0.27000000000000002,15,62,2.642045454545459,-0.1518279569892472,0.0004283815381421621,replication,random_pauli,256
8,2,0.25,0.28000000000000003,15,82,7.8622159090909225,-0.080867208672086646,0.0012747805449553049,replication,random_pauli,256
8,2,0.25,0.29999999999999999,15,97,25.834517045454536,-0.074006872852233702,0.0041888114112691166,replication,random_pauli,256
8,2,0.25,0.34000000000000002,15,67,57.816051136363654,-0.076108347153123257,0.0093743008366835093,replication,random_pauli,256
8,2,0.26000000000000001,0.27000000000000002,29,62,1.2769886363636387,-0.021357063403782,0.0002070510767687117,replication,random_pauli,256
8,2,0.26000000000000001,0.28000000000000003,29,82,6.7556818181818308,0.019848612279226224,0.0010953669867764103,replication,random_pauli,256
8,2,0.26000000000000001,0.29999999999999999,29,97,31.965909090909054,-0.021933878421613949,0.005182955986210316,replication,random_pauli,256
8,2,0.26000000000000001,0.34000000000000002,29,67,88.318181818181841,-0.050334534225424596,0.01431991963200378,replication,random_pauli,256
8,2,0.27000000000000002,0.28000000000000003,62,82,3.6107954545454608,0.061054287962234444,0.00058545476879428822,replication,random_pauli,256
8,2,0.27000000000000002,0.29999999999999999,62,97,38.441761363636289,-0.022126150094224598,0.0062329513799684357,replication,random_pauli,256
8,2,0.27000000000000002,0.34000000000000002,62,67,144.56392045454547,-0.054474172914230679,0.023439609828678598,replication,random_pauli,256
8,2,0.28000000000000003,0.29999999999999999,82,97,22.596590909090825,-0.063716369122454236,0.0036638137143900416,replication,random_pauli,256
8,2,0.28000000000000003,0.34000000000000002,82,67,140.47159090909091,-0.073728916393641555,0.022776079069868074,replication,random_pauli,256
8,2,0.29999999999999999,0.34000000000000002,97,67,73.852272727272876,-0.078735190029235208,0.011974415554348009,replication,random_pauli,256
8,3,0.25,0.26000000000000001,27,62,1.4090909090909118,-0.1598566308243726,0.00022847015367581983,replication,random_pauli,256
8,3,0.25,0.27000000000000002,27,73,6.6363636363636491,-0.13485540334855392,0.0010760207237635385,replication,random_pauli,256
8,3,0.25,0.28000000000000003,27,84,17.181818181818215,-0.1216931216931216,0.0027858618738535452,replication,random_pauli,256
8,3,0.25,0.29999999999999999,27,51,28.97727272727272,-0.094640522875817007,0.0046983781602688655,replication,random_pauli,256
8,3,0.26000000000000001,0.27000000000000002,62,73,3.8097643097643168,-0.10985417587273523,0.00061771560067906835,replication,random_pauli,256
8,3,0.26000000000000001,0.28000000000000003,62,84,17.535353535353565,-0.10261136712749608,0.0028431841346324236,replication,random_pauli,256
8,3,0.26000000000000001,0.29999999999999999,62,51,42.585858585858546,-0.078336495888678095,0.0069048757555358687,replication,random_pauli,256
8,3,0.27000000000000002,0.28000000000000003,73,84,5.1616161616161707,-0.09536855838225694,0.00083690500737164093,replication,random_pauli,256
8,3,0.27000000000000002,0.29999999999999999,73,51,28.204545454545396,-0.067830602560659037,0.0045730880759950205,replication,random_pauli,256
8,3,0.28000000000000003,0.29999999999999999,84,51,14.424242424242371,-0.054061624649860043,0.0023387482397782713,replication,random_pauli,256
8,4,0.23999999999999999,0.25,12,36,0.49541284403669816,-0.099999999999999895,8.0326292561963279e-05,replication,random_pauli,256
8,4,0.23999999999999999,0.26000000000000001,12,54,2.9724770642201888,-0.13888888888888878,0.00048195775537177965,replication,random_pauli,256
8,4,0.23999999999999999,0.27000000000000002,12,58,7.1834862385321232,-0.08620689655172406,0.0011647312421484675,replication,random_pauli,256
8,4,0.23999999999999999,0.28000000000000003,12,39,8.5871559633027665,-0.15833333333333319,0.0013923224044073634,replication,random_pauli,256
8,4,0.23999999999999999,0.29999999999999999,12,19,9.4128440366972477,-0.10789473684210527,0.0015261995586772995,replication,random_pauli,256
8,4,0.25,0.26000000000000001,36,54,2.2293577981651413,-0.17777777777777762,0.00036146831652883471,replication,random_pauli,256
8,4,0.25,0.27000000000000002,36,58,9.5779816513761649,-0.079310344827586157,0.0015529749895312902,replication,random_pauli,256
8,4,0.25,0.28000000000000003,36,39,14.49082568807342,-0.17777777777777765,0.0023495440574374258,replication,random_pauli,256
8,4,0.25,0.29999999999999999,36,19,19.610091743119259,-0.10947368421052635,0.0031795824139110398,replication,random_pauli,256
8,4,0.26000000000000001,0.27000000000000002,54,58,3.5917431192660612,0.019157088122605314,0.00058236562107423376,replication,random_pauli,256
8,4,0.26000000000000001,0.28000000000000003,54,39,9.6605504587156137,-0.17777777777777765,0.001566362704958284,replication,random_pauli,256
8,4,0.26000000000000001,0.29999999999999999,54,19,18.825688073394474,-0.09239766081871352,0.0030523991173545956,replication,random_pauli,256
8,4,0.27000000000000002,0.28000000000000003,58,39,2.5940366972477107,-0.3747126436781606,0.00042059739299805764,replication,random_pauli,256
8,4,0.27000000000000002,0.29999999999999999,58,19,11.37385321100915,-0.12958257713248655,0.0018441578000683997,replication,random_pauli,256
8,4,0.28000000000000003,0.29999999999999999,39,19,3.399082568807327,-0.0070175438596491438,0.00055112761841124506,replication,random_pauli,256
8,5,0.23999999999999999,0.25,30,50,2.0161290322580681,0.14933333333333323,0.00032689538116987741,replication,random_pauli,256
8,5,0.23999999999999999,0.26000000000000001,30,57,9.1935483870967918,-0.024561403508771902,0.0014906429381346413,replication,random_pauli,256
8,5,0.23999999999999999,0.27000000000000002,30,38,13.790322580645187,-0.053801169590643225,0.0022359644072019618,replication,random_pauli,256
8,5,0.23999999999999999,0.28000000000000003,30,11,7.0967741935483994,-0.12121212121212112,0.0011506717417179685,replication,random_pauli,256
8,5,0.25,0.26000000000000001,50,57,3.8306451612903296,-0.19845614035087705,0.00062110122422276719,replication,random_pauli,256
8,5,0.25,0.27000000000000002,50,38,10.215053763440878,-0.15536842105263146,0.0016562699312607121,replication,random_pauli,256
8,5,0.25,0.28000000000000003,50,11,6.6532258064516245,-0.21139393939393925,0.0010787547578605956,replication,random_pauli,256
8,5,0.26000000000000001,0.27000000000000002,57,38,2.9112903225806503,-0.11228070175438587,0.00047203693040930299,replication,random_pauli,256
8,5,0.26000000000000001,0.28000000000000003,57,11,3.3709677419354902,-0.21786283891547034,0.00054656907731603509,replication,random_pauli,256
8,5,0.27000000000000002,0.28000000000000003,38,11,0.56182795698924815,-0.32344497607655481,9.1094846219339154e-05,replication,random_pauli,256
8,6,0.23999999999999999,0.25,40,56,3.4782608695652235,-0.20999999999999985,0.00056396559673133637,replication,random_pauli,256
8,6,0.23999999999999999,0.26000000000000001,40,51,12.67080745341617,-0.23637254901960764,0.0020544461023784396,replication,random_pauli,256
8,6,0.23999999999999999,0.27000000000000002,40,14,7.8260869565217526,-0.098571428571428477,0.0012689225926455067,replication,random_pauli,256
8,6,0.25,0.26000000000000001,56,51,4.4347826086956594,-0.26274509803921547,0.00071905613583245383,replication,random_pauli,256
8,6,0.25,0.27000000000000002,56,14,4.8695652173913135,-0.042857142857142809,0.00078955183542387102,replication,random_pauli,256
8,6,0.26000000000000001,0.27000000000000002,51,14,1.1086956521739149,0.17703081232492984,0.00017976403395811346,replication,random_pauli,256
8,7,0.23999999999999999,0.25,53,43,4.911637931034492,-0.17270732777533995,0.00079637350980243699,replication,random_pauli,256
8,7,0.23999999999999999,0.26000000000000001,53,20,9.1379310344827758,-0.068679245283018817,0.001481625134516162,replication,random_pauli,256
8,7,0.25,0.26000000000000001,43,20,1.8534482758620721,0.03534883720930234,0.0003005183055858252,replication,random_pauli,256
8,8,0.22,0.23999999999999999,12,58,6.385321100917424,-0.1103448275862069,0.0010353166596875237,replication,random_pauli,256
8,8,0.22,0.25,12,39,9.6605504587155959,-0.1299145299145299,0.0015663627049582809,replication,random_pauli,256
8,8,0.23999999999999999,0.25,58,39,5.1880733944954214,-0.16905393457117587,0.00084119478599611528,replication,random_pauli,256
8,9,0.22,0.23999999999999999,20,38,10.133333333333322,0.0078947368421052929,0.0016430197718106218,replication,random_pauli,256
8,9,0.22,0.25,20,17,10.199999999999999,-0.060784313725490181,0.0016538291124146409,replication,random_pauli,256
8,9,0.23999999999999999,0.25,38,17,2.1533333333333369,-0.19814241486068096,0.00034914170150975813,replication,random_pauli,256
10,0,0.27000000000000002,0.28000000000000003,12,23,0.41566265060241042,0.11014492753623174,6.7395587500951128e-05,replication,random_pauli,256
10,0,0.27000000000000002,0.29999999999999999,12,36,5.8554216867469755,0.029629629629629665,0.00094939871088295987,replication,random_pauli,256
10,0,0.27000000000000002,0.34000000000000002,12,95,84.1265060240964,0.0068170426065162918,0.013640280861605519,replication,random_pauli,256
10,0,0.28000000000000003,0.29999999999999999,23,36,4.987951807228896,-0.010628019323671488,0.00080874705001140871,replication,random_pauli,256
10,0,0.28000000000000003,0.34000000000000002,23,95,118.46385542168673,-0.010404271548436298,0.019207742437771031,replication,random_pauli,256
10,0,0.29999999999999999,0.34000000000000002,36,95,82.409638554217011,-0.010292397660818705,0.013361907782797264,replication,random_pauli,256
10,1,0.26000000000000001,0.27000000000000002,17,27,0.35636645962732988,-0.14727668845315886,5.7781296629393623e-05,replication,random_pauli,256
10,1,0.26000000000000001,0.28000000000000003,17,54,2.850931677018639,-0.084749455337690557,0.00046225037303514898,replication,random_pauli,256
10,1,0.26000000000000001,0.29999999999999999,17,105,22.17391304347824,-0.024649859943977601,0.0035952806791622596,replication,random_pauli,256
10,1,0.26000000000000001,0.34000000000000002,17,119,100.52173913043484,-0.028151260504201671,0.016298605745535603,replication,random_pauli,256
10,1,0.27000000000000002,0.28000000000000003,27,54,1.1319875776397539,-0.022222222222222233,0.000183540589293368,replication,random_pauli,256
10,1,0.27000000000000002,0.29999999999999999,27,105,19.80978260869561,0.016225749559082903,0.0032119603126339264,replication,random_pauli,256
10,1,0.27000000000000002,0.34000000000000002,27,119,122.23369565217395,-0.011133342225779202,0.019818984743881982,replication,random_pauli,256
10,1,0.28000000000000003,0.29999999999999999,54,105,17.60869565217385,0.035449735449735523,0.0028550758334523751,replication,random_pauli,256
10,1,0.28000000000000003,0.34000000000000002,54,119,179.60869565217388,-0.0092851955597053615,0.029121773501214324,replication,random_pauli,256
10,1,0.29999999999999999,0.34000000000000002,105,119,155.2173913043481,-0.031652661064425741,0.025166964754135886,replication,random_pauli,256
10,2,0.26000000000000001,0.27000000000000002,39,56,1.6956521739130466,-0.13882783882783872,0.00027493322840652649,replication,random_pauli,256
10,2,0.26000000000000001,0.28000000000000003,39,82,9.9316770186335575,-0.056347717323327058,0.0016103231949525121,replication,random_pauli,256
10,2,0.26000000000000001,0.29999999999999999,39,77,37.304347826086911,-0.063603063603063656,0.0060485310249435648,replication,random_pauli,256
10,2,0.26000000000000001,0.34000000000000002,39,68,131.776397515528,-0.06598793363499246,0.021366239464735742,replication,random_pauli,256
10,2,0.27000000000000002,0.28000000000000003,56,82,3.5652173913043539,0.026132404181184597,0.00057806473664961976,replication,random_pauli,256
10,2,0.27000000000000002,0.29999999999999999,56,77,30.130434782608635,-0.038528138528138592,0.0048853519816851824,replication,random_pauli,256
10,2,0.27000000000000002,0.34000000000000002,56,68,144.86956521739131,-0.055582232893157266,0.02348916710386012,replication,random_pauli,256
10,2,0.28000000000000003,0.29999999999999999,82,77,19.608695652173843,-0.070858409882800275,0.0031793560515728917,replication,random_pauli,256
10,2,0.28000000000000003,0.34000000000000002,82,68,155.85093167701865,-0.069201339072214249,0.025269687059254767,replication,random_pauli,256
10,2,0.29999999999999999,0.34000000000000002,77,68,65.043478260869676,-0.068372803666921264,0.010546156658875989,replication,random_pauli,256
10,3,0.25,0.26000000000000001,21,45,0.83186619718310018,0.3238095238095236,0.00013487887593481072,replication,random_pauli,256
10,3,0.25,0.27000000000000002,21,75,5.5457746478873347,0.065904761904761855,0.00089919250623207139,replication,random_pauli,256
10,3,0.25,0.28000000000000003,21,71,11.812500000000021,-0.00035770176615246253,0.001915280038274312,replication,random_pauli,256
10,3,0.25,0.29999999999999999,21,55,25.418133802816889,-0.034632034632034639,0.0041212989868969841,replication,random_pauli,256
10,3,0.25,0.34000000000000002,21,17,25.455105633802827,-0.038966697790227191,0.0041272936036052012,replication,random_pauli,256
10,3,0.26000000000000001,0.27000000000000002,45,75,2.9709507042253573,-0.19199999999999989,0.00048171027119575248,replication,random_pauli,256
10,3,0.26000000000000001,0.28000000000000003,45,71,11.250000000000021,-0.1624413145539905,0.0018240762269279163,replication,random_pauli,256
10,3,0.26000000000000001,0.29999999999999999,45,55,34.859154929577421,-0.12424242424242433,0.0056520671820301455,replication,random_pauli,256
10,3,0.26000000000000001,0.34000000000000002,45,17,43.09859154929579,-0.08431372549019607,0.0069880103341463731,replication,random_pauli,256
10,3,0.27000000000000002,0.28000000000000003,75,71,4.6875000000000089,-0.1328826291079811,0.00076003176121996509,replication,random_pauli,256
10,3,0.27000000000000002,0.29999999999999999,75,55,32.680457746478808,-0.10165656565656578,0.0052988129831532576,replication,random_pauli,256
10,3,0.27000000000000002,0.34000000000000002,75,17,54.99559859154931,-0.06892997198879551,0.0089169923534680277,replication,random_pauli,256
10,3,0.28000000000000003,0.29999999999999999,71,55,13.749999999999947,-0.086043533930858063,0.0022294264995785513,replication,random_pauli,256
10,3,0.28000000000000003,0.34000000000000002,71,17,38.25,-0.058271195802264565,0.0062018591715549036,replication,random_pauli,256
10,3,0.29999999999999999,0.34000000000000002,55,17,13.169014084507067,-0.044385026737967861,0.0021352253798780614,replication,random_pauli,256
10,4,0.23999999999999999,0.25,14,42,0.54850746268656803,-0.1238095238095237,8.8935059820366042e-05,replication,random_pauli,256
10,4,0.23999999999999999,0.26000000000000001,14,74,3.8656716417910517,-0.058301158301158236,0.00062678042159115127,replication,random_pauli,256
10,4,0.23999999999999999,0.27000000000000002,14,65,7.6399253731343419,-0.074432234432234359,0.0012387383332122415,replication,random_pauli,256
10,4,0.23999999999999999,0.28000000000000003,14,50,10.447761194029869,-0.12028571428571418,0.0016940011394355439,replication,random_pauli,256
10,4,0.23999999999999999,0.29999999999999999,14,23,10.813432835820896,-0.13995859213250517,0.001753291179315785,replication,random_pauli,256
10,4,0.25,0.26000000000000001,42,74,2.8992537313432889,0.0072072072072072385,0.00047008531619336345,replication,random_pauli,256
10,4,0.25,0.27000000000000002,42,65,10.186567164179122,-0.049743589743589681,0.0016516511109496554,replication,random_pauli,256
10,4,0.25,0.28000000000000003,42,50,17.630597014925403,-0.119111111111111,0.0028586269227974803,replication,random_pauli,256
10,4,0.25,0.29999999999999999,42,23,22.527985074626859,-0.14318840579710146,0.0036526899569078839,replication,random_pauli,256
10,4,0.26000000000000001,0.27000000000000002,74,65,4.48694029850747,-0.10669438669438659,0.00072751298934687193,replication,random_pauli,256
10,4,0.26000000000000001,0.28000000000000003,74,50,13.805970149253756,-0.18227027027027012,0.0022385015056826832,replication,random_pauli,256
10,4,0.26000000000000001,0.29999999999999999,74,23,25.402985074626837,-0.18078730904817875,0.0041188427704561253,replication,random_pauli,256
10,4,0.27000000000000002,0.28000000000000003,65,50,3.0317164179104532,-0.25784615384615367,0.00049156283063977839,replication,random_pauli,256
10,4,0.27000000000000002,0.29999999999999999,65,23,12.551305970149228,-0.20548494983277613,0.0020350701188486748,replication,random_pauli,256
10,4,0.28000000000000003,0.29999999999999999,50,23,4.2910447761193868,-0.17930434782608728,0.0006957504679824517,replication,random_pauli,256
10,5,0.23999999999999999,0.25,19,60,1.6011235955056207,-0.041052631578947361,0.00025960635439423521,replication,random_pauli,256
10,5,0.23999999999999999,0.26000000000000001,19,49,5.2303370786516945,-0.12481203007518787,0.00084804742435450173,replication,random_pauli,256
10,5,0.23999999999999999,0.27000000000000002,19,35,8.4058988764045086,-0.10606516290726808,0.0013629333605697349,replication,random_pauli,256
10,5,0.23999999999999999,0.28000000000000003,19,15,6.4044943820224827,-0.098596491228070099,0.0010384254175769408,replication,random_pauli,256
10,5,0.25,0.26000000000000001,60,49,4.1292134831460743,-0.20857142857142838,0.00066951112449039609,replication,random_pauli,256
10,5,0.25,0.27000000000000002,60,35,11.797752808988786,-0.13857142857142846,0.0019128889271154178,replication,random_pauli,256
10,5,0.25,0.28000000000000003,60,15,11.376404494382044,-0.11777777777777768,0.0018445714654327242,replication,random_pauli,256
10,5,0.26000000000000001,0.27000000000000002,49,35,2.4087078651685436,-0.068571428571428519,0.00039054815595273109,replication,random_pauli,256
10,5,0.26000000000000001,0.28000000000000003,49,15,4.1292134831460743,-0.072380952380952324,0.00066951112449039609,replication,random_pauli,256
10,5,0.27000000000000002,0.28000000000000003,35,15,0.73735955056179914,-0.076190476190476128,0.00011955555794471361,replication,random_pauli,256
10,6,0.23999999999999999,0.25,51,42,3.285276073619638,0.10812324929971974,0.00053267502086974737,replication,random_pauli,256
10,6,0.23999999999999999,0.26000000000000001,51,47,14.705521472392663,-0.13692115143929903,0.0023843548553217258,replication,random_pauli,256
10,6,0.23999999999999999,0.27000000000000002,51,23,16.191717791411072,-0.076726342710997375,0.0026253268885723258,replication,random_pauli,256
10,6,0.25,0.26000000000000001,42,47,3.0276073619631956,-0.38196555217831779,0.00049089658786035534,replication,random_pauli,256
10,6,0.25,0.27000000000000002,42,23,5.9263803680981706,-0.16915113871635595,0.00096090395921601482,replication,random_pauli,256
10,6,0.26000000000000001,0.27000000000000002,47,23,1.6579754601227026,0.043663274745605891,0.00026882432192352796,replication,random_pauli,256
10,7,0.23999999999999999,0.25,53,52,5.6016260162601732,-0.063280116110304707,0.00090824825319120819,replication,random_pauli,256
10,7,0.23999999999999999,0.26000000000000001,53,18,7.7560975609756238,-0.076939203354297631,0.0012575745044185959,replication,random_pauli,256
10,7,0.25,0.26000000000000001,52,18,1.9024390243902474,-0.090598290598290554,0.00030846167089512727,replication,random_pauli,256
10,8,0.22,0.23999999999999999,16,49,8.1666666666666554,-0.23979591836734707,0.0013241442239921126,replication,random_pauli,256
10,8,0.22,0.25,16,31,11.625,-0.22473118279569892,0.00188487876782551,replication,random_pauli,256
10,8,0.23999999999999999,0.25,49,31,3.9557291666666736,-0.19460171165240275,0.00064138235849618155,replication,random_pauli,256
10,9,0.22,0.23999999999999999,18,44,9.1034482758620587,-0.10909090909090914,0.0014760340962727003,replication,random_pauli,256
10,9,0.22,0.25,18,25,11.637931034482758,-0.10666666666666667,0.0018869754071668063,replication,random_pauli,256
10,9,0.23999999999999999,0.25,44,25,3.1609195402298904,-0.10181818181818172,0.00051251183898357792,replication,random_pauli,256
6,0,0.23999999999999999,0.25,23,19,0.34140625000000058,-0.12357167960453641,1.5617928954299331e-05,replication,z_projective,32
6,0,0.23999999999999999,0.26000000000000001,23,30,2.1562500000000036,-0.049855833203410485,9.8639551290311553e-05,replication,z_projective,32
6,0,0.23999999999999999,0.27000000000000002,23,45,7.2773437500000133,-0.033237222135606988,0.00033290848560480157,replication,z_projective,32
6,0,0.23999999999999999,0.28000000000000003,23,47,13.512500000000024,-0.039963607021041535,0.00061814118808595252,replication,z_projective,32
6,0,0.23999999999999999,0.29999999999999999,23,64,41.399999999999999,-0.013632454391557561,0.0018938793847739787,replication,z_projective,32
6,0,0.23999999999999999,0.34000000000000002,23,92,165.31250000000014,-0.010869731076324959,0.0075623655989238798,replication,z_projective,32
6,0,0.25,0.26000000000000001,19,30,0.44531250000000078,0.023860013197715448,2.0371211679520865e-05,replication,z_projective,32
6,0,0.25,0.27000000000000002,19,45,2.6718750000000044,0.011930006598857724,0.00012222727007712519,replication,z_projective,32
6,0,0.25,0.28000000000000003,19,47,6.2789062500000101,-0.012094249493209908,0.0002872340846812442,replication,z_projective,32
6,0,0.25,0.29999999999999999,19,64,23.749999999999993,0.008355390651038231,0.0010864646229077773,replication,z_projective,32
6,0,0.25,0.34000000000000002,19,92,110.61562500000005,0.0016527076490318775,0.0050602089811929768,replication,z_projective,32
6,0,0.26000000000000001,0.27000000000000002,30,45,1.0546875000000018,0,4.8247606609391523e-05,replication,z_projective,32
6,0,0.26000000000000001,0.28000000000000003,30,47,4.4062500000000071,-0.030071380838672584,0.00020156777872368012,replication,z_projective,32
6,0,0.26000000000000001,0.29999999999999999,30,64,23.999999999999972,0.0044792350143689234,0.001097901092622595,replication,z_projective,32
6,0,0.26000000000000001,0.34000000000000002,30,92,138.00000000000006,-0.0011232055445535708,0.0063129312825799316,replication,z_projective,32
6,0,0.27000000000000002,0.28000000000000003,45,47,1.6523437500000031,-0.060142761677345169,7.5587917021380062e-05,replication,z_projective,32
6,0,0.27000000000000002,0.29999999999999999,45,64,20.249999999999957,0.0059723133524919002,0.00092635404690031371,replication,z_projective,32
6,0,0.27000000000000002,0.34000000000000002,45,92,158.48437500000006,-0.0012836634794897953,0.0072500070198378902,replication,z_projective,32
6,0,0.28000000000000003,0.29999999999999999,47,64,9.3999999999999648,0.03902985086741053,0.00043001126127718196,replication,z_projective,32
6,0,0.28000000000000003,0.34000000000000002,47,92,121.61249999999998,0.0085261862201527761,0.005563270692773562,replication,z_projective,32
6,0,0.29999999999999999,0.34000000000000002,64,92,73.600000000000136,-0.0067256461034760568,0.0033668966840426349,replication,z_projective,32
6,1,0.20000000000000001,0.22,14,44,0.82684563758389173,0.05909181076038484,3.7824780372232589e-05,replication,z_projective,32
6,1,0.20000000000000001,0.23999999999999999,14,66,4.96107382550335,-0.025757968792988292,0.00022694868223339549,replication,z_projective,32
6,1,0.20000000000000001,0.25,14,70,8.2214765100671112,0.016000244144350341,0.00037609866847390384,replication,z_projective,32
6,1,0.20000000000000001,0.26000000000000001,14,87,14.714093959731544,-0.0091955426116956118,0.00067310915980586697,replication,z_projective,32
6,1,0.20000000000000001,0.27000000000000002,14,93,21.408724832214773,0.0049155895988787458,0.00097936093270604616,replication,z_projective,32
6,1,0.20000000000000001,0.28000000000000003,14,112,33.675167785234912,0.0022321769174595825,0.0015405001460691112,replication,z_projective,32
6,1,0.20000000000000001,0.29999999999999999,14,118,55.436241610738236,-0.00033898822339726306,0.002535979593138323,replication,z_projective,32
6,1,0.20000000000000001,0.34000000000000002,14,141,129.83355704697991,-0.012766152242832729,0.0059393501725398933,replication,z_projective,32
6,1,0.22,0.23999999999999999,44,66,3.8979865771812037,-0.11060774834636142,0.00017831682175481074,replication,z_projective,32
6,1,0.22,0.25,44,70,9.3020134228187921,-0.012727466933005971,0.00042552877918761704,replication,z_projective,32
6,1,0.22,0.26000000000000001,44,87,20.553020134228195,-0.043339219297735813,0.00094021596925263984,replication,z_projective,32
6,1,0.22,0.27000000000000002,44,93,34.328859060402706,-0.016754898865723671,0.0015704038279543021,replication,z_projective,32
6,1,0.22,0.28000000000000003,44,112,59.53288590604032,-0.016721034363515484,0.0027233841868007517,replication,z_projective,32
6,1,0.22,0.29999999999999999,44,118,111.50604026845632,-0.015196687969342784,0.0051009418101982257,replication,z_projective,32
6,1,0.22,0.34000000000000002,44,141,299.79060402684576,-0.024742479410035653,0.01371418465496092,replication,z_projective,32
6,1,0.23999999999999999,0.25,66,70,1.5503355704698014,0.18303309589370464,7.09214631979363e-05,replication,z_projective,32
6,1,0.23999999999999999,0.26000000000000001,66,87,7.7073825503355851,0.0239293097508897,0.00035258098846974048,replication,z_projective,32
6,1,0.23999999999999999,0.27000000000000002,66,93,18.53758389261748,0.045813667454701404,0.00084801806709532395,replication,z_projective,32
6,1,0.23999999999999999,0.28000000000000003,66,112,39.688590604026913,0.030222322627907416,0.0018155894578671691,replication,z_projective,32
6,1,0.23999999999999999,0.29999999999999999,66,118,94.083221476510062,0.016606998822996748,0.0043039196523547551,replication,z_projective,32
6,1,0.23999999999999999,0.34000000000000002,66,141,312.28187919463107,-0.0075694256227705091,0.014285609015584295,replication,z_projective,32
6,1,0.25,0.26000000000000001,70,87,2.0436241610738293,-0.13517447639192526,9.3487383306370579e-05,replication,z_projective,32
6,1,0.25,0.27000000000000002,70,93,8.7382550335570617,-0.022796046764800217,0.00039973915620655,replication,z_projective,32
6,1,0.25,0.28000000000000003,70,112,23.67785234899333,-0.020714601794024994,0.0010831641652048452,replication,z_projective,32
6,1,0.25,0.29999999999999999,70,118,69.295302013422798,-0.01667822059114487,0.003169974491422904,replication,z_projective,32
6,1,0.25,0.34000000000000002,70,141,268.27852348993298,-0.028747483569045544,0.012272636836115595,replication,z_projective,32
6,1,0.26000000000000001,0.27000000000000002,87,93,2.7151006711409442,0.089582382862324811,0.00012420466639274946,replication,z_projective,32
6,1,0.26000000000000001,0.28000000000000003,87,112,13.079194630872507,0.036515335504925132,0.00059831925316077169,replication,z_projective,32
6,1,0.26000000000000001,0.29999999999999999,87,118,55.119463087248263,0.012945843359050267,0.0025214882811775306,replication,z_projective,32
6,1,0.26000000000000001,0.34000000000000002,87,141,263.45234899328869,-0.015444109466185567,0.012051859242238385,replication,z_projective,32
6,1,0.27000000000000002,0.28000000000000003,93,112,3.4953020134228252,-0.016551711852474546,0.00015989566248262002,replication,z_projective,32
6,1,0.27000000000000002,0.29999999999999999,93,118,33.142953020134158,-0.012599669808707964,0.0015161535138976947,replication,z_projective,32
6,1,0.27000000000000002,0.34000000000000002,93,141,215.61644295302017,-0.030447894084544205,0.0098635636793966072,replication,z_projective,32
6,1,0.28000000000000003,0.29999999999999999,112,118,17.739597315436178,-0.010623648786824667,0.00081151346980426074,replication,z_projective,32
6,1,0.28000000000000003,0.34000000000000002,112,141,190.77583892617449,-0.032763924456555814,0.0087272084167933084,replication,z_projective,32
6,1,0.29999999999999999,0.34000000000000002,118,141,89.331543624161242,-0.043834062291421359,0.0040865499729429069,replication,z_projective,32
6,2,0.20000000000000001,0.22,49,72,4.8461538461538405,-0.017800725132249211,0.00022169156677956245,replication,z_projective,32
6,2,0.20000000000000001,0.23999999999999999,49,97,26.115384615384588,-0.034988962250229662,0.0011946712209787535,replication,z_projective,32
6,2,0.20000000000000001,0.25,49,113,47.536057692307672,-0.027553246869492624,0.0021745787366398072,replication,z_projective,32
6,2,0.20000000000000001,0.26000000000000001,49,91,55.125,-0.040712290503350908,0.0025217415721175262,replication,z_projective,32
6,2,0.20000000000000001,0.27000000000000002,49,86,70.908653846153868,-0.02808368840510338,0.0032437786889204082,replication,z_projective,32
6,2,0.20000000000000001,0.28000000000000003,49,89,95.846153846153868,-0.030027974815161059,0.0043845665429735753,replication,z_projective,32
6,2,0.20000000000000001,0.29999999999999999,49,78,131.24999999999997,-0.037834172280106319,0.0060041466002798225,replication,z_projective,32
6,2,0.20000000000000001,0.34000000000000002,49,53,174.79807692307696,-0.035712080211068559,0.0079962916517572844,replication,z_projective,32
6,2,0.22,0.23999999999999999,72,97,9.5934065934065824,-0.052177199368210109,0.00043885881586974614,replication,z_projective,32
6,2,0.22,0.25,72,113,25.145604395604394,-0.034054928027654897,0.0011503077725245677,replication,z_projective,32
6,2,0.22,0.26000000000000001,72,91,36.000000000000014,-0.052168073188901751,0.0016468516389338951,replication,z_projective,32
6,2,0.22,0.27000000000000002,72,86,53.159340659340693,-0.032196873714245046,0.0024318207580411233,replication,z_projective,32
6,2,0.22,0.28000000000000003,72,89,79.21978021978029,-0.034103724709465003,0.003623978469192447,replication,z_projective,32
6,2,0.22,0.29999999999999999,72,78,123.42857142857137,-0.042842534067070594,0.0056463484763447785,replication,z_projective,32
6,2,0.22,0.34000000000000002,72,53,188.70329670329676,-0.038697306057538454,0.0086323981513348122,replication,z_projective,32
6,2,0.23999999999999999,0.25,97,113,3.7640796703296773,0.0021896146534554611,0.00017219113261556063,replication,z_projective,32
6,2,0.23999999999999999,0.26000000000000001,97,91,12.125000000000021,-0.0521589470095934,0.00055466878116870852,replication,z_projective,32
6,2,0.23999999999999999,0.27000000000000002,97,86,25.782280219780265,-0.018876656611601688,0.0011794330676499461,replication,z_projective,32
6,2,0.23999999999999999,0.28000000000000003,97,89,47.43406593406602,-0.02506698738009247,0.0021699130340226401,replication,z_projective,32
6,2,0.23999999999999999,0.29999999999999999,97,78,93.535714285714278,-0.039730978966690748,0.0042788734547300296,replication,z_projective,32
6,2,0.23999999999999999,0.34000000000000002,97,53,176.54532967032981,-0.036001327395404126,0.0080762212642696493,replication,z_projective,32
6,2,0.25,0.26000000000000001,113,91,3.5312500000000062,-0.10650750867264226,0.0001615401347218146,replication,z_projective,32
6,2,0.25,0.27000000000000002,113,86,13.348901098901123,-0.029409792244130262,0.00061065721257477171,replication,z_projective,32
6,2,0.25,0.28000000000000003,113,89,31.082760989011046,-0.034152521391275115,0.0014219082188150934,replication,z_projective,32
6,2,0.25,0.29999999999999999,113,78,75.669642857142833,-0.048115097690720005,0.0034615743154674484,replication,z_projective,32
6,2,0.25,0.34000000000000002,113,53,166.58962912087918,-0.040244765400832973,0.0076207889929752644,replication,z_projective,32
6,2,0.26000000000000001,0.27000000000000002,91,86,2.6875000000000044,0.047687924184381739,0.00012294204943430137,replication,z_projective,32
6,2,0.26000000000000001,0.28000000000000003,91,89,11.125000000000021,0.0020249722494084643,0.00050892290230943364,replication,z_projective,32
6,2,0.26000000000000001,0.29999999999999999,91,78,38.999999999999957,-0.033516994945239423,0.0017840892755117172,replication,z_projective,32
6,2,0.26000000000000001,0.34000000000000002,91,53,106.00000000000006,-0.031961922491856802,0.0048490631590831362,replication,z_projective,32
6,2,0.27000000000000002,0.28000000000000003,86,89,2.6284340659340706,-0.043637979685564807,0.00012024002636981123,replication,z_projective,32
6,2,0.27000000000000002,0.29999999999999999,86,78,20.732142857142811,-0.060585301321779861,0.00094841009563603534,replication,z_projective,32
6,2,0.27000000000000002,0.34000000000000002,86,53,76.697115384615401,-0.043340472017033733,0.0035085769492404413,replication,z_projective,32
6,2,0.28000000000000003,0.29999999999999999,89,78,9.5357142857142509,-0.069058962139887395,0.00043621963055094073,replication,z_projective,32
6,2,0.28000000000000003,0.34000000000000002,89,53,58.314560439560431,-0.043290887405611898,0.0026676508175999931,replication,z_projective,32
6,2,0.29999999999999999,0.34000000000000002,78,53,22.714285714285758,-0.030406850038474181,0.0010390849626606736,replication,z_projective,32
6,3,0.20000000000000001,0.22,90,103,16.436170212765937,-0.065955698960732251,0.00075188705146361225,replication,z_projective,32
6,3,0.20000000000000001,0.23999999999999999,90,83,52.978723404255263,-0.042932382003791486,0.0024235582629700903,replication,z_projective,32
6,3,0.20000000000000001,0.25,90,71,70.81117021276593,-0.054573602680143336,0.003239319214436682,replication,z_projective,32
6,3,0.20000000000000001,0.26000000000000001,90,68,97.659574468085111,-0.038366598499728982,0.0044675230630653526,replication,z_projective,32
6,3,0.20000000000000001,0.27000000000000002,90,60,117.28723404255324,-0.044762587784789663,0.0053654076002500571,replication,z_projective,32
6,3,0.20000000000000001,0.28000000000000003,90,43,109.78723404255325,-0.032519876058890361,0.0050223135088054965,replication,z_projective,32
6,3,0.20000000000000001,0.29999999999999999,90,32,127.65957446808507,-0.024417039241117985,0.005839899428843596,replication,z_projective,32
6,3,0.20000000000000001,0.34000000000000002,90,14,109.46808510638299,-0.056599503095661093,0.0050077137602333854,replication,z_projective,32
6,3,0.22,0.23999999999999999,103,83,15.157801418439698,-0.019909065046850732,0.00069340694746088691,replication,z_projective,32
6,3,0.22,0.25,103,71,29.174202127659573,-0.046985538493084067,0.0013345995163479133,replication,z_projective,32
6,3,0.22,0.26000000000000001,103,68,49.673758865248253,-0.024572048269227358,0.0022723697555344768,replication,z_projective,32
6,3,0.22,0.27000000000000002,103,60,68.484042553191543,-0.036285343314412639,0.003132862714431724,replication,z_projective,32
6,3,0.22,0.28000000000000003,103,43,70.675531914893682,-0.021374601758276407,0.0032331143212935396,replication,z_projective,32
6,3,0.22,0.29999999999999999,103,32,93.503546099290759,-0.014032374311214426,0.0042774018927707767,replication,z_projective,32
6,3,0.22,0.34000000000000002,103,14,92.04255319148939,-0.055040137118149236,0.0042105674881962353,replication,z_projective,32
6,3,0.23999999999999999,0.25,83,71,2.6121453900709266,-0.10113848538555067,0.00011949488657699786,replication,z_projective,32
6,3,0.23999999999999999,0.26000000000000001,83,68,10.007092198581578,-0.029235031491603985,0.00045778322744990729,replication,z_projective,32
6,3,0.23999999999999999,0.27000000000000002,83,60,19.867021276595782,-0.047202862159453893,0.00090883434861378657,replication,z_projective,32
6,3,0.23999999999999999,0.28000000000000003,83,43,25.312056737588694,-0.022107370113989243,0.0011579222811968241,replication,z_projective,32
6,3,0.23999999999999999,0.29999999999999999,83,32,42.38297872340425,-0.012073477399335656,0.0019388466103760743,replication,z_projective,32
6,3,0.23999999999999999,0.34000000000000002,83,14,51.507092198581603,-0.062066351532408928,0.0023562372001098147,replication,z_projective,32
6,3,0.25,0.26000000000000001,71,68,2.1400709219858189,0.042668422402342705,9.7899425147419906e-05,replication,z_projective,32
6,3,0.25,0.27000000000000002,71,60,7.5531914893617165,-0.020235050546405505,0.00034552738287324687,replication,z_projective,32
6,3,0.25,0.28000000000000003,71,43,12.179521276595766,0.0042363349765312305,0.00055716290488311043,replication,z_projective,32
6,3,0.25,0.29999999999999999,71,32,25.177304964538994,0.0057395241979073652,0.00115175794291082,replication,z_projective,32
6,3,0.25,0.34000000000000002,71,14,35.688829787234056,-0.0577250033265043,0.001632616884076089,replication,z_projective,32
6,3,0.26000000000000001,0.27000000000000002,68,60,1.8085106382978755,-0.083138523495153716,8.2731908575284444e-05,replication,z_projective,32
6,3,0.26000000000000001,0.28000000000000003,68,43,5.1843971631205763,-0.014979708736374504,0.00023716480458248207,replication,z_projective,32
6,3,0.26000000000000001,0.29999999999999999,68,32,15.432624113475159,-0.0034927003532014816,0.00070597895317575849,replication,z_projective,32
6,3,0.26000000000000001,0.34000000000000002,68,14,27.007092198581574,-0.07027418154261017,0.0012354631680575796,replication,z_projective,32
6,3,0.27000000000000002,0.28000000000000003,60,43,1.1436170212765979,0.0531791060224047,5.2315765716723998e-05,replication,z_projective,32
6,3,0.27000000000000002,0.29999999999999999,60,32,7.6595744680850908,0.023055907360782647,0.00035039396573061516,replication,z_projective,32
6,3,0.27000000000000002,0.34000000000000002,60,14,18.244680851063833,-0.068436418406532515,0.00083461896003889763,replication,z_projective,32
6,3,0.28000000000000003,0.29999999999999999,43,32,2.4397163120567287,0.0079943080299715742,0.00011160696686234391,replication,z_projective,32
6,3,0.28000000000000003,0.34000000000000002,43,14,9.6063829787234027,-0.08870567247802208,0.00043945243202048065,replication,z_projective,32
6,3,0.29999999999999999,0.34000000000000002,32,14,3.1773049645390126,-0.13705566273201877,0.00014534860800677425,replication,z_projective,32
6,4,0.20000000000000001,0.22,87,56,21.275109170305655,-0.078367369846995161,0.00097324856682264992,replication,z_projective,32
6,4,0.20000000000000001,0.23999999999999999,87,22,33.432314410480309,-0.028631575859143141,0.0015293906050070211,replication,z_projective,32
6,4,0.20000000000000001,0.25,87,26,61.735807860261978,-0.046402122717479351,0.0028241587876550126,replication,z_projective,32
6,4,0.20000000000000001,0.26000000000000001,87,22,75.222707423580786,-0.055451908476588631,0.0034411288612658016,replication,z_projective,32
6,4,0.20000000000000001,0.27000000000000002,87,16,74.46288209606989,-0.043309363639905618,0.0034063699838792791,replication,z_projective,32
6,4,0.22,0.23999999999999999,56,22,5.3799126637554533,0.021104218128708878,0.00024610883298963564,replication,z_projective,32
6,4,0.22,0.25,56,26,14.305676855895197,-0.025091957964468833,0.00065442576044971354,replication,z_projective,32
6,4,0.22,0.26000000000000001,56,22,21.519650655021842,-0.043994177791385376,0.00098443533195854385,replication,z_projective,32
6,4,0.22,0.27000000000000002,56,16,24.454148471615738,-0.029286161157069824,0.0011186765135892548,replication,z_projective,32
6,4,0.23999999999999999,0.25,22,26,0.62445414847161684,-0.11748431015082411,2.8566203829154215e-05,replication,z_projective,32
6,4,0.23999999999999999,0.26000000000000001,22,22,2.1135371179039337,-0.10909257371147954,9.6685612960214256e-05,replication,z_projective,32
6,4,0.23999999999999999,0.27000000000000002,22,16,3.458515283842801,-0.062879747347588902,0.00015821282120762336,replication,z_projective,32
6,4,0.25,0.26000000000000001,26,22,0.62445414847161684,-0.10070083727213497,2.8566203829154215e-05,replication,z_projective,32
6,4,0.25,0.27000000000000002,26,16,1.8165938864628852,-0.035577465945971297,8.3101683866630441e-05,replication,z_projective,32
6,4,0.26000000000000001,0.27000000000000002,22,16,0.38427947598253342,0.029545905380192361,1.7579202356402592e-05,replication,z_projective,32
8,0,0.22,0.25,11,25,1.9038461538461537,0.012606252962215403,8.7093115520542501e-05,replication,z_projective,32
8,0,0.22,0.26000000000000001,11,34,4.6030769230769248,0.018984246895870218,0.0002105717993030006,replication,z_projective,32
8,0,0.22,0.27000000000000002,11,39,8.2500000000000053,-0.0046620757996358878,0.00037740350058901773,replication,z_projective,32
8,0,0.22,0.28000000000000003,11,50,15.230769230769244,0.002303065445020124,0.00069674492416434066,replication,z_projective,32
8,0,0.22,0.29999999999999999,11,59,31.950769230769218,-0.0035439677900621922,0.001461616018691415,replication,z_projective,32
8,0,0.22,0.34000000000000002,11,107,130.37538461538463,-0.0041631901182729849,0.0059641365508467511,replication,z_projective,32
8,0,0.25,0.26000000000000001,25,34,0.65384615384615496,0.038118228696834643,2.9910766946448989e-05,replication,z_projective,32
8,0,0.25,0.27000000000000002,25,39,3.0000000000000053,-0.030564568942412801,0.00013723763657782478,replication,z_projective,32
8,0,0.25,0.28000000000000003,25,50,8.6538461538461693,-0.0080001220721751462,0.0003958777978206484,replication,z_projective,32
8,0,0.25,0.29999999999999999,25,59,28.365384615384603,-0.013234100241428751,0.0012975994484121225,replication,z_projective,32
8,0,0.25,0.34000000000000002,25,107,166.67307692307696,-0.0097530044784357797,0.0076246063860256766,replication,z_projective,32
8,0,0.26000000000000001,0.27000000000000002,34,39,1.0200000000000018,-0.099247366581660251,4.6660796436460426e-05,replication,z_projective,32
8,0,0.26000000000000001,0.28000000000000003,34,50,5.2307692307692397,-0.031059297456680041,0.00023928613557159192,replication,z_projective,32
8,0,0.26000000000000001,0.29999999999999999,34,59,24.68923076923074,-0.026072182475994618,0.0011294305598979106,replication,z_projective,32
8,0,0.26000000000000001,0.34000000000000002,34,107,179.10153846153852,-0.015736908625344586,0.0081931572819712965,replication,z_projective,32
8,0,0.27000000000000002,0.28000000000000003,39,50,1.5000000000000027,0.037128771668300163,6.8618818288912391e-05,replication,z_projective,32
8,0,0.27000000000000002,0.29999999999999999,39,59,15.929999999999966,-0.0016804544407726957,0.00072873185022824679,replication,z_projective,32
8,0,0.27000000000000002,0.34000000000000002,39,107,157.29000000000005,-0.0038068432030137684,0.0071953692857753427,replication,z_projective,32
8,0,0.28000000000000003,0.29999999999999999,50,59,9.0769230769230411,-0.021085067495309178,0.00041523182349187778,replication,z_projective,32
8,0,0.28000000000000003,0.34000000000000002,50,107,148.15384615384613,-0.010629445681566096,0.0067774278986894882,replication,z_projective,32
8,0,0.29999999999999999,0.34000000000000002,59,107,77.698461538461686,-0.0054016347746945696,0.0035543844090904944,replication,z_projective,32
8,1,0.20000000000000001,0.22,25,34,1.1740331491712694,0.0028235724960618009,5.370717821876185e-05,replication,z_projective,32
8,1,0.20000000000000001,0.23999999999999999,25,57,7.872928176795571,-0.013965125371604041,0.00036015401864346178,replication,z_projective,32
8,1,0.20000000000000001,0.25,25,76,16.401933701657452,-0.025558284725317543,0.0007503208721738793,replication,z_projective,32
8,1,0.20000000000000001,0.26000000000000001,25,91,28.28038674033149,-0.017201727678999367,0.0012937111459166472,replication,z_projective,32
8,1,0.20000000000000001,0.27000000000000002,25,90,38.069751381215475,-0.012825592528407828,0.0017415342348877944,replication,z_projective,32
8,1,0.20000000000000001,0.28000000000000003,25,101,55.801104972375718,-0.012019985390619634,0.0025526705882799789,replication,z_projective,32
8,1,0.20000000000000001,0.29999999999999999,25,119,102.72790055248615,-0.012880868815367765,0.0046993780941416647,replication,z_projective,32
8,1,0.20000000000000001,0.34000000000000002,25,131,221.65055248618793,-0.024358059787909583,0.010139599323124495,replication,z_projective,32
8,1,0.22,0.23999999999999999,34,57,2.6767955801104946,-0.030753823239269885,0.00012245236633877702,replication,z_projective,32
8,1,0.22,0.25,34,76,8.0303867403314921,-0.044479522872903764,0.00036735709901633144,replication,z_projective,32
8,1,0.22,0.26000000000000001,34,91,17.09392265193371,-0.027214377766529942,0.0007819765148651737,replication,z_projective,32
8,1,0.22,0.27000000000000002,34,90,26.41574585635361,-0.019085258538195676,0.0012084115099221437,replication,z_projective,32
8,1,0.22,0.28000000000000003,34,101,42.687845303867441,-0.016967838019513442,0.0019527930000341847,replication,z_projective,32
8,1,0.22,0.29999999999999999,34,119,89.414364640883946,-0.016806979143225157,0.0040903386931409056,replication,z_projective,32
8,1,0.22,0.34000000000000002,34,131,221.46961325966859,-0.028888331835238146,0.01013132209918725,replication,z_projective,32
8,1,0.23999999999999999,0.25,57,76,1.4958563535911629,-0.07193092214017148,6.8429263542257941e-05,replication,z_projective,32
8,1,0.23999999999999999,0.26000000000000001,57,91,7.1643646408839903,-0.023674932293790009,0.00032774015696555116,replication,z_projective,32
8,1,0.23999999999999999,0.27000000000000002,57,90,15.942679558011077,-0.011306215404146214,0.00072931188775301223,replication,z_projective,32
8,1,0.23999999999999999,0.28000000000000003,57,101,31.806629834254199,-0.010074845409635233,0.0014550222353195898,replication,z_projective,32
8,1,0.23999999999999999,0.29999999999999999,57,119,84.319060773480658,-0.012158031111210249,0.0038572495396714799,replication,z_projective,32
8,1,0.23999999999999999,0.34000000000000002,57,131,257.83839779005547,-0.028515233554431797,0.011795044110573397,replication,z_projective,32
8,1,0.25,0.26000000000000001,76,91,2.3881215469613304,0.024581057552591469,0.00010924671898851707,replication,z_projective,32
8,1,0.25,0.27000000000000002,76,90,9.447513812154714,0.01900613796386642,0.00043218482237215546,replication,z_projective,32
8,1,0.25,0.28000000000000003,76,101,23.85497237569065,0.010543846833876852,0.0010912666764896924,replication,z_projective,32
8,1,0.25,0.29999999999999999,76,119,78.073204419889478,-0.00020345290541798903,0.0035715273515476657,replication,z_projective,32
8,1,0.25,0.34000000000000002,76,131,278.46546961325981,-0.023691268156016274,0.012738647639419265,replication,z_projective,32
8,1,0.26000000000000001,0.27000000000000002,91,90,2.8280386740331545,0.013431218375141373,0.00012937111459166497,replication,z_projective,32
8,1,0.26000000000000001,0.28000000000000003,91,101,12.694751381215491,0.003525241474519544,0.00058073255883369593,replication,z_projective,32
8,1,0.26000000000000001,0.29999999999999999,91,119,59.828729281767885,-0.0063995805199203622,0.0027369178020281034,replication,z_projective,32
8,1,0.26000000000000001,0.34000000000000002,91,131,263.4475138121548,-0.029725308869592244,0.012051638052627971,replication,z_projective,32
8,1,0.27000000000000002,0.28000000000000003,90,101,3.1388121546961378,-0.0063807354261022848,0.000143587720590749,replication,z_projective,32
8,1,0.27000000000000002,0.29999999999999999,90,119,33.283839779005454,-0.013009846818274287,0.0015225985025018969,replication,z_projective,32
8,1,0.27000000000000002,0.34000000000000002,90,131,199.48549723756912,-0.035890527047411337,0.0091256393908120438,replication,z_projective,32
8,1,0.28000000000000003,0.29999999999999999,101,119,16.600828729281705,-0.016324402514360296,0.00075941950001329054,replication,z_projective,32
8,1,0.28000000000000003,0.34000000000000002,101,131,164.47375690607734,-0.040808825650962853,0.0075239965589552343,replication,z_projective,32
8,1,0.29999999999999999,0.34000000000000002,119,131,86.12707182320456,-0.053051037219264095,0.0039399585941283797,replication,z_projective,32
8,2,0.20000000000000001,0.22,57,84,6.154241645244209,-0.017669442546627539,0.00028153119277404592,replication,z_projective,32
8,2,0.20000000000000001,0.23999999999999999,57,106,31.064267352185055,-0.020357808152878753,0.0014210622111451841,replication,z_projective,32
8,2,0.20000000000000001,0.25,57,81,37.090295629820041,-0.025939317180087157,0.0016967281707364389,replication,z_projective,32
8,2,0.20000000000000001,0.26000000000000001,57,95,62.641388174807197,-0.022456483009614531,0.002865585355021542,replication,z_projective,32
8,2,0.20000000000000001,0.27000000000000002,57,114,102.31426735218513,-0.030075646887876596,0.0046804560798685202,replication,z_projective,32
8,2,0.20000000000000001,0.28000000000000003,57,96,112.53470437018001,-0.040132191316010334,0.0051479989535825627,replication,z_projective,32
8,2,0.20000000000000001,0.29999999999999999,57,91,166.67737789203082,-0.039908069908913185,0.0076248031376304178,replication,z_projective,32
8,2,0.20000000000000001,0.34000000000000002,57,54,193.85861182519284,-0.040128710338361274,0.0088682325723824576,replication,z_projective,32
8,2,0.22,0.23999999999999999,84,106,11.444730077120809,-0.02304617375912997,0.00052354923568506781,replication,z_projective,32
8,2,0.22,0.25,84,81,19.677377892030847,-0.0314525669357269,0.00090015894531701626,replication,z_projective,32
8,2,0.22,0.26000000000000001,84,95,41.028277634961455,-0.024850003241108025,0.0018768746184936423,replication,z_projective,32
8,2,0.22,0.27000000000000002,84,114,76.928020565552757,-0.035038128624376219,0.0035191399096755806,replication,z_projective,32
8,2,0.22,0.28000000000000003,84,96,93.285347043701876,-0.047619774239137921,0.0042674201852065993,replication,z_projective,32
8,2,0.22,0.29999999999999999,84,91,157.20308483290484,-0.045467726749484599,0.0071913932750703718,replication,z_projective,32
8,2,0.22,0.34000000000000002,84,54,209.89203084832911,-0.043871921636983557,0.0096016954167148436,replication,z_projective,32
8,2,0.23999999999999999,0.25,106,81,2.7589974293059178,-0.048265353288920745,0.00012621276217407925,replication,z_projective,32
8,2,0.23999999999999999,0.26000000000000001,106,95,12.943444730077141,-0.026653832723086083,0.00059210925464382833,replication,z_projective,32
8,2,0.23999999999999999,0.27000000000000002,106,114,34.94730077120829,-0.043032765201207038,0.001598694987538337,replication,z_projective,32
8,2,0.23999999999999999,0.28000000000000003,106,96,52.318766066838144,-0.059906574479141883,0.0023933679345603171,replication,z_projective,32
8,2,0.23999999999999999,0.29999999999999999,106,91,111.58611825192803,-0.052941577746269473,0.0051046050479294173,replication,z_projective,32
8,2,0.23999999999999999,0.34000000000000002,106,54,183.93316195372765,-0.04803707121255428,0.0084141841449386062,replication,z_projective,32
8,2,0.25,0.26000000000000001,81,95,2.4726863753213411,-0.005042312157251423,0.00011311521138242949,replication,z_projective,32
8,2,0.25,0.27000000000000002,81,114,11.868894601542438,-0.040416471157350191,0.0005429530146356616,replication,z_projective,32
8,2,0.25,0.28000000000000003,81,96,22.488431876606722,-0.063786981542548929,0.0010287530803623061,replication,z_projective,32
8,2,0.25,0.29999999999999999,81,91,59.214331619537255,-0.05387682263773922,0.0027088116410002795,replication,z_projective,32
8,2,0.25,0.34000000000000002,81,54,113.84768637532137,-0.04801170653740245,0.0052080624693341673,replication,z_projective,32
8,2,0.26000000000000001,0.27000000000000002,95,114,3.4800771208226284,-0.075790630157448954,0.00015919918639008596,replication,z_projective,32
8,2,0.26000000000000001,0.28000000000000003,95,96,11.722365038560433,-0.093159316235197687,0.00053624989099818434,replication,z_projective,32
8,2,0.26000000000000001,0.29999999999999999,95,91,44.447300771208184,-0.066085450257861195,0.0020332808367014431,replication,z_projective,32
8,2,0.26000000000000001,0.34000000000000002,95,54,105.50128534704376,-0.05338288083492132,0.0048262490189836527,replication,z_projective,32
8,2,0.27000000000000002,0.28000000000000003,114,96,3.5167095115681297,-0.11052800231294641,0.00016087496729945527,replication,z_projective,32
8,2,0.27000000000000002,0.29999999999999999,114,91,30.00192802056549,-0.062850390291331937,0.0013724645647734725,replication,z_projective,32
8,2,0.27000000000000002,0.34000000000000002,114,54,96.929305912596419,-0.050181773788845946,0.0044341162861912288,replication,z_projective,32
8,2,0.28000000000000003,0.29999999999999999,96,91,11.228791773778878,-0.039011584280524626,0.0005136709482193105,replication,z_projective,32
8,2,0.28000000000000003,0.34000000000000002,96,54,59.969151670951163,-0.0401240690348292,0.0027433415476328118,replication,z_projective,32
8,2,0.29999999999999999,0.34000000000000002,91,54,25.264781491002612,-0.04068031141198148,0.0011557596334934549,replication,z_projective,32
8,3,0.20000000000000001,0.22,91,91,16.430555555555536,-0.048352386150509311,0.00075163020403502887,replication,z_projective,32
8,3,0.20000000000000001,0.23999999999999999,91,83,59.944444444444372,-0.054879693481342043,0.0027422112938420835,replication,z_projective,32
8,3,0.20000000000000001,0.25,91,74,83.506944444444414,-0.018830106154436668,0.0038200985644637488,replication,z_projective,32
8,3,0.20000000000000001,0.26000000000000001,91,56,91,-0.02518353445339026,0.0041628749761940115,replication,z_projective,32
8,3,0.20000000000000001,0.27000000000000002,91,44,97.319444444444471,-0.015556110066131968,0.0044519635162074854,replication,z_projective,32
8,3,0.20000000000000001,0.28000000000000003,91,42,121.33333333333339,-0.030494970810832564,0.0055504999682586837,replication,z_projective,32
8,3,0.20000000000000001,0.29999999999999999,91,23,103.81944444444441,-0.051601360713982254,0.0047493117287927692,replication,z_projective,32
8,3,0.22,0.23999999999999999,91,83,14.986111111111093,-0.061407000812174782,0.00068555282346052088,replication,z_projective,32
8,3,0.22,0.25,91,74,30.062499999999996,0.00085141384294507938,0.00137523548320695,replication,z_projective,32
8,3,0.22,0.26000000000000001,91,56,40.444444444444457,-0.013599108604830743,0.0018501666560862278,replication,z_projective,32
8,3,0.22,0.27000000000000002,91,44,49.652777777777814,-0.0024375996323810424,0.0022714099572487181,replication,z_projective,32
8,3,0.22,0.28000000000000003,91,42,68.250000000000057,-0.024542499030940322,0.0031221562321455108,replication,z_projective,32
8,3,0.22,0.29999999999999999,91,23,66.444444444444414,-0.052413604354850499,0.0030395595064273717,replication,z_projective,32
8,3,0.23999999999999999,0.25,83,74,3.0466269841269895,0.12536824315318462,0.00013937062894527115,replication,z_projective,32
8,3,0.23999999999999999,0.26000000000000001,83,56,9.2222222222222392,0.034208783602513226,0.00042187866059109104,replication,z_projective,32
8,3,0.23999999999999999,0.27000000000000002,83,44,16.303571428571459,0.036875334487481391,0.00074582120354496455,replication,z_projective,32
8,3,0.23999999999999999,0.28000000000000003,83,42,27.666666666666718,-0.0061102481403231225,0.0012656359817732731,replication,z_projective,32
8,3,0.23999999999999999,0.29999999999999999,83,23,34.089285714285708,-0.049415805535742402,0.0015594443346849227,replication,z_projective,32
8,3,0.25,0.26000000000000001,74,56,2.0555555555555589,-0.056950675948158176,9.4033195432954012e-05,replication,z_projective,32
8,3,0.25,0.27000000000000002,74,44,6.4603174603174711,-0.0073711198453702206,0.00029553289993214117,replication,z_projective,32
8,3,0.25,0.28000000000000003,74,42,13.875000000000025,-0.0499364119048257,0.00063472406917243962,replication,z_projective,32
8,3,0.25,0.29999999999999999,74,23,21.106150793650787,-0.084372615273527837,0.00096551941739193663,replication,z_projective,32
8,3,0.26000000000000001,0.27000000000000002,56,44,1.2222222222222245,0.042208436257417735,5.5911629716891588e-05,replication,z_projective,32
8,3,0.26000000000000001,0.28000000000000003,56,42,4.6666666666666758,-0.046429279883159466,0.00021348076800994971,replication,z_projective,32
8,3,0.26000000000000001,0.29999999999999999,56,23,10.222222222222211,-0.091228100104870286,0.00046762453945036457,replication,z_projective,32
8,3,0.27000000000000002,0.28000000000000003,44,42,0.91666666666666818,-0.13506699602373667,4.1933722287668681e-05,replication,z_projective,32
8,3,0.27000000000000002,0.29999999999999999,44,23,4.5178571428571335,-0.13570694555896637,0.000206673345560652,replication,z_projective,32
8,3,0.28000000000000003,0.29999999999999999,42,23,1.9166666666666596,-0.1360269203265812,8.7679601146943136e-05,replication,z_projective,32
8,4,0.20000000000000001,0.22,73,54,16.356846473029023,-0.079453267155164445,0.00074825831727494277,replication,z_projective,32
8,4,0.20000000000000001,0.23999999999999999,73,34,41.195020746887927,-0.027961748177324608,0.0018845024286924491,replication,z_projective,32
8,4,0.20000000000000001,0.25,73,35,66.260373443983369,-0.07063904264120234,0.0030311390167387753,replication,z_projective,32
8,4,0.20000000000000001,0.26000000000000001,73,22,59.975103734439834,-0.065878962891978018,0.0027436138300081271,replication,z_projective,32
8,4,0.20000000000000001,0.27000000000000002,73,12,44.526970954356855,-0.094130594831611014,0.0020369254192484586,replication,z_projective,32
8,4,0.20000000000000001,0.28000000000000003,73,11,53.311203319502106,-0.097137223167755832,0.0024387678488961145,replication,z_projective,32
8,4,0.22,0.23999999999999999,54,34,7.6182572614107791,0.023529770800515232,0.00034850387379928847,replication,z_projective,32
8,4,0.22,0.25,54,35,17.645228215767634,-0.064762892965227609,0.00080719647240276463,replication,z_projective,32
8,4,0.22,0.26000000000000001,54,22,19.71784232365146,-0.059091810760384798,0.00090201002630404224,replication,z_projective,32
8,4,0.22,0.27000000000000002,54,12,16.804979253112045,-0.10000152590218964,0.00076875854514549073,replication,z_projective,32
8,4,0.22,0.28000000000000003,54,11,22.182572614107904,-0.10303187517195296,0.001014761279592048,replication,z_projective,32
8,4,0.23999999999999999,0.25,34,35,1.2344398340248985,-0.24134822049671303,5.6470535106366355e-05,replication,z_projective,32
8,4,0.23999999999999999,0.26000000000000001,34,22,3.1037344398340303,-0.14171339232128469,0.00014198305969600683,replication,z_projective,32
8,4,0.23999999999999999,0.27000000000000002,34,12,3.8091286307054006,-0.18235572370399275,0.00017425193689964475,replication,z_projective,32
8,4,0.23999999999999999,0.28000000000000003,34,11,6.2074688796680606,-0.16631269815818697,0.00028396611939201366,replication,z_projective,32
8,4,0.25,0.26000000000000001,35,22,0.79875518672199308,-0.042078564145856388,3.6539758010001755e-05,replication,z_projective,32
8,4,0.25,0.27000000000000002,35,12,1.7427385892116214,-0.15285947530763264,7.9723108385458386e-05,replication,z_projective,32
8,4,0.25,0.28000000000000003,35,11,3.594398340248969,-0.14130085737867829,0.0001644289110450079,replication,z_projective,32
8,4,0.26000000000000001,0.27000000000000002,22,12,0.2738589211618262,-0.2636403864694089,1.2527917032000602e-05,replication,z_projective,32
8,4,0.26000000000000001,0.28000000000000003,22,11,1.0041493775933628,-0.19091200399508923,4.5935695784002211e-05,replication,z_projective,32
8,4,0.27000000000000002,0.28000000000000003,12,11,0.1369294605809131,-0.11818362152076956,6.2639585160003011e-06,replication,z_projective,32
8,5,0.20000000000000001,0.22,44,22,12.736842105263143,-0.18636648009044454,0.00058265803599707902,replication,z_projective,32
8,5,0.20000000000000001,0.23999999999999999,44,10,23.157894736842078,0.0086364954188254822,0.0010593782472674163,replication,z_projective,32
8,5,0.22,0.23999999999999999,22,10,2.8947368421052597,0.20363947092809551,0.00013242228090842704,replication,z_projective,32
10,0,0.23999999999999999,0.25,19,26,0.42733564013840908,0.0048583737280415385,1.9548844426022331e-05,replication,z_projective,32
10,0,0.23999999999999999,0.26000000000000001,19,21,1.3806228373702449,0.018546648914190538,6.3157805068687542e-05,replication,z_projective,32
10,0,0.23999999999999999,0.27000000000000002,19,32,4.7335640138408381,0.0089913652675214523,0.0002165410459497858,replication,z_projective,32
10,0,0.23999999999999999,0.28000000000000003,19,45,11.833910034602097,0.0029240212252102356,0.00054135261487446454,replication,z_projective,32
10,0,0.23999999999999999,0.29999999999999999,19,57,33.726643598615922,0.0023392169801682017,0.0015428549523922215,replication,z_projective,32
10,0,0.23999999999999999,0.34000000000000002,19,89,146.2802768166091,-0.00037848005072383935,0.0066917198227537909,replication,z_projective,32
10,0,0.25,0.26000000000000001,26,21,0.47231833910034693,0.03223492410033954,2.160661752349837e-05,replication,z_projective,32
10,0,0.25,0.27000000000000002,26,32,2.8788927335640193,0.011057861037261408,0.00013169747823846625,replication,z_projective,32
10,0,0.25,0.28000000000000003,26,45,9.1089965397924058,0.0022792370575998012,0.00041669905223889716,replication,z_projective,32
10,0,0.25,0.29999999999999999,26,57,32.050173010380611,0.0018353856305935337,0.0014661633319516718,replication,z_projective,32
10,0,0.25,0.34000000000000002,26,89,162.14013840830455,-0.00096035269280888181,0.0074172431298523567,replication,z_projective,32
10,0,0.26000000000000001,0.27000000000000002,21,32,0.5813148788927347,-0.010119202025816723,2.659276002892107e-05,replication,z_projective,32
10,0,0.26000000000000001,0.28000000000000003,21,45,3.2698961937716327,-0.012698606463770067,0.00014958427516268102,replication,z_projective,32
10,0,0.26000000000000001,0.29999999999999999,21,57,16.567474048442886,-0.0057644989868429787,0.00075789366082424812,replication,z_projective,32
10,0,0.26000000000000001,0.34000000000000002,21,89,103.47404844290664,-0.0051097622919524374,0.0047335112851479445,replication,z_projective,32
10,0,0.27000000000000002,0.28000000000000003,32,45,1.2456747404844313,-0.015278010901723413,5.698448577625943e-05,replication,z_projective,32
10,0,0.27000000000000002,0.29999999999999999,32,57,14.200692041522462,-0.0043129313071850611,0.00064962313784935498,replication,z_projective,32
10,0,0.27000000000000002,0.34000000000000002,32,89,120.71972318339104,-0.0043941280442575384,0.0055224298326725998,replication,z_projective,32
10,0,0.28000000000000003,0.29999999999999999,45,57,8.8754325259515259,0.0011696084900841308,0.00040601446115584626,replication,z_projective,32
10,0,0.28000000000000003,0.34000000000000002,45,89,124.72318339100346,-0.0025801475680132246,0.0057055716383479652,replication,z_projective,32
10,0,0.29999999999999999,0.34000000000000002,57,89,70.214532871972438,-0.0044550255970618969,0.0032120255149218229,replication,z_projective,32
10,1,0.20000000000000001,0.22,20,39,1.0497981157469705,0.017179749321658232,4.8023937429655905e-05,replication,z_projective,32
10,1,0.20000000000000001,0.23999999999999999,20,55,5.921938088829064,-0.011363809761612477,0.00027090426242369999,replication,z_projective,32
10,1,0.20000000000000001,0.25,20,74,12.449528936742931,-0.02043274421136634,0.00056951464259527899,replication,z_projective,32
10,1,0.20000000000000001,0.26000000000000001,20,80,19.380888290713322,-0.0091668065410340591,0.00088659576793211005,replication,z_projective,32
10,1,0.20000000000000001,0.27000000000000002,20,109,35.9421265141319,-0.012660743646332269,0.0016442041654602085,replication,z_projective,32
10,1,0.20000000000000001,0.28000000000000003,20,86,37.039030955585481,-0.015174650151436927,0.0016943830231591446,replication,z_projective,32
10,1,0.20000000000000001,0.29999999999999999,20,126,84.791386271870763,-0.015905004595872078,0.0038788564847029804,replication,z_projective,32
10,1,0.20000000000000001,0.34000000000000002,20,154,203.1224764468372,-0.025028211213739125,0.009292016201132923,replication,z_projective,32
10,1,0.22,0.23999999999999999,39,55,2.8869448183041686,-0.039907368844883183,0.00013206582793155372,replication,z_projective,32
10,1,0.22,0.25,39,74,8.7395693135935399,-0.045507739900049381,0.00039979927910188592,replication,z_projective,32
10,1,0.22,0.26000000000000001,39,80,16.796769851951556,-0.022340084472380197,0.00076838299887449577,replication,z_projective,32
10,1,0.22,0.27000000000000002,39,109,35.758748317631245,-0.024596940833528459,0.0016358153686976571,replication,z_projective,32
10,1,0.22,0.28000000000000003,39,86,40.62718707940784,-0.02595944997580197,0.0018585263785276874,replication,z_projective,32
10,1,0.22,0.29999999999999999,39,126,105.81965006729469,-0.024176193075254655,0.0048408128929093184,replication,z_projective,32
10,1,0.22,0.34000000000000002,39,154,291.00403768506067,-0.032062871302972015,0.013312235455500638,replication,z_projective,32
10,1,0.23999999999999999,0.25,55,74,1.3694481830417249,-0.056708482010381762,6.2646610685480791e-05,replication,z_projective,32
10,1,0.23999999999999999,0.26000000000000001,55,80,5.9219380888290818,-0.0047728000998772347,0.00027090426242370081,replication,z_projective,32
10,1,0.23999999999999999,0.27000000000000002,55,109,18.154441453566655,-0.01438998882595866,0.00083049087949265776,replication,z_projective,32
10,1,0.23999999999999999,0.28000000000000003,55,86,25.464333781965049,-0.018985490541261373,0.0011648883284219134,replication,z_projective,32
10,1,0.23999999999999999,0.29999999999999999,55,126,83.943472409152079,-0.018932467818711812,0.0038400679198559518,replication,z_projective,32
10,1,0.23999999999999999,0.34000000000000002,55,154,284.99327052489929,-0.030493971794589781,0.013037267629140589,replication,z_projective,32
10,1,0.25,0.26000000000000001,74,80,1.9919246298788731,0.047162881810627291,9.1122342815244819e-05,replication,z_projective,32
10,1,0.25,0.27000000000000002,74,109,10.855989232839857,0.0067692577662528891,0.00049661676834308421,replication,z_projective,32
10,1,0.25,0.28000000000000003,74,86,19.271870794078097,-0.0064111600515545783,0.00088160866673749365,replication,z_projective,32
10,1,0.25,0.29999999999999999,74,126,78.432032301480447,-0.011377264980377812,0.0035879422483502564,replication,z_projective,32
10,1,0.25,0.34000000000000002,74,154,310.59084791386283,-0.027581248437279559,0.014208251303467027,replication,z_projective,32
10,1,0.26000000000000001,0.27000000000000002,80,109,2.9340511440107724,-0.033624366278121515,0.00013422074820083356,replication,z_projective,32
10,1,0.26000000000000001,0.28000000000000003,80,86,9.2597577388963845,-0.033198180982645514,0.00042359575578978679,replication,z_projective,32
10,1,0.26000000000000001,0.29999999999999999,80,126,54.266487213997252,-0.02601230167812911,0.0024824681502099055,replication,z_projective,32
10,1,0.26000000000000001,0.34000000000000002,80,154,265.30282637954252,-0.036924264718267923,0.01213651095658178,replication,z_projective,32
10,1,0.27000000000000002,0.28000000000000003,109,86,3.1541049798115801,-0.032771995687169514,0.00014428730431589607,replication,z_projective,32
10,1,0.27000000000000002,0.29999999999999999,109,126,41.590174966352535,-0.023474946811464972,0.0019025791057468084,replication,z_projective,32
10,1,0.27000000000000002,0.34000000000000002,109,154,276.75437415881566,-0.037395678781145969,0.012660372074043608,replication,z_projective,32
10,1,0.28000000000000003,0.29999999999999999,86,126,14.584118438761724,-0.018826422373612685,0.00066716331536891048,replication,z_projective,32
10,1,0.28000000000000003,0.34000000000000002,86,154,160.42530282637955,-0.038166292630142054,0.0073387964690580414,replication,z_projective,32
10,1,0.29999999999999999,0.34000000000000002,126,154,104.46298788694502,-0.047836227758406714,0.0047787511891540825,replication,z_projective,32
10,2,0.20000000000000001,0.22,49,74,4.8026490066225112,-0.018919207603117005,0.00021970139966057009,replication,z_projective,32
10,2,0.20000000000000001,0.23999999999999999,49,100,25.960264900662224,-0.054000823987182471,0.0011875751333003789,replication,z_projective,32
10,2,0.20000000000000001,0.25,49,91,36.912251655629127,-0.017582685872912489,0.0016885833926614776,replication,z_projective,32
10,2,0.20000000000000001,0.26000000000000001,49,115,67.172185430463571,-0.030725106509078583,0.0030728506574147336,replication,z_projective,32
10,2,0.20000000000000001,0.27000000000000002,49,94,74.733112582781487,-0.013374064254396197,0.0034187319149884708,replication,z_projective,32
10,2,0.20000000000000001,0.28000000000000003,49,95,98.649006622516609,-0.01631603843667306,0.0045127855065414469,replication,z_projective,32
10,2,0.20000000000000001,0.29999999999999999,49,89,144.40397350993371,-0.027416148674308197,0.0066058866789833618,replication,z_projective,32
10,2,0.20000000000000001,0.34000000000000002,49,48,152.64635761589409,-0.017857415339676733,0.0069829417838062373,replication,z_projective,32
10,2,0.22,0.23999999999999999,74,100,9.8013245033112479,-0.089082440371247948,0.00044837020338891857,replication,z_projective,32
10,2,0.22,0.25,74,91,20.068211920529805,-0.016691671386109479,0.00091803799143881193,replication,z_projective,32
10,2,0.22,0.26000000000000001,74,115,45.0860927152318,-0.036628055962059369,0.002062502935589028,replication,z_projective,32
10,2,0.22,0.27000000000000002,74,94,57.58278145695369,-0.011156006914907875,0.0026341749449099016,replication,z_projective,32
10,2,0.22,0.28000000000000003,74,95,83.801324503311335,-0.015448315381191747,0.0038335652389752612,replication,z_projective,32
10,2,0.22,0.29999999999999999,74,89,139.57086092715227,-0.029540383942105997,0.0063847916962582046,replication,z_projective,32
10,2,0.22,0.34000000000000002,74,48,169.36688741721858,-0.01768044996243669,0.007747837114560523,replication,z_projective,32
10,2,0.23999999999999999,0.25,100,91,3.0132450331125882,0.12808986658416724,0.00013784354225808009,replication,z_projective,32
10,2,0.23999999999999999,0.26000000000000001,100,115,15.231788079470228,0.015826328447129126,0.00069679153229359168,replication,z_projective,32
10,2,0.23999999999999999,0.27000000000000002,100,94,28.013245033112632,0.040794948722652095,0.0012814905137399533,replication,z_projective,32
10,2,0.23999999999999999,0.28000000000000003,100,95,50.331125827814652,0.021368747113836298,0.0023024415849701284,replication,z_projective,32
10,2,0.23999999999999999,0.29999999999999999,100,89,106.09271523178809,-0.0096930317990586903,0.0048533044988449212,replication,z_projective,32
10,2,0.23999999999999999,0.34000000000000002,100,48,158.94039735099349,-0.0034000518806744499,0.0072708681630635572,replication,z_projective,32
10,2,0.25,0.26000000000000001,91,115,3.4652317880794765,-0.096437209689908987,0.00015852007359679209,replication,z_projective,32
10,2,0.25,0.27000000000000002,91,94,11.329801324503332,-0.0028525102081054772,0.00051829171889038119,replication,z_projective,32
10,2,0.25,0.28000000000000003,91,95,25.763245033112629,-0.014204959376274017,0.0011785622863065847,replication,z_projective,32
10,2,0.25,0.29999999999999999,91,89,67.044701986754944,-0.037249611475703902,0.0030670188152422755,replication,z_projective,32
10,2,0.25,0.34000000000000002,91,48,117.15496688741726,-0.018010042821212425,0.0053593569229941464,replication,z_projective,32
10,2,0.26000000000000001,0.27000000000000002,115,94,3.5794701986755029,0.090732189273698027,0.00016374601008899403,replication,z_projective,32
10,2,0.26000000000000001,0.28000000000000003,115,95,14.470198675496714,0.026911165780543467,0.00066195195567891202,replication,z_projective,32
10,2,0.26000000000000001,0.29999999999999999,115,89,54.225165562913851,-0.022452711922152618,0.0024805778549651793,replication,z_projective,32
10,2,0.26000000000000001,0.34000000000000002,115,48,116.98013245033118,-0.0082066469626253472,0.0053513589680147765,replication,z_projective,32
10,2,0.27000000000000002,0.28000000000000003,94,95,2.9569536423841112,-0.036909857712611092,0.00013526844311699508,replication,z_projective,32
10,2,0.27000000000000002,0.29999999999999999,94,89,24.931788079470145,-0.06018101232076957,0.0011405265572285539,replication,z_projective,32
10,2,0.27000000000000002,0.34000000000000002,94,48,73.207947019867561,-0.022340766424957269,0.0033489618759070727,replication,z_projective,32
10,2,0.28000000000000003,0.29999999999999999,95,89,11.198675496688699,-0.071816589624848839,0.00051229325265585081,replication,z_projective,32
10,2,0.28000000000000003,0.34000000000000002,95,48,54.357615894039739,-0.019912584543681628,0.0024866369117677351,replication,z_projective,32
10,2,0.29999999999999999,0.34000000000000002,89,48,22.6331125827815,0.0060394179969019014,0.0010353716264202518,replication,z_projective,32
10,3,0.20000000000000001,0.22,91,99,17.094876660341534,0.046132350055444624,0.00078202015681822878,replication,z_projective,32
10,3,0.20000000000000001,0.23999999999999999,91,86,59.400379506641293,-0.020956108162482896,0.002717322565105765,replication,z_projective,32
10,3,0.20000000000000001,0.25,91,68,73.387096774193523,-0.012825017930830273,0.0033571572388661369,replication,z_projective,32
10,3,0.20000000000000001,0.26000000000000001,91,58,90.136622390891844,-0.02292570032998285,0.0041233790086779394,replication,z_projective,32
10,3,0.20000000000000001,0.27000000000000002,91,48,101.53320683111957,-0.023796804764008764,0.0046447257798900932,replication,z_projective,32
10,3,0.20000000000000001,0.28000000000000003,91,53,146.4288425047439,-0.03393168093280808,0.0066985160907258503,replication,z_projective,32
10,3,0.20000000000000001,0.29999999999999999,91,24,103.6053130929791,-0.024157877777470364,0.0047395161019286643,replication,z_projective,32
10,3,0.22,0.23999999999999999,99,86,16.155597722960131,-0.088044566380410416,0.00073905201633371078,replication,z_projective,32
10,3,0.22,0.25,99,68,28.741935483870968,-0.052129929921680175,0.0013148250988262546,replication,z_projective,32
10,3,0.22,0.26000000000000001,99,58,43.582542694497171,-0.057454725522696558,0.0019937217184816418,replication,z_projective,32
10,3,0.22,0.27000000000000002,99,48,56.356736242884296,-0.051768466691790097,0.0025780884290710895,replication,z_projective,32
10,3,0.22,0.28000000000000003,99,53,89.607210626186045,-0.060619691262225626,0.0040991606022230329,replication,z_projective,32
10,3,0.22,0.29999999999999999,99,24,72.136622390891816,-0.04173043473569911,0.0032999531892109906,replication,z_projective,32
10,3,0.23999999999999999,0.25,86,68,2.7741935483871023,0.019699342995780172,0.00012690792199669822,replication,z_projective,32
10,3,0.23999999999999999,0.26000000000000001,86,58,9.464895635673642,-0.026864884664982755,0.00043297996916520561,replication,z_projective,32
10,3,0.23999999999999999,0.27000000000000002,86,48,17.624288425047471,-0.027584400232709919,0.00080623856327314148,replication,z_projective,32
10,3,0.23999999999999999,0.28000000000000003,86,53,34.595825426945026,-0.046907253703133249,0.0015826164390176478,replication,z_projective,32
10,3,0.23999999999999999,0.29999999999999999,86,24,35.248576850094878,-0.02629239085412868,0.0016124771265462801,replication,z_projective,32
10,3,0.25,0.26000000000000001,68,58,1.8709677419354869,-0.073429112325745685,8.5589063672191783e-05,replication,z_projective,32
10,3,0.25,0.27000000000000002,68,48,6.1935483870967847,-0.051226271846954961,0.00028332931422518664,replication,z_projective,32
10,3,0.25,0.28000000000000003,68,53,15.387096774193575,-0.069109452602771057,0.00070389626502819803,replication,z_projective,32
10,3,0.25,0.29999999999999999,68,24,19.354838709677413,-0.035490737624110459,0.00088540410695370643,replication,z_projective,32
10,3,0.26000000000000001,0.27000000000000002,58,48,1.3206831119544615,-0.029023431368164241,6.0415809650958918e-05,replication,z_projective,32
10,3,0.26000000000000001,0.28000000000000003,58,53,5.8330170777988721,-0.066949622741283743,0.00026683649262506856,replication,z_projective,32
10,3,0.26000000000000001,0.29999999999999999,58,24,10.565464895635664,-0.02600614394870164,0.00048332647720767004,replication,z_projective,32
10,3,0.27000000000000002,0.28000000000000003,48,53,1.2068311195445942,-0.10487581411440323,5.5207550198290047e-05,replication,z_projective,32
10,3,0.27000000000000002,0.29999999999999999,48,24,4.9184060721062517,-0.02500038147554744,0.00022499680835529442,replication,z_projective,32
10,3,0.28000000000000003,0.29999999999999999,53,24,2.4136622390891751,0.014937334843880573,0.00011041510039657948,replication,z_projective,32
10,4,0.20000000000000001,0.22,79,59,18.278431372548997,-0.11740149103985888,0.00083616290730619534,replication,z_projective,32
10,4,0.20000000000000001,0.23999999999999999,79,29,35.937254901960742,-0.070974457056726545,0.0016439813092799774,replication,z_projective,32
10,4,0.20000000000000001,0.25,79,32,61.960784313725469,-0.042469002455929925,0.0028344505332413427,replication,z_projective,32
10,4,0.20000000000000001,0.26000000000000001,79,21,58.552941176470583,-0.05662131806155727,0.0026785557539130696,replication,z_projective,32
10,4,0.20000000000000001,0.27000000000000002,79,15,56.926470588235318,-0.057240174199348584,0.0026041514274154857,replication,z_projective,32
10,4,0.20000000000000001,0.28000000000000003,79,20,99.137254901960844,-0.063418689211388629,0.0045351208531861521,replication,z_projective,32
10,4,0.22,0.23999999999999999,59,29,6.7098039215686205,-0.024547423073594199,0.00030694587736556544,replication,z_projective,32
10,4,0.22,0.25,59,32,16.658823529411762,0.0074859899333560116,0.00076207252311450791,replication,z_projective,32
10,4,0.22,0.26000000000000001,59,21,19.435294117647064,-0.026231231572406494,0.0008890846103002596,replication,z_projective,32
10,4,0.22,0.27000000000000002,59,15,21.69117647058825,-0.033175647463144498,0.00099228193113868311,replication,z_projective,32
10,4,0.22,0.28000000000000003,59,20,41.647058823529456,-0.045424421935231891,0.0019051813077862721,replication,z_projective,32
10,4,0.23999999999999999,0.25,29,32,0.90980392156862899,0.071552815947256335,4.1619779981771698e-05,replication,z_projective,32
10,4,0.23999999999999999,0.26000000000000001,29,21,2.3882352941176515,-0.027915040071218793,0.00010925192245215072,replication,z_projective,32
10,4,0.23999999999999999,0.27000000000000002,29,15,3.8382352941176534,-0.038927797056178021,0.00017558344679809935,replication,z_projective,32
10,4,0.23999999999999999,0.28000000000000003,29,20,9.0980392156862919,-0.055862921366050734,0.00041619779981771709,replication,z_projective,32
10,4,0.25,0.26000000000000001,32,21,0.65882352941176581,-0.12738289608969394,3.013846136611054e-05,replication,z_projective,32
10,4,0.25,0.27000000000000002,32,15,1.8823529411764741,-0.094168103557895205,8.6109889617458704e-05,replication,z_projective,32
10,4,0.25,0.28000000000000003,32,20,5.6470588235294219,-0.098334833803819743,0.00025832966885237606,replication,z_projective,32
10,4,0.26000000000000001,0.27000000000000002,21,15,0.30882352941176527,-0.060953311026096468,1.4127403765364317e-05,replication,z_projective,32
10,4,0.26000000000000001,0.28000000000000003,21,20,1.6470588235294148,-0.083810802660882672,7.5346153415276353e-05,replication,z_projective,32
10,4,0.27000000000000002,0.28000000000000003,15,20,0.29411764705882409,-0.10666829429566886,1.3454670252727923e-05,replication,z_projective,32
10,5,0.20000000000000001,0.22,39,17,10.045454545454534,-0.27270401030340735,0.00045953814672271504,replication,z_projective,32
10,5,0.20000000000000001,0.23999999999999999,39,10,23.636363636363608,-0.10282208176096945,0.0010812662275828588,replication,z_projective,32
10,5,0.22,0.23999999999999999,17,10,2.575757575757573,0.067059846781468438,0.0001178302940314654,replication,z_projective,32
6,0,0.26000000000000001,0.27000000000000002,26,17,0.509216589861752,-0.035294117655276312,3.3188720202145068e-05,replication,z_projective,64
6,0,0.26000000000000001,0.28000000000000003,26,23,2.7557603686635996,0.030434782615781725,0.00017960954462337334,replication,z_projective,64
6,0,0.26000000000000001,0.29999999999999999,26,48,23.004608294930847,0.0020833333338183837,0.0014993492420733729,replication,z_projective,64
6,0,0.26000000000000001,0.34000000000000002,26,103,197.45622119815678,-0.00072815533997536142,0.012869414327796473,replication,z_projective,64
6,0,0.27000000000000002,0.28000000000000003,17,23,0.45046082949308835,0.096163682886839769,2.9359252486512951e-05,replication,z_projective,64
6,0,0.27000000000000002,0.29999999999999999,17,48,8.460829493087541,0.014542483663516641,0.00055144335105102374,replication,z_projective,64
6,0,0.27000000000000002,0.34000000000000002,17,103,98.846774193548413,0.0042098392764962069,0.0064424411869317662,replication,z_projective,64
6,0,0.28000000000000003,0.29999999999999999,23,48,5.0875576036866166,-0.026268115948145036,0.00033158685161237972,replication,z_projective,64
6,0,0.28000000000000003,0.34000000000000002,23,103,98.253456221198149,-0.011115801325227733,0.0064037710717641068,replication,z_projective,64
6,0,0.29999999999999999,0.34000000000000002,48,103,91.133640552995558,-0.0035396440137691024,0.0059397296897522262,replication,z_projective,64
6,1,0.23999999999999999,0.25,22,30,0.35256410256410325,-0.11878787881553621,2.2978731616927806e-05,replication,z_projective,64
6,1,0.23999999999999999,0.26000000000000001,22,39,1.8333333333333364,-0.011188811191416338,0.00011948940440802456,replication,z_projective,64
6,1,0.23999999999999999,0.27000000000000002,22,77,8.1442307692307843,-0.051948051960147019,0.00053080870035103229,replication,z_projective,64
6,1,0.23999999999999999,0.28000000000000003,22,79,14.85470085470088,-0.016110471810425339,0.00096817055879322466,replication,z_projective,64
6,1,0.23999999999999999,0.29999999999999999,22,98,41.46153846153846,-0.042609771191120631,0.0027022988381507048,replication,z_projective,64
6,1,0.23999999999999999,0.34000000000000002,22,123,144.55128205128216,-0.025927568372629484,0.0094212799629403883,replication,z_projective,64
6,1,0.25,0.26000000000000001,30,39,0.62500000000000111,0.096410256432703539,4.0735024230008376e-05,replication,z_projective,64
6,1,0.25,0.27000000000000002,30,77,4.935897435897445,-0.018528138532452425,0.00032170224263698927,replication,z_projective,64
6,1,0.25,0.28000000000000003,30,79,11.39423076923079,0.01811533052461162,0.00074263082634707582,replication,z_projective,64
6,1,0.25,0.29999999999999999,30,98,39.262820512820497,-0.027374149666237496,0.0025589951118851358,replication,z_projective,64
6,1,0.25,0.34000000000000002,30,123,159.6634615384616,-0.0156097561011954,0.010406231959065971,replication,z_projective,64
6,1,0.26000000000000001,0.27000000000000002,39,77,1.6041666666666694,-0.1334665334976084,0.0001045532288570215,replication,z_projective,64
6,1,0.26000000000000001,0.28000000000000003,39,79,6.5833333333333455,-0.021032132429434341,0.00042907558855608826,replication,z_projective,64
6,1,0.26000000000000001,0.29999999999999999,39,98,32.666666666666622,-0.058320251190972804,0.0021290839330884311,replication,z_projective,64
6,1,0.26000000000000001,0.34000000000000002,39,123,164.00000000000006,-0.029612257667932775,0.010688870357954183,replication,z_projective,64
6,1,0.27000000000000002,0.28000000000000003,77,79,3.2494658119658171,0.091402268638739709,0.00021178730973601785,replication,z_projective,64
6,1,0.27000000000000002,0.29999999999999999,77,98,36.278846153846082,-0.033271490422094221,0.002364511483381862,replication,z_projective,64
6,1,0.27000000000000002,0.34000000000000002,77,123,247.90544871794876,-0.014775932549407676,0.016157495136442757,replication,z_projective,64
6,1,0.28000000000000003,0.29999999999999999,79,98,16.542735042734979,-0.09560836995251136,0.0010781899404742668,replication,z_projective,64
6,1,0.28000000000000003,0.34000000000000002,79,123,186.86538461538464,-0.032472299414098925,0.012179145552092022,replication,z_projective,64
6,1,0.29999999999999999,0.34000000000000002,98,123,103.02564102564119,-0.00090426414489279329,0.0067148031735866105,replication,z_projective,64
6,2,0.22,0.23999999999999999,24,57,2.3505154639175232,-0.11754385967649068,0.00015319728700110321,replication,z_projective,64
6,2,0.22,0.25,24,72,6.6804123711340209,-0.066666666682188694,0.00043540281568734649,replication,z_projective,64
6,2,0.22,0.26000000000000001,24,77,12.701030927835058,-0.06688311689868931,0.00082780288414631344,replication,z_projective,64
6,2,0.22,0.27000000000000002,24,97,25.000000000000018,-0.072989690738643698,0.0016294009692003333,replication,z_projective,64
6,2,0.22,0.28000000000000003,24,112,41.56701030927838,-0.064285714300681945,0.0027091730753879355,replication,z_projective,64
6,2,0.22,0.29999999999999999,24,91,60.041237113402033,-0.05357142858390166,0.003913249997782569,replication,z_projective,64
6,2,0.22,0.34000000000000002,24,52,77.195876288659818,-0.045512820523417284,0.0050313214257204494,replication,z_projective,64
6,2,0.23999999999999999,0.25,57,72,1.7628865979381474,0.035087719306415105,0.00011489796525082775,replication,z_projective,64
6,2,0.23999999999999999,0.26000000000000001,57,77,7.5412371134020759,-0.01622237412088802,0.00049150796246187427,replication,z_projective,64
6,2,0.23999999999999999,0.27000000000000002,57,97,21.375000000000039,-0.043286911446745742,0.0013931378286662864,replication,z_projective,64
6,2,0.23999999999999999,0.28000000000000003,57,112,43.876288659793886,-0.037656641612777611,0.0028596826906872679,replication,z_projective,64
6,2,0.23999999999999999,0.29999999999999999,57,91,80.211340206185582,-0.032247284886371991,0.0052278574189126544,replication,z_projective,64
6,2,0.23999999999999999,0.34000000000000002,57,52,127.31958762886607,-0.031106612692802616,0.0082981863792264392,replication,z_projective,64
6,2,0.25,0.26000000000000001,72,77,2.3814432989690766,-0.067532467548191144,0.00015521304077743399,replication,z_projective,64
6,2,0.25,0.27000000000000002,72,97,12.000000000000021,-0.082474226823326169,0.0007821124652161608,replication,z_projective,64
6,2,0.25,0.28000000000000003,72,112,31.175257731958819,-0.061904761919175183,0.0020318798065409537,replication,z_projective,64
6,2,0.25,0.29999999999999999,72,91,70.360824742268022,-0.045714285724929422,0.0045858398411514492,replication,z_projective,64
6,2,0.25,0.34000000000000002,72,52,130.26804123711347,-0.038461538470493488,0.0084903549059032607,replication,z_projective,64
6,2,0.26000000000000001,0.27000000000000002,77,97,3.2083333333333388,-0.097415986098461194,0.00020910645771404299,replication,z_projective,64
6,2,0.26000000000000001,0.28000000000000003,77,112,14.817869415807586,-0.059090909104667202,0.00096577003150403356,replication,z_projective,64
6,2,0.26000000000000001,0.29999999999999999,77,91,48.158075601374513,-0.04025974026911399,0.0031387526023880998,replication,z_projective,64
6,2,0.26000000000000001,0.34000000000000002,77,52,110.07560137457051,-0.034827672335781275,0.0071742916626013837,replication,z_projective,64
6,2,0.27000000000000002,0.28000000000000003,97,112,4.6666666666666758,-0.020765832110873222,0.00030415484758406262,replication,z_projective,64
6,2,0.27000000000000002,0.29999999999999999,97,91,34.124999999999929,-0.021207658325998222,0.0022241323229584488,replication,z_projective,64
6,2,0.27000000000000002,0.34000000000000002,97,52,106.16666666666669,-0.025886484655398417,0.0069195227825374116,replication,z_projective,64
6,2,0.28000000000000003,0.29999999999999999,112,91,17.512027491408872,-0.021428571433560722,0.0011413645826865791,replication,z_projective,64
6,2,0.28000000000000003,0.34000000000000002,112,52,90.061855670103085,-0.02673992674615262,0.005869874996673856,replication,z_projective,64
6,2,0.29999999999999999,0.34000000000000002,91,52,32.522336769759505,-0.029395604402448559,0.0021196770821322293,replication,z_projective,64
6,3,0.20000000000000001,0.22,30,56,3.0434782608695619,-0.054285714298353688,0.00019836185712004021,replication,z_projective,64
6,3,0.20000000000000001,0.23999999999999999,30,80,17.391304347826065,-0.060000000013969865,0.0011334963264002297,replication,z_projective,64
6,3,0.20000000000000001,0.25,30,94,31.929347826086943,-0.04578723405321386,0.0020810284117504232,replication,z_projective,64
6,3,0.20000000000000001,0.26000000000000001,30,84,41.086956521739125,-0.045079365089860934,0.0026778850711205457,replication,z_projective,64
6,3,0.20000000000000001,0.27000000000000002,30,77,51.263586956521756,-0.044823747691326875,0.0033411575308656821,replication,z_projective,64
6,3,0.20000000000000001,0.28000000000000003,30,61,53.043478260869591,-0.043606557387202115,0.0034571637955207062,replication,z_projective,64
6,3,0.20000000000000001,0.29999999999999999,30,49,66.576086956521721,-0.042285714295559704,0.0043391656245008832,replication,z_projective,64
6,3,0.20000000000000001,0.34000000000000002,30,21,55.923913043478272,-0.05877551021776637,0.0036448991245807438,replication,z_projective,64
6,3,0.22,0.23999999999999999,56,80,8.1159420289854971,-0.065714285729586042,0.00052896495232010714,replication,z_projective,64
6,3,0.22,0.25,56,94,21.456521739130437,-0.040121580556453984,0.0013984510926962853,replication,z_projective,64
6,3,0.22,0.26000000000000001,56,84,34.086956521739147,-0.040476190485614565,0.002221652799744454,replication,z_projective,64
6,3,0.22,0.27000000000000002,56,77,48.822463768115973,-0.041038961048516148,0.0031820547913006506,replication,z_projective,64
6,3,0.22,0.28000000000000003,56,61,55.695652173913089,-0.040046838416818255,0.0036300219852967428,replication,z_projective,64
6,3,0.22,0.29999999999999999,56,49,79.536231884057941,-0.039285714294861211,0.0051838565327370547,replication,z_projective,64
6,3,0.22,0.34000000000000002,56,21,76.695652173913075,-0.059523809537668476,0.0049987187994250211,replication,z_projective,64
6,3,0.23999999999999999,0.25,80,94,3.4057971014492816,0.011063829789810038,0.00022197636392004566,replication,z_projective,64
6,3,0.23999999999999999,0.26000000000000001,80,84,12.173913043478283,-0.015238095241643129,0.00079344742848016321,replication,z_projective,64
6,3,0.23999999999999999,0.27000000000000002,80,77,25.108695652173957,-0.024588744594469587,0.0016364853212403364,replication,z_projective,64
6,3,0.23999999999999999,0.28000000000000003,80,61,35.362318840579768,-0.027213114760434389,0.0023047758636804737,replication,z_projective,64
6,3,0.23999999999999999,0.29999999999999999,80,49,63.91304347826086,-0.030476190483286272,0.0041655989995208484,replication,z_projective,64
6,3,0.23999999999999999,0.34000000000000002,80,21,76.086956521739197,-0.058285714299284967,0.0049590464280010148,replication,z_projective,64
6,3,0.25,0.26000000000000001,94,84,3.5760869565217455,-0.041540020273096299,0.00023307518211604792,replication,z_projective,64
6,3,0.25,0.27000000000000002,94,77,13.112318840579736,-0.042415031786609401,0.00085460900109217582,replication,z_projective,64
6,3,0.25,0.28000000000000003,94,61,23.372282608695691,-0.039972096277182532,0.0015233127974013131,replication,z_projective,64
6,3,0.25,0.29999999999999999,94,49,52.15126811594201,-0.038784194537905541,0.0033990130725256914,replication,z_projective,64
6,3,0.25,0.34000000000000002,94,21,72.415760869565261,-0.065991219198073325,0.0047197724378499652,replication,z_projective,64
6,3,0.26000000000000001,0.27000000000000002,84,77,2.9293478260869619,-0.043290043300122497,0.00019092328747803927,replication,z_projective,64
6,3,0.26000000000000001,0.28000000000000003,84,61,9.2826086956521916,-0.039188134279225649,0.00060500366421612449,replication,z_projective,64
6,3,0.26000000000000001,0.29999999999999999,84,49,29.826086956521703,-0.038095238104107858,0.0019439461997763938,replication,z_projective,64
6,3,0.26000000000000001,0.34000000000000002,84,21,51.130434782608724,-0.069047619063695428,0.003332479199616681,replication,z_projective,64
6,3,0.27000000000000002,0.28000000000000003,77,61,2.1272644927536266,-0.035086225258328801,0.00013864667304952849,replication,z_projective,64
6,3,0.27000000000000002,0.29999999999999999,77,49,15.37907608695649,-0.036363636372102971,0.0010023472592597023,replication,z_projective,64
6,3,0.27000000000000002,0.34000000000000002,77,21,35.884510869565226,-0.072727272744205859,0.0023388102716059775,replication,z_projective,64
6,3,0.28000000000000003,0.29999999999999999,61,49,5.4148550724637472,-0.03700234192899006,0.00035291880412607055,replication,z_projective,64
6,3,0.28000000000000003,0.34000000000000002,61,21,20.885869565217391,-0.079000780658518704,0.0013612582444862775,replication,z_projective,64
6,3,0.29999999999999999,0.34000000000000002,49,21,7.456521739130447,-0.10000000002328298,0.00048598654994409985,replication,z_projective,64
6,4,0.20000000000000001,0.22,37,74,7.8452722063037159,0.0027027027033319508,0.00051132376546366809,replication,z_projective,64
6,4,0.20000000000000001,0.23999999999999999,37,71,30.108882521489935,-0.037761705376131285,0.0019623776944821857,replication,z_projective,64
6,4,0.20000000000000001,0.25,37,60,39.756446991403998,-0.059711711725614458,0.002591167730390212,replication,z_projective,64
6,4,0.20000000000000001,0.26000000000000001,37,52,49.616045845272197,-0.043520443530576429,0.0032337773275269853,replication,z_projective,64
6,4,0.20000000000000001,0.27000000000000002,37,21,27.272922636103161,-0.044419930144558181,0.0017775410630476867,replication,z_projective,64
6,4,0.20000000000000001,0.28000000000000003,37,21,35.621776504298012,-0.048391248402515352,0.0023216862864296321,replication,z_projective,64
6,4,0.20000000000000001,0.29999999999999999,37,13,34.455587392550129,-0.053804573817101187,0.002245678699671517,replication,z_projective,64
6,4,0.22,0.23999999999999999,74,71,15.054441260744968,-0.07822611345559452,0.00098118884724109285,replication,z_projective,64
6,4,0.22,0.25,74,60,28.624641833810884,-0.10132132134491205,0.0018656407658809531,replication,z_projective,64
6,4,0.22,0.26000000000000001,74,52,44.103151862464195,-0.066632016647530601,0.0028744687355795437,replication,z_projective,64
6,4,0.22,0.27000000000000002,74,21,27.82951289398283,-0.06326898328371422,0.0018138174112731506,replication,z_projective,64
6,4,0.22,0.28000000000000003,74,21,40.074498567335283,-0.065422565437797772,0.0026118970722333371,replication,z_projective,64
6,4,0.22,0.29999999999999999,74,13,44.103151862464166,-0.067931392947209471,0.002874468735579542,replication,z_projective,64
6,4,0.23999999999999999,0.25,71,60,3.0515759312320969,-0.14751173712354704,0.00019888963119751938,replication,z_projective,64
6,4,0.23999999999999999,0.26000000000000001,71,52,10.578796561604602,-0.055037919839466702,0.00068948405481806716,replication,z_projective,64
6,4,0.23999999999999999,0.27000000000000002,71,21,9.6124641833811051,-0.053297563169127371,0.00062650233827218611,replication,z_projective,64
6,4,0.23999999999999999,0.28000000000000003,71,21,17.088825214899742,-0.059020791428899412,0.0011137819347061086,replication,z_projective,64
6,4,0.23999999999999999,0.29999999999999999,71,13,23.802292263610312,-0.06449981944441445,0.0015513391233406483,replication,z_projective,64
6,4,0.25,0.26000000000000001,60,52,2.2349570200573101,0.037435897444613619,0.00014566564538409868,replication,z_projective,64
6,4,0.25,0.27000000000000002,60,21,3.6103151862464244,-0.006190476191917536,0.00023530604254354406,replication,z_projective,64
6,4,0.25,0.28000000000000003,60,21,8.123209169054455,-0.029523809530683544,0.00052943859572297412,replication,z_projective,64
6,4,0.25,0.29999999999999999,60,13,13.968481375358161,-0.047897435908587901,0.00091041028365061499,replication,z_projective,64
6,4,0.26000000000000001,0.27000000000000002,52,21,0.78223495702005863,-0.049816849828448695,5.0982975884434549e-05,replication,z_projective,64
6,4,0.26000000000000001,0.28000000000000003,52,21,3.1289398280802345,-0.063003663018332129,0.0002039319035377382,replication,z_projective,64
6,4,0.26000000000000001,0.29999999999999999,52,13,7.7478510028653202,-0.069230769246888327,0.00050497423733154075,replication,z_projective,64
6,4,0.27000000000000002,0.28000000000000003,21,21,0.31590257879656214,-0.076190476208215549,2.0589278722560107e-05,replication,z_projective,64
6,4,0.27000000000000002,0.29999999999999999,21,13,1.7600286532951255,-0.075702075719701542,0.00011471169573997731,replication,z_projective,64
6,4,0.28000000000000003,0.29999999999999999,21,13,0.78223495702005441,-0.075457875475444525,5.0982975884434271e-05,replication,z_projective,64
6,5,0.20000000000000001,0.22,64,79,21.982608695652154,-0.11428006331774723,0.0014327393565698907,replication,z_projective,64
6,5,0.20000000000000001,0.23999999999999999,64,40,44.521739130434739,-0.028437500006621142,0.0029017505955845884,replication,z_projective,64
6,5,0.20000000000000001,0.25,64,31,53.913043478260853,-0.048750000011350512,0.0035138386118407153,replication,z_projective,64
6,5,0.20000000000000001,0.26000000000000001,64,16,40.069565217391307,-0.078125000018189894,0.0026115755360261324,replication,z_projective,64
6,5,0.22,0.23999999999999999,79,40,13.739130434782595,0.057405063304504948,0.00089546209785618168,replication,z_projective,64
6,5,0.22,0.25,79,31,23.957608695652176,-0.0050632911404193924,0.0015614620331367184,replication,z_projective,64
6,5,0.22,0.26000000000000001,79,16,21.982608695652182,-0.060047468368411253,0.0014327393565698925,replication,z_projective,64
6,5,0.23999999999999999,0.25,40,31,1.3478260869565239,-0.1300000000302679,8.7845965296018055e-05,replication,z_projective,64
6,5,0.23999999999999999,0.26000000000000001,40,16,2.7826086956521792,-0.17750000004132727,0.00018135941222403732,replication,z_projective,64
6,5,0.25,0.26000000000000001,31,16,0.53913043478260958,-0.22500000005238668,3.5138386118407221e-05,replication,z_projective,64
6,6,0.20000000000000001,0.22,67,35,19.541666666666647,-0.10422174842511894,0.0012736484242582584,replication,z_projective,64
6,6,0.20000000000000001,0.23999999999999999,67,18,40.19999999999996,-0.088142620252694842,0.0026200767584741314,replication,z_projective,64
6,6,0.22,0.23999999999999999,35,18,5.2499999999999947,-0.072063492080270727,0.00034217420353206939,replication,z_projective,64
8,0,0.25,0.26000000000000001,10,14,0.16431924882629137,0.068571428587394012,1.0709677731833187e-05,replication,z_projective,64
8,0,0.25,0.27000000000000002,10,27,1.2676056338028192,0.060740740754882949,8.2617513931284599e-05,replication,z_projective,64
8,0,0.25,0.28000000000000003,10,33,3.4859154929577523,-0.0048484848496137501,0.0002271981633110326,replication,z_projective,64
8,0,0.25,0.29999999999999999,10,47,13.791079812206569,0.0088510638318480394,0.00089884795249314071,replication,z_projective,64
8,0,0.25,0.34000000000000002,10,82,77.957746478873275,0.0011924119243968718,0.0050809771067739954,replication,z_projective,64
8,0,0.26000000000000001,0.27000000000000002,14,27,0.44366197183098671,0.052910052922371893,2.8916129875949607e-05,replication,z_projective,64
8,0,0.26000000000000001,0.28000000000000003,14,33,2.169014084507046,-0.041558441568117631,0.00014136774606019807,replication,z_projective,64
8,0,0.26000000000000001,0.29999999999999999,14,47,12.356807511737076,-0.0060790273570384724,0.00080536776543385343,replication,z_projective,64
8,0,0.26000000000000001,0.34000000000000002,14,82,86.234741784037581,-0.0072299651584777757,0.0056204388736660485,replication,z_projective,64
8,0,0.27000000000000002,0.28000000000000003,27,33,1.0457746478873258,-0.13602693605860716,6.8159448993309786e-05,replication,z_projective,64
8,0,0.27000000000000002,0.29999999999999999,27,47,13.40492957746476,-0.025742054116841967,0.00087368020982333107,replication,z_projective,64
8,0,0.27000000000000002,0.34000000000000002,27,82,127.33098591549299,-0.015821396312884879,0.0082989292743975238,replication,z_projective,64
8,0,0.28000000000000003,0.29999999999999999,33,47,7.2816901408450434,0.029400386854040783,0.00047459171891637669,replication,z_projective,64
8,0,0.28000000000000003,0.34000000000000002,33,82,114.33802816901409,0.004212860311402185,0.0074520997566018578,replication,z_projective,64
8,0,0.29999999999999999,0.34000000000000002,47,82,72.375586854460238,-0.008380902959917079,0.0047171540546840128,replication,z_projective,64
8,1,0.23999999999999999,0.25,25,35,0.45478170478170554,-0.08000000001862638,2.9640870021835612e-05,replication,z_projective,64
8,1,0.23999999999999999,0.26000000000000001,25,51,2.6507276507276551,-0.00078431372567280768,0.00017276392812727042,replication,z_projective,64
8,1,0.23999999999999999,0.27000000000000002,25,69,8.0691268191268346,-0.02859903382308383,0.00052591372238742628,replication,z_projective,64
8,1,0.23999999999999999,0.28000000000000003,25,85,17.671517671517702,-0.020000000004656581,0.0011517595208484696,replication,z_projective,64
8,1,0.23999999999999999,0.29999999999999999,25,91,42.567567567567565,-0.019926739931379483,0.0027743854340438086,replication,z_projective,64
8,1,0.23999999999999999,0.34000000000000002,25,125,162.42203742203756,-0.025920000006034963,0.010586025007798424,replication,z_projective,64
8,1,0.25,0.26000000000000001,35,51,0.92775467775467935,0.078431372567280763,6.0467374844544654e-05,replication,z_projective,64
8,1,0.25,0.27000000000000002,35,69,5.02079002079003,-0.0028985507253125571,0.00032723520504106523,replication,z_projective,64
8,1,0.25,0.28000000000000003,35,85,13.916320166320192,1.8503717077085926e-17,0.00090701062266816993,replication,z_projective,64
8,1,0.25,0.29999999999999999,35,91,41.385135135135123,-0.0079120879139300895,0.0026973191719870354,replication,z_projective,64
8,1,0.25,0.34000000000000002,35,125,184.18659043659051,-0.019911111115747029,0.012004552358843408,replication,z_projective,64
8,1,0.26000000000000001,0.27000000000000002,51,69,1.829002079002082,-0.084228474017905883,0.0001192071104078166,replication,z_projective,64
8,1,0.26000000000000001,0.28000000000000003,51,85,9.0124740124740299,-0.039215686283640354,0.00058739735563271959,replication,z_projective,64
8,1,0.26000000000000001,0.29999999999999999,51,91,38.594594594594554,-0.029497953034232836,0.0025154427935330506,replication,z_projective,64
8,1,0.26000000000000001,0.34000000000000002,51,125,212.05821205821218,-0.032203921576125512,0.013821114250181619,replication,z_projective,64
8,1,0.27000000000000002,0.28000000000000003,69,85,3.0483367983368037,0.0057971014506251698,0.00019867851734636102,replication,z_projective,64
8,1,0.27000000000000002,0.29999999999999999,69,91,29.371621621621564,-0.011254446039675119,0.0019143259494902242,replication,z_projective,64
8,1,0.27000000000000002,0.34000000000000002,69,125,219.65956340956345,-0.024771842655871165,0.01431654022054658,replication,z_projective,64
8,1,0.28000000000000003,0.29999999999999999,85,91,16.081081081081017,-0.019780219784825286,0.0010481011639721014,replication,z_projective,64
8,1,0.28000000000000003,0.34000000000000002,85,125,198.80457380457378,-0.029866666673620559,0.012957294609545259,replication,z_projective,64
8,1,0.29999999999999999,0.34000000000000002,91,125,94.594594594594767,-0.034909890118018184,0.0061653009645418087,replication,z_projective,64
8,2,0.22,0.23999999999999999,34,59,3.2512155591572087,0.02422731805150323,0.00021190135132679824,replication,z_projective,64
8,2,0.22,0.25,34,75,9.2990275526742305,0.043450980402273555,0.00060607378027791937,replication,z_projective,64
8,2,0.22,0.26000000000000001,34,86,18.956239870340365,0.0077975376215145397,0.0012354926246850627,replication,z_projective,64
8,2,0.22,0.27000000000000002,34,92,31.68557536466777,0.0051662404104100036,0.0020651402883543933,replication,z_projective,64
8,2,0.22,0.28000000000000003,34,91,45.131280388978972,-0.021439344973748473,0.0029414780802821711,replication,z_projective,64
8,2,0.22,0.29999999999999999,34,105,92.576985413290089,-0.027324929978350891,0.0060338011903223951,replication,z_projective,64
8,2,0.22,0.34000000000000002,34,75,148.78444084278775,-0.034026143798772009,0.0096971804844467133,replication,z_projective,64
8,2,0.23999999999999999,0.25,59,75,1.7929497568881716,0.08189830510381417,0.00011685736286404347,replication,z_projective,64
8,2,0.23999999999999999,0.26000000000000001,59,86,8.2236628849270801,-0.0086322428084741262,0.0005359857710030793,replication,z_projective,64
8,2,0.23999999999999999,0.27000000000000002,59,92,19.794165316045415,-0.0075411446836521276,0.00129010528601904,replication,z_projective,64
8,2,0.23999999999999999,0.28000000000000003,59,91,34.807131280389036,-0.044272676486374292,0.0022685909377339638,replication,z_projective,64
8,2,0.23999999999999999,0.29999999999999999,59,105,90.364667747163693,-0.04450901265496892,0.0058896110883477808,replication,z_projective,64
8,2,0.23999999999999999,0.34000000000000002,59,75,179.29497568881695,-0.045676836168827041,0.011685736286404333,replication,z_projective,64
8,2,0.25,0.26000000000000001,75,86,2.6134521880064874,-0.099162790720762423,0.00017033446112385997,replication,z_projective,64
8,2,0.25,0.27000000000000002,75,92,11.183144246353343,-0.052260869577385273,0.00072887304294861027,replication,z_projective,64
8,2,0.25,0.28000000000000003,75,91,24.888573743922247,-0.08632967034977046,0.0016221386472144339,replication,z_projective,64
8,2,0.25,0.29999999999999999,75,105,79.771069692058319,-0.069790476206725557,0.0051991623308154829,replication,z_projective,64
8,2,0.25,0.34000000000000002,75,75,184.6130470016208,-0.059851851865787183,0.012032347108458696,replication,z_projective,64
8,2,0.26000000000000001,0.27000000000000002,86,92,3.2058346839546243,-0.0053589484340081329,0.00020894360564526821,replication,z_projective,64
8,2,0.26000000000000001,0.28000000000000003,86,91,12.683954619124819,-0.079913110164274465,0.00082668991798780038,replication,z_projective,64
8,2,0.26000000000000001,0.29999999999999999,86,105,58.541329011345148,-0.062447397578216345,0.0038154919291744521,replication,z_projective,64
8,2,0.26000000000000001,0.34000000000000002,86,75,167.26094003241496,-0.054937984508915273,0.010901405511927023,replication,z_projective,64
8,2,0.27000000000000002,0.28000000000000003,92,91,3.3922204213938474,-0.15446727189454079,0.00022109148969441176,replication,z_projective,64
8,2,0.27000000000000002,0.29999999999999999,92,105,35.226904376012889,-0.081476880626285789,0.0022959500852881131,replication,z_projective,64
8,2,0.27000000000000002,0.34000000000000002,92,75,136.99351701782822,-0.062020703948187726,0.0089286947761204605,replication,z_projective,64
8,2,0.28000000000000003,0.29999999999999999,91,105,15.48622366288487,-0.044981684992158176,0.0010093307138223089,replication,z_projective,64
8,2,0.28000000000000003,0.34000000000000002,91,75,99.554294975688819,-0.04661294262379554,0.0064885545888577244,replication,z_projective,64
8,2,0.29999999999999999,0.34000000000000002,105,75,51.053484602917429,-0.047428571439614223,0.0033274638917219156,replication,z_projective,64
8,3,0.20000000000000001,0.22,26,50,2.4856596558317374,-0.054461538474218807,0.00016200545009257587,replication,z_projective,64
8,3,0.20000000000000001,0.23999999999999999,26,81,16.107074569789653,-0.043922127265687047,0.0010497953165998913,replication,z_projective,64
8,3,0.20000000000000001,0.25,26,89,27.652963671128095,-0.045946413148122124,0.0018023106322799078,replication,z_projective,64
8,3,0.20000000000000001,0.26000000000000001,26,88,39.372848948374767,-0.019638694643267136,0.002566166329466405,replication,z_projective,64
8,3,0.20000000000000001,0.27000000000000002,26,73,44.456022944550682,-0.042300165597685596,0.0028974674749057232,replication,z_projective,64
8,3,0.20000000000000001,0.28000000000000003,26,59,46.929254302103267,-0.035039113437102122,0.0030586628977478368,replication,z_projective,64
8,3,0.20000000000000001,0.29999999999999999,26,40,49.713193116634784,-0.051692307704343264,0.0032401090018515199,replication,z_projective,64
8,3,0.20000000000000001,0.34000000000000002,26,17,41.4110898661568,-0.057595345844049912,0.0026990107985423177,replication,z_projective,64
8,3,0.22,0.23999999999999999,50,81,7.7437858508604114,-0.03338271605715528,0.00050470928682687095,replication,z_projective,64
8,3,0.22,0.25,50,89,19.144359464627154,-0.040269662930724343,0.0012477535146553215,replication,z_projective,64
8,3,0.22,0.26000000000000001,50,88,33.65200764818357,-0.0022272727277913153,0.0021933045550994921,replication,z_projective,64
8,3,0.22,0.27000000000000002,50,73,43.618546845124314,-0.037435616447072315,0.0028428841001822257,replication,z_projective,64
8,3,0.22,0.28000000000000003,50,59,50.764818355640578,-0.028564971758063228,0.0033086497691983828,replication,z_projective,64
8,3,0.22,0.29999999999999999,50,40,61.185468451242798,-0.051000000011874387,0.0039878264638172544,replication,z_projective,64
8,3,0.22,0.34000000000000002,50,17,58.508604206500976,-0.058117647072355096,0.0038133590560252527,replication,z_projective,64
8,3,0.23999999999999999,0.25,81,89,3.4459847036328934,-0.05404355667786246,0.00022459563263795823,replication,z_projective,64
8,3,0.23999999999999999,0.26000000000000001,81,88,13.629063097514365,0.028928170601572604,0.00088828834481529545,replication,z_projective,64
8,3,0.23999999999999999,0.27000000000000002,81,73,25.438336520076529,-0.040137550040350342,0.0016579700072262759,replication,z_projective,64
8,3,0.23999999999999999,0.28000000000000003,81,59,36.550669216061259,-0.026156099608517207,0.0023822278338228382,replication,z_projective,64
8,3,0.23999999999999999,0.29999999999999999,81,40,55.755258126195024,-0.056872427996780744,0.0036339068651534746,replication,z_projective,64
8,3,0.23999999999999999,0.34000000000000002,81,17,65.822179732313629,-0.063064633275395049,0.0042900289380284114,replication,z_projective,64
8,3,0.25,0.26000000000000001,89,88,3.7437858508604269,0.11189989788100767,0.0002440051317548188,replication,z_projective,64
8,3,0.25,0.27000000000000002,89,73,12.422562141491417,-0.03318454672159428,0.00080965339173189868,replication,z_projective,64
8,3,0.25,0.28000000000000003,89,59,22.590344168260078,-0.016860280585402124,0.0014723491472932817,replication,z_projective,64
8,3,0.25,0.29999999999999999,89,40,42.543021032504768,-0.057438202260564404,0.0027727855881229352,replication,z_projective,64
8,3,0.25,0.34000000000000002,89,17,58.581739961759105,-0.064066975119565342,0.0038181257548452847,replication,z_projective,64
8,3,0.26000000000000001,0.27000000000000002,88,73,3.0707456978967547,-0.17826899132419621,0.0002001390406528289,replication,z_projective,64
8,3,0.26000000000000001,0.28000000000000003,88,59,9.9273422562141675,-0.081240369818607022,0.00064702484375435106,replication,z_projective,64
8,3,0.26000000000000001,0.29999999999999999,88,40,26.921606118546816,-0.099772727295957486,0.0017546436440795908,replication,z_projective,64
8,3,0.26000000000000001,0.34000000000000002,88,17,45.766730401529649,-0.086062834244636996,0.0029828941949353086,replication,z_projective,64
8,3,0.27000000000000002,0.28000000000000003,73,59,2.0587954110898696,0.015788251686982183,0.0001341841295286012,replication,z_projective,64
8,3,0.27000000000000002,0.29999999999999999,73,40,12.562141491395767,-0.073607305953211202,0.00081875062085247873,replication,z_projective,64
8,3,0.27000000000000002,0.34000000000000002,73,17,29.067399617590826,-0.072890526090414229,0.0018944979643614342,replication,z_projective,64
8,3,0.28000000000000003,0.29999999999999999,59,40,4.5124282982791408,-0.11830508477330801,0.00029410220170652152,replication,z_projective,64
8,3,0.28000000000000003,0.34000000000000002,59,17,17.260038240917783,-0.087670322386646973,0.0011249409215274492,replication,z_projective,64
8,3,0.29999999999999999,0.34000000000000002,40,17,5.2007648183556494,-0.072352941193316506,0.0003389652494244674,replication,z_projective,64
8,4,0.20000000000000001,0.22,55,72,10.448548812664898,0.078282828301054944,0.00068099502248372657,replication,z_projective,64
8,4,0.20000000000000001,0.23999999999999999,55,75,43.535620052770405,-0.027636363642798242,0.0028374792603488605,replication,z_projective,64
8,4,0.20000000000000001,0.25,55,61,55.326517150395766,-0.023368107307974353,0.0036059632266933462,replication,z_projective,64
8,4,0.20000000000000001,0.26000000000000001,55,48,62.69129287598944,-0.02853535354199745,0.0040859701349023631,replication,z_projective,64
8,4,0.20000000000000001,0.27000000000000002,55,30,53.331134564643811,-0.043982683992924494,0.0034759120939273584,replication,z_projective,64
8,4,0.20000000000000001,0.28000000000000003,55,22,51.081794195250687,-0.027272727279077199,0.0033293089988093347,replication,z_projective,64
8,4,0.20000000000000001,0.29999999999999999,55,16,58.047493403693906,-0.057954545468039062,0.0037833056804651493,replication,z_projective,64
8,4,0.22,0.23999999999999999,72,75,14.248021108179405,-0.13355555558665144,0.00092862957611417247,replication,z_projective,64
8,4,0.22,0.25,72,61,26.073878627968341,-0.091135397713993857,0.0016993921242889377,replication,z_projective,64
8,4,0.22,0.26000000000000001,72,48,36.474934036939331,-0.081944444463523614,0.0023772917148522851,replication,z_projective,64
8,4,0.22,0.27000000000000002,72,30,35.620052770448581,-0.092888888910516235,0.0023215739402854358,replication,z_projective,64
8,4,0.22,0.28000000000000003,72,22,37.614775725593702,-0.062457912472454545,0.0024515820809414201,replication,z_projective,64
8,4,0.22,0.29999999999999999,72,16,48.63324538258572,-0.09201388891031255,0.0031697222864697102,replication,z_projective,64
8,4,0.23999999999999999,0.25,75,61,3.0178100263852294,-0.0062950819686788343,0.00019668890327418292,replication,z_projective,64
8,4,0.23999999999999999,0.26000000000000001,75,48,9.4986807387862981,-0.030333333340395861,0.00061908638407611686,replication,z_projective,64
8,4,0.23999999999999999,0.27000000000000002,75,30,13.35751978891823,-0.065777777793092809,0.0008705902276070392,replication,z_projective,64
8,4,0.23999999999999999,0.28000000000000003,75,22,17.414248021108207,-0.026909090915356159,0.0011349917041395471,replication,z_projective,64
8,4,0.23999999999999999,0.29999999999999999,75,16,28.496042216358838,-0.078166666684866271,0.0018572591522283469,replication,z_projective,64
8,4,0.25,0.26000000000000001,61,48,1.931398416886547,-0.05437158471211289,0.00012588089809547706,replication,z_projective,64
8,4,0.25,0.27000000000000002,61,30,4.8284960422163676,-0.095519125705299801,0.00031470224523869267,replication,z_projective,64
8,4,0.25,0.28000000000000003,61,22,7.9670184696570061,-0.033780427230915268,0.00051925870464384293,replication,z_projective,64
8,4,0.25,0.29999999999999999,61,16,16.094986807387855,-0.092540983628103771,0.0010490074841289733,replication,z_projective,64
8,4,0.26000000000000001,0.27000000000000002,48,30,0.9498680738786297,-0.13666666669848671,6.1908638407611678e-05,replication,z_projective,64
8,4,0.26000000000000001,0.28000000000000003,48,22,2.7862796833773142,-0.023484848490316453,0.0001815986726623276,replication,z_projective,64
8,4,0.26000000000000001,0.29999999999999999,48,16,8.1055408970976153,-0.10208333335710151,0.00052828704774495134,replication,z_projective,64
8,4,0.27000000000000002,0.28000000000000003,30,22,0.43535620052770524,0.089696969717853792,2.8374792603488684e-05,replication,z_projective,64
8,4,0.27000000000000002,0.29999999999999999,30,16,2.8496042216358783,-0.09055555557663976,0.00018572591522283432,replication,z_projective,64
8,4,0.28000000000000003,0.29999999999999999,22,16,0.92875989445909934,-0.18068181822388679,6.0532890887442189e-05,replication,z_projective,64
8,5,0.20000000000000001,0.22,63,73,22.325242718446582,-0.07218960645298976,0.0014550708849227806,replication,z_projective,64
8,5,0.20000000000000001,0.23999999999999999,63,36,44.038834951456266,-0.035714285722601109,0.0028702768140942522,replication,z_projective,64
8,5,0.20000000000000001,0.25,63,23,43.962378640776684,-0.068184955157352442,0.0028652936946253404,replication,z_projective,64
8,5,0.20000000000000001,0.26000000000000001,63,11,30.276699029126217,9.6200096222502182e-05,0.0019733153096898005,replication,z_projective,64
8,5,0.22,0.23999999999999999,73,36,12.757281553398045,0.00076103500778754206,0.00083146907709873174,replication,z_projective,64
8,5,0.22,0.25,73,23,18.338592233009706,-0.065515187626927582,0.0011952367983294279,replication,z_projective,64
8,5,0.22,0.26000000000000001,73,11,15.592233009708744,0.036239103370828606,0.0010162399831206736,replication,z_projective,64
8,5,0.23999999999999999,0.25,36,23,1.0048543689320406,-0.19806763289635765,6.5492427305722208e-05,replication,z_projective,64
8,5,0.23999999999999999,0.26000000000000001,36,11,1.9223300970873822,0.071717171733869614,0.00012528986093268595,replication,z_projective,64
8,5,0.25,0.26000000000000001,23,11,0.30703883495145684,0.3415019763640969,2.0011575010081784e-05,replication,z_projective,64
8,6,0.20000000000000001,0.22,70,41,23.524590163934398,-0.15749128923527517,0.0015332396005262124,replication,z_projective,64
8,6,0.20000000000000001,0.23999999999999999,70,11,25.245901639344233,-0.11688311691033094,0.00164542786397935,replication,z_projective,64
8,6,0.22,0.23999999999999999,41,11,3.6967213114754056,-0.076274944585386709,0.00024093765151126195,replication,z_projective,64
10,0,0.25,0.26000000000000001,13,20,0.30516431924882687,-0.01538461538819734,1.9889401501975922e-05,replication,z_projective,64
10,0,0.25,0.27000000000000002,13,25,1.5258215962441342,0.036307692316145855,9.9447007509879598e-05,replication,z_projective,64
10,0,0.25,0.28000000000000003,13,30,4.1197183098591621,0.034871794879914028,0.00026850692027667491,replication,z_projective,64
10,0,0.25,0.29999999999999999,13,46,17.546948356807508,0.00040133779273558999,0.0011436405863636133,replication,z_projective,64
10,0,0.25,0.34000000000000002,13,79,97.637323943661997,-0.0053662230889914954,0.0063636140105571863,replication,z_projective,64
10,0,0.26000000000000001,0.27000000000000002,20,25,0.58685446009389786,0.08800000002048905,3.8248849042261394e-05,replication,z_projective,64
10,0,0.26000000000000001,0.28000000000000003,20,30,2.8169014084507094,0.060000000013969712,0.00018359447540285465,replication,z_projective,64
10,0,0.26000000000000001,0.29999999999999999,20,46,17.276995305164299,0.0043478260879688283,0.0011260461158041719,replication,z_projective,64
10,0,0.26000000000000001,0.34000000000000002,20,79,118.68544600938972,-0.0041139240515907635,0.0077354472303069318,replication,z_projective,64
10,0,0.27000000000000002,0.28000000000000003,25,30,0.88028169014084667,0.032000000007450374,5.7373273563392081e-05,replication,z_projective,64
10,0,0.27000000000000002,0.29999999999999999,25,46,12.147887323943637,-0.023536231889537969,0.00079175117517480765,replication,z_projective,64
10,0,0.27000000000000002,0.34000000000000002,25,79,113.58568075117375,-0.017273056061887889,0.0074030647321296807,replication,z_projective,64
10,0,0.28000000000000003,0.29999999999999999,30,46,6.4788732394365951,-0.051304347838032213,0.00042226729342656336,replication,z_projective,64
10,0,0.28000000000000003,0.34000000000000002,30,79,100.14084507042254,-0.025485232073444275,0.0065267836005714714,replication,z_projective,64
10,0,0.29999999999999999,0.34000000000000002,46,79,68.24413145539917,-0.012575674191150344,0.0044478821574264913,replication,z_projective,64
10,1,0.23999999999999999,0.25,25,41,0.50944333996023949,-0.18926829272699408,3.3203498875354743e-05,replication,z_projective,64
10,1,0.23999999999999999,0.26000000000000001,25,43,2.1371769383697847,-0.014883720933697928,0.00013929272698929302,replication,z_projective,64
10,1,0.23999999999999999,0.27000000000000002,25,64,7.1570576540755608,-0.051250000011932521,0.00046646866712693496,replication,z_projective,64
10,1,0.23999999999999999,0.28000000000000003,25,70,13.916500994035809,-0.034285714293697006,0.00090702240830237331,replication,z_projective,64
10,1,0.23999999999999999,0.29999999999999999,25,109,48.757455268389663,-0.045015290530358604,0.0031778177948022382,replication,z_projective,64
10,1,0.23999999999999999,0.34000000000000002,25,151,187.62425447316116,-0.031364238417898573,0.012228605683362342,replication,z_projective,64
10,1,0.25,0.26000000000000001,41,43,0.87624254473161189,0.15950085085959823,5.7110018065610152e-05,replication,z_projective,64
10,1,0.25,0.27000000000000002,41,64,5.2166998011928518,0.017759146345598258,0.00034000382848363252,replication,z_projective,64
10,1,0.25,0.28000000000000003,41,70,12.837972166998034,0.017375145184068689,0.00083672817165893936,replication,z_projective,64
10,1,0.25,0.29999999999999999,41,109,55.529324055665988,-0.016164690091031476,0.0036191813774136593,replication,z_projective,64
10,1,0.25,0.34000000000000002,41,151,249.24005964214723,-0.013819343494665725,0.01624447978977853,replication,z_projective,64
10,1,0.26000000000000001,0.27000000000000002,43,64,1.3677932405566622,-0.1239825581684017,8.9147345273147535e-05,replication,z_projective,64
10,1,0.26000000000000001,0.28000000000000003,43,70,5.9840954274353981,-0.053687707653696078,0.00039001963557002052,replication,z_projective,64
10,1,0.26000000000000001,0.29999999999999999,43,109,37.272365805168945,-0.06008107532868897,0.0024292651586932637,replication,z_projective,64
10,1,0.26000000000000001,0.34000000000000002,43,151,206.53677932405577,-0.035484367788948736,0.013461249136245263,replication,z_projective,64
10,1,0.27000000000000002,0.28000000000000003,64,70,2.2266401590457292,0.016607142861009547,0.00014512358532837972,replication,z_projective,64
10,1,0.27000000000000002,0.29999999999999999,64,109,31.204771371769318,-0.038780581048784679,0.0020338033886734283,replication,z_projective,64
10,1,0.27000000000000002,0.34000000000000002,64,151,235.35586481113324,-0.022841769163312584,0.015339562969209714,replication,z_projective,64
10,1,0.28000000000000003,0.29999999999999999,70,109,15.168986083498949,-0.066474443003681868,0.00098865442504958152,replication,z_projective,64
10,1,0.28000000000000003,0.34000000000000002,70,151,189.12524850894633,-0.029416587834032944,0.012326434528829233,replication,z_projective,64
10,1,0.29999999999999999,0.34000000000000002,109,151,130.88667992047738,-0.010887660249208533,0.0085306753247135804,replication,z_projective,64
10,2,0.22,0.23999999999999999,18,57,1.7214765100671123,-0.12046783628535861,0.00011219901975835832,replication,z_projective,64
10,2,0.22,0.25,18,69,4.6887583892617446,-0.068921095024098475,0.00030559469855237097,replication,z_projective,64
10,2,0.22,0.26000000000000001,18,90,10.872483221476514,-0.057777777791230195,0.00070862538794752724,replication,z_projective,64
10,2,0.22,0.27000000000000002,18,100,18.875838926174509,-0.051555555567559246,0.001230252409631124,replication,z_projective,64
10,2,0.22,0.28000000000000003,18,110,29.899328859060429,-0.045387205397772898,0.0019487198168557009,replication,z_projective,64
10,2,0.22,0.29999999999999999,18,95,45.906040268456358,-0.041695906442456632,0.0029919738602228905,replication,z_projective,64
10,2,0.22,0.34000000000000002,18,57,61.973154362416132,-0.047563352837584921,0.0040391647113009058,replication,z_projective,64
10,2,0.23999999999999999,0.25,57,69,1.6497483221476541,0.034172387498421636,0.00010752406060176037,replication,z_projective,64
10,2,0.23999999999999999,0.26000000000000001,57,90,8.6073825503355845,0.0049122807028981154,0.00056099509879179311,replication,z_projective,64
10,2,0.23999999999999999,0.27000000000000002,57,100,21.518456375838966,-0.0056140350890264094,0.001402487746979483,replication,z_projective,64
10,2,0.23999999999999999,0.28000000000000003,57,110,42.080536912751747,-0.007846889953980106,0.002742642705204322,replication,z_projective,64
10,2,0.23999999999999999,0.29999999999999999,57,95,81.770134228187914,-0.015438596494822654,0.0053294534385220256,replication,z_projective,64
10,2,0.23999999999999999,0.34000000000000002,57,57,136.28355704697995,-0.032982456148030199,0.0088824223975367145,replication,z_projective,64
10,2,0.25,0.26000000000000001,69,90,2.6048657718120851,-0.024347826092625403,0.00016977483252909531,replication,z_projective,64
10,2,0.25,0.27000000000000002,69,100,11.577181208053712,-0.025507246382750429,0.00075455481124042363,replication,z_projective,64
10,2,0.25,0.28000000000000003,69,110,28.653523489932937,-0.021853315771447352,0.0018675231578200483,replication,z_projective,64
10,2,0.25,0.29999999999999999,69,95,68.73951342281876,-0.025360793293471521,0.0044801691917400049,replication,z_projective,64
10,2,0.25,0.34000000000000002,69,57,133.62961409395979,-0.040444105442080408,0.0087094489087425776,replication,z_projective,64
10,2,0.26000000000000001,0.27000000000000002,90,100,3.7751677852349066,-0.026666666672875459,0.0002460504819262251,replication,z_projective,64
10,2,0.26000000000000001,0.28000000000000003,90,110,16.610738255033585,-0.020606060610858328,0.0010826221204753902,replication,z_projective,64
10,2,0.26000000000000001,0.29999999999999999,90,95,57.382550335570414,-0.025614035093683055,0.0037399673252786112,replication,z_projective,64
10,2,0.26000000000000001,0.34000000000000002,90,57,137.71812080536918,-0.042456140360762284,0.0089759215806686794,replication,z_projective,64
10,2,0.27000000000000002,0.28000000000000003,100,110,4.6140939597315525,-0.014545454548841196,0.0003007283667987196,replication,z_projective,64
10,2,0.27000000000000002,0.29999999999999999,100,95,35.86409395973147,-0.025263157900618921,0.0023374795782991294,replication,z_projective,64
10,2,0.27000000000000002,0.34000000000000002,100,57,117.15604026845641,-0.044711779459031827,0.0076357666224438408,replication,z_projective,64
10,2,0.28000000000000003,0.29999999999999999,110,95,17.533557046979801,-0.030622009576507795,0.0011427677938351281,replication,z_projective,64
10,2,0.28000000000000003,0.34000000000000002,110,57,94.681208053691265,-0.049739500277396938,0.0061709460867097133,replication,z_projective,64
10,2,0.29999999999999999,0.34000000000000002,95,57,36.342281879194701,-0.059298245627841487,0.0023686459726764606,replication,z_projective,64
10,3,0.20000000000000001,0.22,21,52,2.1411764705882326,-0.076007326025022873,0.00013955340065621651,replication,z_projective,64
10,3,0.20000000000000001,0.23999999999999999,21,85,13.999999999999986,-0.084089635873920432,0.00091246454275218508,replication,z_projective,64
10,3,0.20000000000000001,0.25,21,78,20.073529411764696,-0.066813186828742988,0.0013083131311520308,replication,z_projective,64
10,3,0.20000000000000001,0.26000000000000001,21,85,31.5,-0.068608776860045198,0.0020530452211924184,replication,z_projective,64
10,3,0.20000000000000001,0.27000000000000002,21,73,36.822058823529417,-0.062435933291957554,0.0023999159334004189,replication,z_projective,64
10,3,0.20000000000000001,0.28000000000000003,21,65,42.823529411764717,-0.063040293054970747,0.0027910680131243344,replication,z_projective,64
10,3,0.20000000000000001,0.29999999999999999,21,39,40.147058823529392,-0.051868131880208369,0.0026166262623040617,replication,z_projective,64
10,3,0.20000000000000001,0.34000000000000002,21,12,24.211764705882359,-0.051700680284146344,0.0015780269151126044,replication,z_projective,64
10,3,0.22,0.23999999999999999,52,85,8.6666666666666554,-0.092171945722818005,0.00056485900265611439,replication,z_projective,64
10,3,0.22,0.25,52,78,17.894117647058824,-0.060683760697889742,0.0011662677054840966,replication,z_projective,64
10,3,0.22,0.26000000000000001,52,85,34.666666666666679,-0.064909502277556361,0.0022594360106244615,replication,z_projective,64
10,3,0.22,0.27000000000000002,52,73,46.519607843137294,-0.057007376198731419,0.0030319637642570911,replication,z_projective,64
10,3,0.22,0.28000000000000003,52,65,59.64705882352947,-0.058717948731620048,0.0038875590182803257,replication,z_projective,64
10,3,0.22,0.29999999999999999,52,39,63.623529411764679,-0.045833333344004752,0.0041467296194990086,replication,z_projective,64
10,3,0.22,0.34000000000000002,52,12,44.047058823529426,-0.047649572660666932,0.0028708128134993156,replication,z_projective,64
10,3,0.23999999999999999,0.25,85,78,3.2500000000000058,0.0022926093519666769,0.00021182212599604356,replication,z_projective,64
10,3,0.23999999999999999,0.26000000000000001,85,85,14.166666666666691,-0.037647058832294765,0.00092332721588018975,replication,z_projective,64
10,3,0.23999999999999999,0.27000000000000002,85,73,27.375000000000046,-0.033564329849340414,0.0017841940612743667,replication,z_projective,64
10,3,0.23999999999999999,0.28000000000000003,85,65,43.333333333333407,-0.041990950236021098,0.0028242950132805803,replication,z_projective,64
10,3,0.23999999999999999,0.29999999999999999,85,39,58.5,-0.030387129217733677,0.0038127982679287773,replication,z_projective,64
10,3,0.23999999999999999,0.34000000000000002,85,12,50.000000000000036,-0.038745098048236719,0.0032588019384006666,replication,z_projective,64
10,3,0.25,0.26000000000000001,78,85,3.2500000000000058,-0.077586727016556209,0.00021182212599604356,replication,z_projective,64
10,3,0.25,0.27000000000000002,78,73,11.164705882352962,-0.051492799449993958,0.00072767130342170263,replication,z_projective,64
10,3,0.25,0.28000000000000003,78,65,22.367647058823568,-0.056752136765350354,0.0014578346318551232,replication,z_projective,64
10,3,0.25,0.29999999999999999,78,39,37.27941176470587,-0.036923076931673758,0.0024297243864252003,replication,z_projective,64
10,3,0.25,0.34000000000000002,78,12,37.164705882352955,-0.043304843314925991,0.0024222483113900475,replication,z_projective,64
10,3,0.26000000000000001,0.27000000000000002,85,73,3.0416666666666718,-0.02539887188343171,0.00019824378458604074,replication,z_projective,64
10,3,0.26000000000000001,0.28000000000000003,85,65,10.833333333333352,-0.046334841639747416,0.00070607375332014507,replication,z_projective,64
10,3,0.26000000000000001,0.29999999999999999,85,39,25.999999999999972,-0.026757164410453126,0.0016945770079683435,replication,z_projective,64
10,3,0.26000000000000001,0.34000000000000002,85,12,32.000000000000014,-0.039019607852222207,0.0020856332405764259,replication,z_projective,64
10,3,0.27000000000000002,0.28000000000000003,73,65,2.3259803921568674,-0.067270811396063127,0.00015159818821285472,replication,z_projective,64
10,3,0.27000000000000002,0.29999999999999999,73,39,12.560294117647032,-0.027209928586126933,0.00081863021634941222,replication,z_projective,64
10,3,0.27000000000000002,0.34000000000000002,73,12,21.041176470588237,-0.040965427276335134,0.001371380533371668,replication,z_projective,64
10,3,0.28000000000000003,0.29999999999999999,65,39,4.9705882352940982,-0.0071794871811587807,0.00032396325152335886,replication,z_projective,64
10,3,0.28000000000000003,0.34000000000000002,65,12,13.76470588235294,-0.036581196589713795,0.00089712900421853577,replication,z_projective,64
10,3,0.29999999999999999,0.34000000000000002,39,12,3.6705882352941237,-0.051282051293991264,0.00023923440112494327,replication,z_projective,64
10,4,0.20000000000000001,0.22,43,80,9.8005698005697894,-0.077848837227427983,0.0006387623172705568,replication,z_projective,64
10,4,0.20000000000000001,0.23999999999999999,43,65,31.851851851851816,-0.051520572462800618,0.0020759775311293095,replication,z_projective,64
10,4,0.20000000000000001,0.25,43,59,45.174501424501408,-0.063224280661153362,0.0029442950561689753,replication,z_projective,64
10,4,0.20000000000000001,0.26000000000000001,43,45,49.61538461538462,-0.051782945748490773,0.0032337342311821978,replication,z_projective,64
10,4,0.20000000000000001,0.27000000000000002,43,28,42.019943019943035,-0.063977218809390404,0.0027386934352975163,replication,z_projective,64
10,4,0.20000000000000001,0.28000000000000003,43,21,41.16239316239318,-0.044075304550682898,0.0026828017325363426,replication,z_projective,64
10,4,0.20000000000000001,0.29999999999999999,43,10,30.626780626780612,-0.071069767458407707,0.0019961322414704915,replication,z_projective,64
10,4,0.22,0.23999999999999999,80,65,14.814814814814797,-0.025192307698173252,0.00096557094471130681,replication,z_projective,64
10,4,0.22,0.25,80,59,30.256410256410255,-0.053474576283636971,0.0019719929678527095,replication,z_projective,64
10,4,0.22,0.26000000000000001,80,45,41.025641025641043,-0.038750000009022185,0.0026738887699697769,replication,z_projective,64
10,4,0.22,0.27000000000000002,80,28,39.886039886039917,-0.058428571442175385,0.0025996140819150616,replication,z_projective,64
10,4,0.22,0.28000000000000003,80,21,43.076923076923116,-0.03281746032510121,0.0028075832084682672,replication,z_projective,64
10,4,0.22,0.29999999999999999,80,10,36.467236467236454,-0.069375000016152641,0.0023767900177509111,replication,z_projective,64
10,4,0.23999999999999999,0.25,65,59,2.7314814814814858,-0.11003911345456434,0.00017802714293114769,replication,z_projective,64
10,4,0.23999999999999999,0.26000000000000001,65,45,8.3333333333333481,-0.052307692319871105,0.00054313365640011168,replication,z_projective,64
10,4,0.23999999999999999,0.27000000000000002,65,28,11.666666666666687,-0.080586080604843444,0.00076038711896015635,replication,z_projective,64
10,4,0.23999999999999999,0.28000000000000003,65,21,15.555555555555584,-0.036630036638565185,0.0010138494919468752,replication,z_projective,64
10,4,0.23999999999999999,0.29999999999999999,65,10,16.666666666666664,-0.08410256412214577,0.0010862673128002212,replication,z_projective,64
10,4,0.25,0.26000000000000001,59,45,1.8910256410256445,0.0054237288148221239,0.00012324956049079459,replication,z_projective,64
10,4,0.25,0.27000000000000002,59,28,4.7065527065527153,-0.065859564179982996,0.00030675446166597765,replication,z_projective,64
10,4,0.25,0.28000000000000003,59,21,7.9423076923077058,-0.012160344366565469,0.00051764815406133715,replication,z_projective,64
10,4,0.25,0.29999999999999999,59,10,10.505698005698001,-0.078915254255662051,0.00068471978050441281,replication,z_projective,64
10,4,0.26000000000000001,0.27000000000000002,45,28,0.89743589743589902,-0.13714285717478814,5.8491316843088949e-05,replication,z_projective,64
10,4,0.26000000000000001,0.28000000000000003,45,21,2.692307692307697,-0.020952380957259268,0.00017547395052926683,replication,z_projective,64
10,4,0.26000000000000001,0.29999999999999999,45,10,5.1282051282051233,-0.10000000002328313,0.00033423609624622168,replication,z_projective,64
10,4,0.27000000000000002,0.28000000000000003,28,21,0.41880341880341959,0.095238095260269579,2.7295947860108181e-05,replication,z_projective,64
10,4,0.27000000000000002,0.29999999999999999,28,10,1.7948717948717914,-0.087619047639448111,0.00011698263368617746,replication,z_projective,64
10,4,0.28000000000000003,0.29999999999999999,21,10,0.59829059829059605,-0.17904761908930719,3.8994211228725754e-05,replication,z_projective,64
10,5,0.20000000000000001,0.22,60,79,20.973451327433608,-0.0086075949387129976,0.0013669664768158525,replication,z_projective,64
10,5,0.20000000000000001,0.23999999999999999,60,49,52.03539823008844,0.005306122450215024,0.0033914611323532539,replication,z_projective,64
10,5,0.20000000000000001,0.25,60,27,44.800884955752196,-0.068740740756745716,0.0029199442147174082,replication,z_projective,64
10,5,0.20000000000000001,0.26000000000000001,60,11,26.283185840707965,-0.10666666669150195,0.0017130339393008802,replication,z_projective,64
10,5,0.22,0.23999999999999999,79,49,17.128318584070776,0.019219839839143046,0.0011163559560662794,replication,z_projective,64
10,5,0.22,0.25,79,27,21.235619469026549,-0.10882950463543417,0.001384053557776052,replication,z_projective,64
10,5,0.22,0.26000000000000001,79,11,15.380530973451334,-0.1556962025678964,0.0010024420829982932,replication,z_projective,64
10,5,0.23999999999999999,0.25,49,27,1.4634955752212415,-0.36492819358458828,9.5384844347435536e-05,replication,z_projective,64
10,5,0.23999999999999999,0.26000000000000001,49,11,2.3849557522123939,-0.33061224497493563,0.00015544196856619126,replication,z_projective,64
10,5,0.25,0.26000000000000001,27,11,0.3285398230088501,-0.29629629636528287,2.1412924241261037e-05,replication,z_projective,64
10,6,0.20000000000000001,0.22,83,40,22.739726027397232,-0.063253012062920042,0.0014820852651356428,replication,z_projective,64
10,6,0.20000000000000001,0.23999999999999999,83,11,25.013698630136957,-0.074808324223332265,0.0016302937916492072,replication,z_projective,64
10,6,0.20000000000000001,0.25,83,12,42.636986301369845,-0.031967871493386861,0.0027789098721293323,replication,z_projective,64
10,6,0.22,0.23999999999999999,40,11,3.0136986301369828,-0.086363636383744502,0.00019642093875291651,replication,z_projective,64
10,6,0.22,0.25,40,12,7.397260273972603,-0.011111111113698091,0.00048212412239352295,replication,z_projective,64
10,6,0.23999999999999999,0.25,11,12,0.22602739726027435,0.13939393942639455,1.4731570406468781e-05,replication,z_projective,64
6,0,0.27000000000000002,0.28000000000000003,21,18,0.53089887640449529,0.057142857142857113,5.7632417858283016e-05,replication,z_projective,128
6,0,0.27000000000000002,0.29999999999999999,21,49,13.007022471910084,0.000907029478458074,0.0014119942375279283,replication,z_projective,128
6,0,0.27000000000000002,0.34000000000000002,21,90,130.07022471910116,-0.0070748299319727728,0.014119942375279318,replication,z_projective,128
6,0,0.28000000000000003,0.29999999999999999,18,49,4.9550561797752612,-0.027210884353741523,0.00053790256667730506,replication,z_projective,128
6,0,0.28000000000000003,0.34000000000000002,18,90,81.910112359550553,-0.017777777777777764,0.0088918587552779347,replication,z_projective,128
6,0,0.29999999999999999,0.34000000000000002,49,90,99.101123595505783,-0.013061224489795896,0.010758051333546162,replication,z_projective,128
6,1,0.25,0.26000000000000001,11,22,0.17090395480226017,0.12727272727272726,1.8552701040739238e-05,replication,z_projective,128
6,1,0.25,0.27000000000000002,11,47,1.4604519774011326,-0.070406189555125606,0.00015854126343904442,replication,z_projective,128
6,1,0.25,0.28000000000000003,11,70,4.8940677966101784,0.00051948051948054875,0.00053128189343935102,replication,z_projective,128
6,1,0.25,0.29999999999999999,11,83,16.119350282485868,-0.035750273822562982,0.0017498570299788109,replication,z_projective,128
6,1,0.25,0.34000000000000002,11,121,76.13771186440681,-0.024609733700642778,0.0082652283136493213,replication,z_projective,128
6,1,0.26000000000000001,0.27000000000000002,22,47,0.73022598870056632,-0.2680851063829785,7.9270631719522211e-05,replication,z_projective,128
6,1,0.26000000000000001,0.28000000000000003,22,70,4.350282485875713,-0.062857142857142806,0.00047225057194608968,replication,z_projective,128
6,1,0.26000000000000001,0.29999999999999999,22,83,20.632768361581899,-0.0765060240963856,0.0022398169983728765,replication,z_projective,128
6,1,0.26000000000000001,0.34000000000000002,22,121,120.31638418079102,-0.043595041322314045,0.013061101532680409,replication,z_projective,128
6,1,0.27000000000000002,0.28000000000000003,47,70,2.3234463276836204,0.14237082066869286,0.00025222473728938889,replication,z_projective,128
6,1,0.27000000000000002,0.29999999999999999,47,83,24.794491525423677,-0.012646330000854517,0.0026915982679310392,replication,z_projective,128
6,1,0.27000000000000002,0.34000000000000002,47,121,196.7959039548023,-0.011525032027933382,0.021363435248411201,replication,z_projective,128
6,1,0.28000000000000003,0.29999999999999999,70,83,16.412429378531009,-0.090154905335628421,0.0017816726123420557,replication,z_projective,128
6,1,0.28000000000000003,0.34000000000000002,70,121,215.33898305084745,-0.037174340810704448,0.023376403311331402,replication,z_projective,128
6,1,0.29999999999999999,0.34000000000000002,83,121,113.48022598870077,-0.010684058548242536,0.012318993491050857,replication,z_projective,128
6,2,0.23999999999999999,0.25,22,38,0.43907563025210161,0.049760765550239186,4.7664425974030609e-05,replication,z_projective,128
6,2,0.23999999999999999,0.26000000000000001,22,71,3.2815126050420229,-0.0021766965428937062,0.000356228867805913,replication,z_projective,128
6,2,0.23999999999999999,0.27000000000000002,22,86,8.943277310924385,-0.0094432699083861864,0.00097084909747104445,replication,z_projective,128
6,2,0.23999999999999999,0.28000000000000003,22,97,17.932773109243726,0.00042174320524836179,0.001946715502939355,replication,z_projective,128
6,2,0.23999999999999999,0.29999999999999999,22,97,40.34873949579832,-0.042330521711965018,0.0043801098816135418,replication,z_projective,128
6,2,0.23999999999999999,0.34000000000000002,22,65,75.105042016806777,-0.044951048951048941,0.0081531254955578593,replication,z_projective,128
6,2,0.25,0.26000000000000001,38,71,1.4170168067226918,-0.054114158636026595,0.00015382610200709881,replication,z_projective,128
6,2,0.25,0.27000000000000002,38,86,6.865546218487407,-0.039045287637698871,0.00074529829704847862,replication,z_projective,128
6,2,0.25,0.28000000000000003,38,97,17.423319327731125,-0.016024597576415247,0.0018914110852422147,replication,z_projective,128
6,2,0.25,0.29999999999999999,38,97,48.398109243697462,-0.060748779164405874,0.0052539196812283629,replication,z_projective,128
6,2,0.25,0.34000000000000002,38,65,105.07878151260509,-0.055474583895636517,0.011406963761512311,replication,z_projective,128
6,2,0.26000000000000001,0.27000000000000002,71,86,3.2069327731092492,-0.023976416639371147,0.00034813275717396038,replication,z_projective,128
6,2,0.26000000000000001,0.28000000000000003,71,97,14.468487394958007,0.0030201829533904297,0.0015706454625987979,replication,z_projective,128
6,2,0.26000000000000001,0.29999999999999999,71,97,57.873949579831859,-0.062407434296500704,0.0062825818503951733,replication,z_projective,128
6,2,0.26000000000000001,0.34000000000000002,71,65,155.12605042016813,-0.055644637053087753,0.016839910114461318,replication,z_projective,128
6,2,0.27000000000000002,0.28000000000000003,86,97,4.3813025210084104,0.030016782546152004,0.00047561799219541064,replication,z_projective,128
6,2,0.27000000000000002,0.29999999999999999,86,97,39.431722689075549,-0.075217773515543915,0.0042805619297586802,replication,z_projective,128
6,2,0.27000000000000002,0.34000000000000002,86,65,143.86029411764707,-0.060168668540761562,0.015616941290127634,replication,z_projective,128
6,2,0.28000000000000003,0.29999999999999999,97,97,19.766806722688997,-0.12783505154639202,0.00214581140664905,replication,z_projective,128
6,2,0.28000000000000003,0.34000000000000002,97,65,119.21218487394958,-0.075199577055247172,0.012941233741130919,replication,z_projective,128
6,2,0.29999999999999999,0.34000000000000002,97,65,52.983193277311024,-0.048881839809674824,0.0057516594405026414,replication,z_projective,128
6,3,0.23999999999999999,0.25,37,69,1.6796052631578979,0.093066980023501694,0.00018233173334037168,replication,z_projective,128
6,3,0.23999999999999999,0.26000000000000001,37,68,6.6210526315789595,-0.0062798092209856941,0.00071875697780552305,replication,z_projective,128
6,3,0.23999999999999999,0.27000000000000002,37,65,14.240131578947391,-0.046569646569646531,0.0015458560000596725,replication,z_projective,128
6,3,0.23999999999999999,0.28000000000000003,37,67,26.094736842105313,-0.061678096006454172,0.0028327480889982384,replication,z_projective,128
6,3,0.23999999999999999,0.29999999999999999,37,52,45.568421052631578,-0.060464310464310472,0.004946739200190944,replication,z_projective,128
6,3,0.23999999999999999,0.34000000000000002,37,22,53.552631578947405,-0.037886977886977875,0.0058134755557799596,replication,z_projective,128
6,3,0.25,0.26000000000000001,69,68,3.0868421052631634,-0.10562659846547308,0.00033509615857149389,replication,z_projective,128
6,3,0.25,0.27000000000000002,69,65,11.802631578947389,-0.11638795986622065,0.0012812500180674766,replication,z_projective,128
6,3,0.25,0.28000000000000003,69,67,27.37302631578952,-0.11325978801643946,0.0029715144649795702,replication,z_projective,128
6,3,0.25,0.29999999999999999,69,52,59.013157894736821,-0.091170568561872944,0.0064062500903373691,replication,z_projective,128
6,3,0.25,0.34000000000000002,69,22,80.893421052631609,-0.052437417654808957,0.0087814905084470773,replication,z_projective,128
6,3,0.26000000000000001,0.27000000000000002,68,65,2.9078947368421106,-0.12714932126696821,0.00031567029430647973,replication,z_projective,128
6,3,0.26000000000000001,0.28000000000000003,68,67,11.989473684210548,-0.11707638279192266,0.0013015329057559472,replication,z_projective,128
6,3,0.26000000000000001,0.29999999999999999,68,52,37.221052631578907,-0.087556561085972914,0.0040405797671229284,replication,z_projective,128
6,3,0.26000000000000001,0.34000000000000002,68,22,62.989473684210552,-0.045788770053475931,0.0068379042212849666,replication,z_projective,128
6,3,0.27000000000000002,0.28000000000000003,65,67,2.8651315789473739,-0.1070034443168771,0.00031102808409609037,replication,z_projective,128
6,3,0.27000000000000002,0.29999999999999999,65,52,20.0131578947368,-0.074358974358974456,0.0021725543784622344,replication,z_projective,128
6,3,0.27000000000000002,0.34000000000000002,65,22,46.098684210526329,-0.034165834165834172,0.005004302606799774,replication,z_projective,128
6,3,0.28000000000000003,0.29999999999999999,67,52,9.1684210526315439,-0.058036739380023072,0.00099528986910748336,replication,z_projective,128
6,3,0.28000000000000003,0.34000000000000002,67,22,34.910526315789475,-0.02202623247399367,0.003789757578524663,replication,z_projective,128
6,3,0.29999999999999999,0.34000000000000002,52,22,12.042105263157916,-0.0040209790209790233,0.0013072463952456571,replication,z_projective,128
6,4,0.22,0.23999999999999999,13,56,2.4266666666666641,-0.098626373626373692,0.0002634299554055635,replication,z_projective,128
6,4,0.22,0.25,13,67,6.5325000000000006,-0.044393417527745893,0.00070914403173908476,replication,z_projective,128
6,4,0.22,0.26000000000000001,13,59,10.22666666666667,-0.05097783572359843,0.0011101690977805905,replication,z_projective,128
6,4,0.22,0.27000000000000002,13,54,14.625000000000009,-0.077492877492877477,0.0015876358919531756,replication,z_projective,128
6,4,0.22,0.28000000000000003,13,36,14.040000000000013,-0.07877492877492874,0.0015241304562750491,replication,z_projective,128
6,4,0.22,0.29999999999999999,13,15,10.399999999999997,-0.11102564102564107,0.0011289855231667017,replication,z_projective,128
6,4,0.23999999999999999,0.25,56,67,3.1266666666666718,0.064072494669509539,0.00033941936561870776,replication,z_projective,128
6,4,0.23999999999999999,0.26000000000000001,56,59,11.013333333333355,-0.0033292978208232485,0.0011955667206867918,replication,z_projective,128
6,4,0.23999999999999999,0.27000000000000002,56,54,22.680000000000039,-0.063403880070546689,0.0024620568909058502,replication,z_projective,128
6,4,0.23999999999999999,0.28000000000000003,56,36,26.880000000000049,-0.068849206349206299,0.0029179933521847118,replication,z_projective,128
6,4,0.23999999999999999,0.29999999999999999,56,15,25.199999999999996,-0.11515873015873017,0.002735618767673162,replication,z_projective,128
6,4,0.25,0.26000000000000001,67,59,3.2941666666666727,-0.070731090311156028,0.00035760254591970999,replication,z_projective,128
6,4,0.25,0.27000000000000002,67,54,12.060000000000022,-0.1271420674405748,0.0013091889816721587,replication,z_projective,128
6,4,0.25,0.28000000000000003,67,36,18.090000000000032,-0.11315644002211157,0.001963783472508238,replication,z_projective,128
6,4,0.25,0.29999999999999999,67,15,20.937499999999993,-0.15100497512437816,0.0022728975376252705,replication,z_projective,128
6,4,0.26000000000000001,0.27000000000000002,59,54,2.6550000000000042,-0.18355304456999355,0.00028821697730842293,replication,z_projective,128
6,4,0.26000000000000001,0.28000000000000003,59,36,7.0800000000000125,-0.13436911487758935,0.00076857860615579462,replication,z_projective,128
6,4,0.26000000000000001,0.29999999999999999,59,15,11.799999999999986,-0.1710734463276837,0.0012809643435929873,replication,z_projective,128
6,4,0.27000000000000002,0.28000000000000003,54,36,1.6200000000000028,-0.0851851851851851,0.00017586120649327504,replication,z_projective,128
6,4,0.27000000000000002,0.29999999999999999,54,15,6.0749999999999877,-0.16691358024691377,0.00065947952434977891,replication,z_projective,128
6,4,0.28000000000000003,0.29999999999999999,36,15,1.7999999999999934,-0.2077777777777782,0.00019540134054808232,replication,z_projective,128
6,5,0.22,0.23999999999999999,40,61,10.892857142857132,-0.14959016393442631,0.001182488271173914,replication,z_projective,128
6,5,0.22,0.25,40,54,21.696428571428569,-0.085802469135802473,0.0023552840155349293,replication,z_projective,128
6,5,0.22,0.26000000000000001,40,50,35.71428571428573,-0.098499999999999976,0.0038770107251603794,replication,z_projective,128
6,5,0.22,0.27000000000000002,40,19,21.205357142857157,-0.043684210526315777,0.0023019751180639756,replication,z_projective,128
6,5,0.23999999999999999,0.25,61,54,3.6763392857142918,0.041772920461445005,0.00039908979152119704,replication,z_projective,128
6,5,0.23999999999999999,0.26000000000000001,61,50,13.616071428571454,-0.047409836065573752,0.0014781103389673966,replication,z_projective,128
6,5,0.23999999999999999,0.27000000000000002,61,19,11.641741071428592,0.026919758412424475,0.0012637843398171241,replication,z_projective,128
6,5,0.25,0.26000000000000001,54,50,3.0133928571428625,-0.13659259259259252,0.00032712277993540744,replication,z_projective,128
6,5,0.25,0.27000000000000002,54,19,4.5803571428571521,0.019493177387914212,0.00049722662550181942,replication,z_projective,128
6,5,0.26000000000000001,0.27000000000000002,50,19,1.060267857142859,0.17557894736842092,0.00011509875590319891,replication,z_projective,128
6,6,0.20000000000000001,0.22,14,53,4.0769230769230713,-0.021293800539083568,0.00044257568585676863,replication,z_projective,128
6,6,0.20000000000000001,0.23999999999999999,14,57,17.538461538461519,-0.046992481203007544,0.0019039104976479864,replication,z_projective,128
6,6,0.20000000000000001,0.25,14,40,19.230769230769226,-0.030857142857142861,0.0020876211597017414,replication,z_projective,128
6,6,0.20000000000000001,0.26000000000000001,14,18,12.46153846153846,-0.044973544973544978,0.0013527785114867284,replication,z_projective,128
6,6,0.22,0.23999999999999999,53,57,16.598901098901077,-0.072691161866931517,0.0018019152924168438,replication,z_projective,128
6,6,0.22,0.25,53,40,26.208791208791204,-0.037232704402515721,0.0028451294090792306,replication,z_projective,128
6,6,0.22,0.26000000000000001,53,18,20.967032967032974,-0.056813417190775678,0.0022761035272633855,replication,z_projective,128
6,6,0.23999999999999999,0.25,57,40,3.1318681318681372,0.033684210526315761,0.0003399840174371414,replication,z_projective,128
6,6,0.23999999999999999,0.26000000000000001,57,18,5.6373626373626484,-0.040935672514619874,0.00061197123138685466,replication,z_projective,128
6,6,0.25,0.26000000000000001,40,18,0.98901098901099083,-0.11555555555555551,0.00010736337392751834,replication,z_projective,128
6,7,0.20000000000000001,0.22,29,69,13.70547945205478,0.018590704647676159,0.0014878161432142836,replication,z_projective,128
6,7,0.20000000000000001,0.23999999999999999,29,35,27.808219178082162,-0.023251231527093616,0.0030187573920289813,replication,z_projective,128
6,7,0.20000000000000001,0.25,29,13,16.138698630136979,-0.079787798408488084,0.0017519574150168206,replication,z_projective,128
6,7,0.22,0.23999999999999999,69,35,16.541095890410936,-0.065093167701863394,0.0017956401728448244,replication,z_projective,128
6,7,0.22,0.25,69,13,13.823630136986303,-0.14537346711259755,0.0015006421444488912,replication,z_projective,128
6,7,0.23999999999999999,0.25,35,13,0.77910958904109717,-0.30593406593406564,8.4577254518053579e-05,replication,z_projective,128
6,8,0.20000000000000001,0.22,35,43,16.182795698924711,-0.046910299003322303,0.0017567444296586892,replication,z_projective,128
6,8,0.20000000000000001,0.23999999999999999,35,15,22.580645161290295,-0.14857142857142866,0.0024512712971981711,replication,z_projective,128
6,8,0.22,0.23999999999999999,43,15,6.9354838709677349,-0.2502325581395351,0.00075289046985372416,replication,z_projective,128
8,0,0.27000000000000002,0.28000000000000003,10,26,0.40625000000000072,0.040000000000000001,4.4100996998699373e-05,replication,z_projective,128
8,0,0.27000000000000002,0.29999999999999999,10,41,5.7656249999999885,0.021463414634146381,0.00062589491894307723,replication,z_projective,128
8,0,0.27000000000000002,0.34000000000000002,10,83,63.546875000000021,-0.0049569707401032606,0.0068984136459119263,replication,z_projective,128
8,0,0.28000000000000003,0.29999999999999999,26,41,6.6624999999999748,0.012195121951219546,0.00072325635077866569,replication,z_projective,128
8,0,0.28000000000000003,0.34000000000000002,26,83,121.38750000000002,-0.012449799196787145,0.013177377903211352,replication,z_projective,128
8,0,0.29999999999999999,0.34000000000000002,41,83,85.075000000000145,-0.024772259770790457,0.0092354272484045513,replication,z_projective,128
8,1,0.25,0.26000000000000001,12,41,0.29425837320574216,-0.36666666666666642,3.1943600328833406e-05,replication,z_projective,128
8,1,0.25,0.27000000000000002,12,53,1.5215311004784715,-0.14937106918238982,0.00016517178706616296,replication,z_projective,128
8,1,0.25,0.28000000000000003,12,63,4.0693779904306284,-0.1687830687830687,0.00044175661918167166,replication,z_projective,128
8,1,0.25,0.29999999999999999,12,105,18.839712918660279,-0.080952380952380984,0.0020451695332484757,replication,z_projective,128
8,1,0.25,0.34000000000000002,12,144,83.71291866028713,-0.053086419753086415,0.0090875647374515228,replication,z_projective,128
8,1,0.26000000000000001,0.27000000000000002,41,53,1.2996411483253612,0.067924528301886777,0.00014108423478568087,replication,z_projective,128
8,1,0.26000000000000001,0.28000000000000003,41,63,6.1794258373205846,-0.069841269841269815,0.0006708156069055015,replication,z_projective,128
8,1,0.26000000000000001,0.29999999999999999,41,105,41.196172248803784,-0.0095238095238095229,0.0044721040460366642,replication,z_projective,128
8,1,0.26000000000000001,0.34000000000000002,41,144,225.99043062200968,-0.013888888888888885,0.024532685052544027,replication,z_projective,128
8,1,0.27000000000000002,0.28000000000000003,53,63,1.9970095693779939,-0.20760706798442638,0.0002167879705243389,replication,z_projective,128
8,1,0.27000000000000002,0.29999999999999999,53,105,29.955143540669791,-0.035339922132375003,0.003251819557865071,replication,z_projective,128
8,1,0.27000000000000002,0.34000000000000002,53,144,223.665071770335,-0.02557651991614256,0.024280252698725923,replication,z_projective,128
8,1,0.28000000000000003,0.29999999999999999,63,105,15.825358851674581,0.050793650793650932,0.0017179424079287139,replication,z_projective,128
8,1,0.28000000000000003,0.34000000000000002,63,144,195.33014354066987,0.0047619047619047727,0.021204317720720206,replication,z_projective,128
8,1,0.29999999999999999,0.34000000000000002,105,144,144.68899521531128,-0.018253968253968241,0.015706902015348332,replication,z_projective,128
8,2,0.23999999999999999,0.25,12,24,0.17266187050359746,-0.033333333333333298,1.874353386552359e-05,replication,z_projective,128
8,2,0.23999999999999999,0.26000000000000001,12,58,1.669064748201442,-0.043103448275862002,0.00018118749403339468,replication,z_projective,128
8,2,0.23999999999999999,0.27000000000000002,12,70,4.5323741007194327,-0.067619047619047551,0.00049201776396999412,replication,z_projective,128
8,2,0.23999999999999999,0.28000000000000003,12,88,10.129496402877715,-0.034090909090909061,0.0010996206534440501,replication,z_projective,128
8,2,0.23999999999999999,0.29999999999999999,12,101,26.158273381294968,-0.055610561056105602,0.0028396453806268187,replication,z_projective,128
8,2,0.23999999999999999,0.34000000000000002,12,64,46.043165467625933,-0.038124999999999985,0.0049982756974729509,replication,z_projective,128
8,2,0.25,0.26000000000000001,24,58,0.83453237410072101,-0.052873563218390714,9.0593747016697338e-05,replication,z_projective,128
8,2,0.25,0.27000000000000002,24,70,4.0287769784172731,-0.084761904761904691,0.00043734912352888364,replication,z_projective,128
8,2,0.25,0.28000000000000003,24,88,11.39568345323743,-0.034343434343434315,0.0012370732351245565,replication,z_projective,128
8,2,0.25,0.29999999999999999,24,101,36.33093525179855,-0.060066006600660068,0.0039439519175372461,replication,z_projective,128
8,2,0.25,0.34000000000000002,24,64,74.58992805755399,-0.038657407407407397,0.0080972066299061785,replication,z_projective,128
8,2,0.26000000000000001,0.27000000000000002,58,70,2.4340527577937694,-0.11665024630541866,0.00026423176213203389,replication,z_projective,128
8,2,0.26000000000000001,0.28000000000000003,58,88,12.23980815347724,-0.025078369905956112,0.0013287082895782276,replication,z_projective,128
8,2,0.26000000000000001,0.29999999999999999,58,101,56.191846522781717,-0.061864117446227426,0.0060999789657909366,replication,z_projective,128
8,2,0.26000000000000001,0.34000000000000002,58,64,142.4268585131895,-0.036880387931034479,0.015461332824182989,replication,z_projective,128
8,2,0.27000000000000002,0.28000000000000003,70,88,3.693045563549167,0.066493506493506438,0.00040090336323480999,replication,z_projective,128
8,2,0.27000000000000002,0.29999999999999999,70,101,38.147482014388409,-0.043602074493163646,0.0041411495134141014,replication,z_projective,128
8,2,0.27000000000000002,0.34000000000000002,70,64,131.6067146282974,-0.025484693877551021,0.014286738035276844,replication,z_projective,128
8,2,0.28000000000000003,0.29999999999999999,88,101,21.314148681055077,-0.098649864986498831,0.0023137851249551765,replication,z_projective,128
8,2,0.28000000000000003,0.34000000000000002,88,64,121.55395683453236,-0.040814393939393942,0.013195447841328579,replication,z_projective,128
8,2,0.29999999999999999,0.34000000000000002,101,64,62.004796163069656,-0.011896658415841577,0.0067310112725969141,replication,z_projective,128
8,3,0.23999999999999999,0.25,33,74,1.6108179419525093,-0.065847665847665882,0.00017486443624245806,replication,z_projective,128
8,3,0.23999999999999999,0.26000000000000001,33,71,6.1820580474934141,-0.057362355953905243,0.00067110134990348771,replication,z_projective,128
8,3,0.23999999999999999,0.27000000000000002,33,89,17.436015831134597,-0.13224378617637036,0.0018927893706784992,replication,z_projective,128
8,3,0.23999999999999999,0.28000000000000003,33,67,23.335092348285002,-0.10637720488466751,0.0025331712925934467,replication,z_projective,128
8,3,0.23999999999999999,0.29999999999999999,33,45,35.263852242744065,-0.10707070707070709,0.003828113333956508,replication,z_projective,128
8,3,0.25,0.26000000000000001,74,71,3.4656992084432781,-0.048877046060144605,0.00037622348403680377,replication,z_projective,128
8,3,0.25,0.27000000000000002,74,89,17.37730870712404,-0.16544184634072262,0.001886416342494396,replication,z_projective,128
8,3,0.25,0.28000000000000003,74,67,29.434036939314041,-0.11988705123033472,0.0031952501531576434,replication,z_projective,128
8,3,0.25,0.29999999999999999,74,45,54.914248021108165,-0.11531531531531533,0.0059612875991746951,replication,z_projective,128
8,3,0.26000000000000001,0.27000000000000002,71,89,4.1682058047493475,-0.28200664662130059,0.00045248500107129098,replication,z_projective,128
8,3,0.26000000000000001,0.28000000000000003,71,67,12.551451187335113,-0.15539205381542978,0.0013625391043495052,replication,z_projective,128
8,3,0.26000000000000001,0.29999999999999999,71,45,33.72031662269125,-0.13192488262910806,0.0036605528176553766,replication,z_projective,128
8,3,0.27000000000000002,0.28000000000000003,89,67,3.9333773087071311,-0.028777461009558945,0.00042699288833488022,replication,z_projective,128
8,3,0.27000000000000002,0.29999999999999999,89,45,23.776385224274357,-0.081897627965043782,0.0025810764145615794,replication,z_projective,128
8,3,0.28000000000000003,0.29999999999999999,67,45,7.955145118733479,-0.10845771144278628,0.00086358112247503379,replication,z_projective,128
8,4,0.22,0.23999999999999999,16,63,3.2621359223300934,-0.091071428571428664,0.00035412540681853193,replication,z_projective,128
8,4,0.22,0.25,16,72,8.3883495145631066,-0.089814814814814847,0.00091060818896194031,replication,z_projective,128
8,4,0.22,0.26000000000000001,16,68,14.084142394822013,-0.085661764705882368,0.0015289223913435054,replication,z_projective,128
8,4,0.22,0.27000000000000002,16,49,15.857605177993539,-0.054387755102040802,0.0017214429498123114,replication,z_projective,128
8,4,0.22,0.28000000000000003,16,41,19.106796116504874,-0.084247967479674779,0.0020741630970799773,replication,z_projective,128
8,4,0.23999999999999999,0.25,63,72,3.6699029126213656,-0.087301587301587241,0.00039839108267084961,replication,z_projective,128
8,4,0.23999999999999999,0.26000000000000001,63,68,13.864077669902937,-0.080252100840336071,0.0015050329789787651,replication,z_projective,128
8,4,0.23999999999999999,0.27000000000000002,63,49,22.478155339805866,-0.029931972789115607,0.0024401453813589539,replication,z_projective,128
8,4,0.23999999999999999,0.28000000000000003,63,41,33.43689320388355,-0.080836236933797836,0.0036297854198899626,replication,z_projective,128
8,4,0.25,0.26000000000000001,72,68,3.9611650485436964,-0.073202614379084888,0.00043000942256536147,replication,z_projective,128
8,4,0.25,0.27000000000000002,72,49,11.417475728155361,-0.0012471655328797893,0.0012394389238648655,replication,z_projective,128
8,4,0.25,0.28000000000000003,72,41,21.495145631067999,-0.078681120144534711,0.002333433484214976,replication,z_projective,128
8,4,0.26000000000000001,0.27000000000000002,68,49,2.695792880258904,0.070708283313325307,0.00029264530146809318,replication,z_projective,128
8,4,0.26000000000000001,0.28000000000000003,68,41,9.0226537216828664,-0.081420373027259615,0.00097946590695443484,replication,z_projective,128
8,4,0.27000000000000002,0.28000000000000003,49,41,1.6254045307443397,-0.23354902936784455,0.00017644790235576212,replication,z_projective,128
8,5,0.22,0.23999999999999999,31,69,9.722727272727262,-0.16568489948574114,0.0010554633015968412,replication,z_projective,128
8,5,0.22,0.25,31,51,16.169318181818181,-0.10204511912291801,0.0017552813602643139,replication,z_projective,128
8,5,0.22,0.26000000000000001,31,38,21.418181818181825,-0.14779286926994906,0.002325078577430726,replication,z_projective,128
8,5,0.22,0.27000000000000002,31,20,17.613636363636378,-0.15212903225806451,0.001912071198545006,replication,z_projective,128
8,5,0.22,0.28000000000000003,31,11,13.950000000000012,-0.090713587487781022,0.0015143603892476447,replication,z_projective,128
8,5,0.23999999999999999,0.25,69,51,3.9988636363636436,0.025234441602728037,0.00043410184178579889,replication,z_projective,128
8,5,0.23999999999999999,0.26000000000000001,69,38,11.918181818181839,-0.12990083905415703,0.0012937937245380672,replication,z_projective,128
8,5,0.23999999999999999,0.27000000000000002,69,20,14.113636363636388,-0.14309178743961343,0.00153212414747929,replication,z_projective,128
8,5,0.23999999999999999,0.28000000000000003,69,11,13.800000000000026,-0.05322793148880102,0.0014980769442019726,replication,z_projective,128
8,5,0.25,0.26000000000000001,51,38,2.2022727272727307,-0.28503611971104209,0.00023907057953420803,replication,z_projective,128
8,5,0.25,0.27000000000000002,51,20,4.6363636363636456,-0.22725490196078416,0.00050330648322991184,replication,z_projective,128
8,5,0.25,0.28000000000000003,51,11,5.7375000000000096,-0.079382055852644046,0.00062284177299701574,replication,z_projective,128
8,5,0.26000000000000001,0.27000000000000002,38,20,0.8636363636363652,-0.16947368421052625,9.3753168444787478e-05,replication,z_projective,128
8,5,0.26000000000000001,0.28000000000000003,38,11,1.9000000000000035,0.023444976076554991,0.00020625697057853246,replication,z_projective,128
8,5,0.27000000000000002,0.28000000000000003,20,11,0.25000000000000044,0.2163636363636362,2.7139075076122692e-05,replication,z_projective,128
8,6,0.20000000000000001,0.22,17,48,4.744186046511623,-0.067892156862745121,0.00051501128516548964,replication,z_projective,128
8,6,0.20000000000000001,0.23999999999999999,17,56,22.139534883720909,-0.062815126050420209,0.0024033859974389518,replication,z_projective,128
8,6,0.20000000000000001,0.25,17,37,22.856104651162781,-0.064228934817170125,0.0024811741603024905,replication,z_projective,128
8,6,0.20000000000000001,0.26000000000000001,17,14,12.453488372093023,-0.068067226890756297,0.0013519046235594117,replication,z_projective,128
8,6,0.22,0.23999999999999999,48,56,15.627906976744168,-0.057738095238095276,0.0016965077628980831,replication,z_projective,128
8,6,0.22,0.25,48,37,23.232558139534884,-0.061786786786786792,0.0025220405582368857,replication,z_projective,128
8,6,0.22,0.26000000000000001,48,14,15.627906976744192,-0.068154761904761899,0.0016965077628980859,replication,z_projective,128
8,6,0.23999999999999999,0.25,56,37,3.0116279069767495,-0.069884169884169844,0.00032693118347515242,replication,z_projective,128
8,6,0.23999999999999999,0.26000000000000001,56,14,4.5581395348837299,-0.0785714285714285,0.00049481476417860917,replication,z_projective,128
8,6,0.25,0.26000000000000001,37,14,0.75290697674418738,-0.08725868725868717,8.1732795868788105e-05,replication,z_projective,128
8,7,0.20000000000000001,0.22,25,63,11.091549295774637,-0.029968253968253967,0.0012040575561941724,replication,z_projective,128
8,7,0.20000000000000001,0.23999999999999999,25,33,23.23943661971828,-0.066787878787878827,0.0025227872605973127,replication,z_projective,128
8,7,0.20000000000000001,0.25,25,21,23.107394366197177,-0.093257142857142872,0.0025084532420711942,replication,z_projective,128
8,7,0.22,0.23999999999999999,63,33,14.640845070422518,-0.10360750360750368,0.0015893559741763073,replication,z_projective,128
8,7,0.22,0.25,63,21,20.963028169014084,-0.13544973544973549,0.0022756687812069882,replication,z_projective,128
8,7,0.23999999999999999,0.25,33,21,1.2200704225352135,-0.19913419913419905,0.00013244633118135934,replication,z_projective,128
8,8,0.20000000000000001,0.22,36,62,18.756302521008383,-0.10896057347670257,0.0020361148090724595,replication,z_projective,128
8,8,0.20000000000000001,0.23999999999999999,36,21,25.411764705882323,-0.034126984126984138,0.0027586071606788159,replication,z_projective,128
8,8,0.22,0.23999999999999999,62,21,10.941176470588225,0.040706605222734296,0.0011877336386256017,replication,z_projective,128
10,0,0.28000000000000003,0.29999999999999999,22,47,6.4223602484471805,-0.042166344294003975,0.0006971876677940548,replication,z_projective,128
10,0,0.28000000000000003,0.34000000000000002,22,92,113.14285714285714,-0.012714097496706192,0.012282369977308076,replication,z_projective,128
10,0,0.29999999999999999,0.34000000000000002,47,92,107.42857142857163,0.0020120259019426583,0.011662048261282438,replication,z_projective,128
10,1,0.25,0.26000000000000001,15,32,0.30769230769230826,-0.13166666666666649,3.3401938555227929e-05,replication,z_projective,128
10,1,0.25,0.27000000000000002,15,41,1.5769230769230795,-0.019186991869918634,0.0001711849350955431,replication,z_projective,128
10,1,0.25,0.28000000000000003,15,65,5.6250000000000107,-0.029401709401709358,0.0006106291892127606,replication,z_projective,128
10,1,0.25,0.29999999999999999,15,111,26.682692307692299,-0.0098018018018018026,0.0028965743590861656,replication,z_projective,128
10,1,0.25,0.34000000000000002,15,126,98.134615384615415,-0.029135802469135798,0.010653130777957992,replication,z_projective,128
10,1,0.26000000000000001,0.27000000000000002,32,41,0.84102564102564259,0.093292682926829212,9.1298632050956338e-05,replication,z_projective,128
10,1,0.26000000000000001,0.28000000000000003,32,65,5.3333333333333419,0.021730769230769199,0.000578966934957284,replication,z_projective,128
10,1,0.26000000000000001,0.29999999999999999,32,111,36.430769230769187,0.020664414414414408,0.0039547895249389745,replication,z_projective,128
10,1,0.26000000000000001,0.34000000000000002,32,126,165.41538461538468,-0.016319444444444449,0.017956882167290508,replication,z_projective,128
10,1,0.27000000000000002,0.28000000000000003,41,65,1.7083333333333364,-0.049831144465290814,0.00018545034635350505,replication,z_projective,128
10,1,0.27000000000000002,0.29999999999999999,41,111,26.255769230769172,-0.0035450084230572386,0.0028502291693407815,replication,z_projective,128
10,1,0.27000000000000002,0.34000000000000002,41,126,162.26538461538465,-0.031978319783197838,0.017614929821331358,replication,z_projective,128
10,1,0.28000000000000003,0.29999999999999999,65,111,18.499999999999929,0.019598059598059613,0.0020082915556330679,replication,z_projective,128
10,1,0.28000000000000003,0.34000000000000002,65,126,189,-0.02900284900284901,0.020517140757548718,replication,z_projective,128
10,1,0.29999999999999999,0.34000000000000002,111,126,143.44615384615406,-0.053303303303303254,0.015571983754447256,replication,z_projective,128
10,2,0.23999999999999999,0.25,15,36,0.31468531468531524,0.1955555555555554,3.4161073522392195e-05,replication,z_projective,128
10,2,0.23999999999999999,0.26000000000000001,15,58,2.0279720279720315,0.11310344827586197,0.0002201491404776386,replication,z_projective,128
10,2,0.23999999999999999,0.27000000000000002,15,88,6.9230769230769349,0.10878787878787871,0.00075154361749262834,replication,z_projective,128
10,2,0.23999999999999999,0.28000000000000003,15,88,12.30769230769233,0.030454545454545436,0.0013360775422091172,replication,z_projective,128
10,2,0.23999999999999999,0.29999999999999999,15,72,22.657342657342657,-0.0016666666666666728,0.0024595972936122339,replication,z_projective,128
10,2,0.23999999999999999,0.34000000000000002,15,72,62.937062937062983,-0.018777777777777775,0.0068322147044784327,replication,z_projective,128
10,2,0.25,0.26000000000000001,36,58,1.2167832167832191,0.030651340996168536,0.0001320894842865832,replication,z_projective,128
10,2,0.25,0.27000000000000002,36,88,7.3846153846153975,0.065404040404040381,0.00080164652532547023,replication,z_projective,128
10,2,0.25,0.28000000000000003,36,88,16.615384615384645,-0.024579124579124548,0.001803704681982308,replication,z_projective,128
10,2,0.25,0.29999999999999999,36,72,37.762237762237746,-0.041111111111111126,0.0040993288226870549,replication,z_projective,128
10,2,0.25,0.34000000000000002,36,72,122.34965034965039,-0.042592592592592592,0.013281825385506067,replication,z_projective,128
10,2,0.26000000000000001,0.27000000000000002,58,88,2.9743589743589798,0.10015673981191223,0.00032288540603386996,replication,z_projective,128
10,2,0.26000000000000001,0.28000000000000003,58,88,11.897435897435919,-0.052194357366771089,0.0012915416241354798,replication,z_projective,128
10,2,0.26000000000000001,0.29999999999999999,58,72,38.937062937062898,-0.059051724137931076,0.0042268634971706492,replication,z_projective,128
10,2,0.26000000000000001,0.34000000000000002,58,72,155.74825174825182,-0.051748084291187733,0.016907453988682621,replication,z_projective,128
10,2,0.27000000000000002,0.28000000000000003,88,88,4.5128205128205217,-0.20454545454545439,0.00048989509881000972,replication,z_projective,128
10,2,0.27000000000000002,0.29999999999999999,88,72,33.230769230769162,-0.11212121212121227,0.0036074093639646022,replication,z_projective,128
10,2,0.27000000000000002,0.34000000000000002,88,72,180.92307692307696,-0.073448773448773458,0.019640339870473991,replication,z_projective,128
10,2,0.28000000000000003,0.29999999999999999,88,72,14.769230769230713,-0.06590909090909107,0.0016032930506509316,replication,z_projective,128
10,2,0.28000000000000003,0.34000000000000002,88,72,132.92307692307691,-0.051599326599326617,0.014429637455858436,replication,z_projective,128
10,2,0.29999999999999999,0.34000000000000002,72,72,48.335664335664418,-0.044444444444444405,0.005247140893039441,replication,z_projective,128
10,3,0.23999999999999999,0.25,47,77,2.2506218905472681,-0.052832274108869821,0.00024431918582210955,replication,z_projective,128
10,3,0.23999999999999999,0.26000000000000001,47,73,8.534825870646781,-0.075837948120081544,0.00092650912026046711,replication,z_projective,128
10,3,0.23999999999999999,0.27000000000000002,47,75,19.729477611940332,-0.04342316784869972,0.002141759096492518,replication,z_projective,128
10,3,0.23999999999999999,0.28000000000000003,47,80,37.412935323383152,-0.038484042553191454,0.0040614098422376644,replication,z_projective,128
10,3,0.23999999999999999,0.29999999999999999,47,50,52.611940298507463,-0.067489361702127659,0.0057113575906467054,replication,z_projective,128
10,3,0.25,0.26000000000000001,77,73,3.4956467661691604,-0.098843622131293274,0.00037947448010668068,replication,z_projective,128
10,3,0.25,0.27000000000000002,77,75,14.365671641791069,-0.038718614718614673,0.0015594841648219754,replication,z_projective,128
10,3,0.25,0.28000000000000003,77,80,34.477611940298573,-0.033701298701298663,0.0037427619955727417,replication,z_projective,128
10,3,0.25,0.29999999999999999,77,50,59.856965174129328,-0.070420779220779245,0.0064978506867582175,replication,z_projective,128
10,3,0.26000000000000001,0.27000000000000002,73,75,3.404850746268663,0.021406392694063924,0.00036961800010390983,replication,z_projective,128
10,3,0.26000000000000001,0.28000000000000003,73,80,14.527363184079627,-0.0011301369863013627,0.0015770368004433483,replication,z_projective,128
10,3,0.26000000000000001,0.29999999999999999,73,50,36.318407960198961,-0.063315068493150731,0.003942592001108359,replication,z_projective,128
10,3,0.27000000000000002,0.28000000000000003,75,80,3.7313432835820959,-0.023666666666666648,0.00040506082203168193,replication,z_projective,128
10,3,0.27000000000000002,0.29999999999999999,75,50,20.988805970149212,-0.091555555555555668,0.0022784671239282025,replication,z_projective,128
10,3,0.28000000000000003,0.29999999999999999,80,50,9.9502487562188655,-0.12550000000000025,0.0010801621920844789,replication,z_projective,128
10,4,0.22,0.23999999999999999,16,72,3.4082840236686356,-0.045833333333333379,0.00036999070399636988,replication,z_projective,128
10,4,0.22,0.25,16,76,8.0946745562130182,0.0092105263157894832,0.00087872792199137934,replication,z_projective,128
10,4,0.22,0.26000000000000001,16,72,13.633136094674564,-0.021527777777777774,0.0014799628159854817,replication,z_projective,128
10,4,0.22,0.27000000000000002,16,54,15.976331360946757,-0.045740740740740735,0.0017343314249829867,replication,z_projective,128
10,4,0.22,0.28000000000000003,16,30,12.781065088757407,-0.049722222222222209,0.0013874651399863895,replication,z_projective,128
10,4,0.22,0.29999999999999999,16,18,13.633136094674549,-0.043402777777777783,0.0014799628159854802,replication,z_projective,128
10,4,0.23999999999999999,0.25,72,76,4.0473372781065162,0.11929824561403504,0.00043936396099569043,replication,z_projective,128
10,4,0.23999999999999999,0.26000000000000001,72,72,15.337278106508904,0.0027777777777777931,0.0016649581679836691,replication,z_projective,128
10,4,0.23999999999999999,0.27000000000000002,72,54,25.881656804733773,-0.045679012345678963,0.0028096169084724414,replication,z_projective,128
10,4,0.23999999999999999,0.28000000000000003,72,30,25.562130177514835,-0.051666666666666618,0.0027749302799727812,replication,z_projective,128
10,4,0.23999999999999999,0.29999999999999999,72,18,34.508875739644971,-0.042592592592592592,0.0037461558779632487,replication,z_projective,128
10,4,0.25,0.26000000000000001,76,72,4.0473372781065162,-0.11374269005847946,0.00043936396099569043,replication,z_projective,128
10,4,0.25,0.27000000000000002,76,54,12.142011834319549,-0.12816764132553599,0.0013180918829870712,replication,z_projective,128
10,4,0.25,0.28000000000000003,76,30,15.177514792899435,-0.10865497076023385,0.0016476148537338392,replication,z_projective,128
10,4,0.25,0.29999999999999999,76,18,25.295857988165672,-0.074970760233918146,0.0027460247562230596,replication,z_projective,128
10,4,0.26000000000000001,0.27000000000000002,72,54,2.8757396449704196,-0.14259259259259247,0.00031217965649693797,replication,z_projective,128
10,4,0.26000000000000001,0.28000000000000003,72,30,6.3905325443787087,-0.10611111111111103,0.00069373256999319529,replication,z_projective,128
10,4,0.26000000000000001,0.29999999999999999,72,18,15.337278106508858,-0.06527777777777781,0.0016649581679836641,replication,z_projective,128
10,4,0.27000000000000002,0.28000000000000003,54,30,1.1982248520710082,-0.069629629629629597,0.00013007485687372414,replication,z_projective,128
10,4,0.27000000000000002,0.29999999999999999,54,18,6.4704142011834183,-0.0395061728395062,0.00070240422711810764,replication,z_projective,128
10,4,0.28000000000000003,0.29999999999999999,30,18,1.5976331360946683,-0.02444444444444446,0.00017343314249829787,replication,z_projective,128
10,5,0.22,0.23999999999999999,39,66,11.339207048458135,-0.031934731934732001,0.0012309423655672174,replication,z_projective,128
10,5,0.22,0.25,39,44,17.008810572687224,-0.088966588966588975,0.0018464135483508286,replication,z_projective,128
10,5,0.22,0.26000000000000001,39,37,25.42731277533041,-0.046638946638946646,0.0027602950015749774,replication,z_projective,128
10,5,0.22,0.27000000000000002,39,28,30.066079295154207,-0.061172161172161163,0.0032638623329433862,replication,z_projective,128
10,5,0.22,0.28000000000000003,39,13,20.101321585903101,-0.027350427350427357,0.0021821251025964357,replication,z_projective,128
10,5,0.23999999999999999,0.25,66,44,3.1982378854625604,-0.20303030303030278,0.00034718887233947264,replication,z_projective,128
10,5,0.23999999999999999,0.26000000000000001,66,37,10.757709251101339,-0.06134316134316127,0.0011678171160509534,replication,z_projective,128
10,5,0.23999999999999999,0.27000000000000002,66,28,18.317180616740121,-0.080663780663780577,0.0019884453597624344,replication,z_projective,128
10,5,0.23999999999999999,0.28000000000000003,66,13,15.118942731277562,-0.025058275058275042,0.0016412564874229618,replication,z_projective,128
10,5,0.25,0.26000000000000001,44,37,1.7929515418502233,0.080343980343980242,0.00019463618600849223,replication,z_projective,128
10,5,0.25,0.27000000000000002,44,28,5.4273127753304058,-0.01948051948051948,0.0005891689954851657,replication,z_projective,128
10,5,0.25,0.28000000000000003,44,13,5.6696035242290854,0.034265734265734205,0.00061547118278361065,replication,z_projective,128
10,5,0.26000000000000001,0.27000000000000002,37,28,1.1409691629955969,-0.11930501930501919,0.00012385939109631327,replication,z_projective,128
10,5,0.26000000000000001,0.28000000000000003,37,13,2.1189427312775364,0.011226611226611189,0.00023002458346458169,replication,z_projective,128
10,5,0.27000000000000002,0.28000000000000003,28,13,0.40088105726872314,0.14175824175824156,4.3518164439245192e-05,replication,z_projective,128
10,6,0.22,0.23999999999999999,63,49,19.916129032258045,0.0058956916099773306,0.0021620212841287874,replication,z_projective,128
10,6,0.22,0.25,63,31,28.349999999999998,-0.06076122205154464,0.0030775711136323074,replication,z_projective,128
10,6,0.22,0.26000000000000001,63,12,19.509677419354844,-0.10793650793650791,0.0021178984007792232,replication,z_projective,128
10,6,0.23999999999999999,0.25,49,31,2.4500000000000046,-0.19407504937458842,0.0002659629357460024,replication,z_projective,128
10,6,0.23999999999999999,0.26000000000000001,49,12,3.7935483870967812,-0.22176870748299302,0.00041181357792929402,replication,z_projective,128
10,6,0.25,0.26000000000000001,31,12,0.60000000000000109,-0.24946236559139762,6.5133780182694465e-05,replication,z_projective,128
10,7,0.20000000000000001,0.22,28,54,12.095999999999986,-0.040211640211640247,0.0013130970084831164,replication,z_projective,128
10,7,0.20000000000000001,0.23999999999999999,28,29,25.983999999999973,-0.10024630541871928,0.0028207269071118799,replication,z_projective,128
10,7,0.20000000000000001,0.25,28,14,19.599999999999994,-0.028571428571428584,0.0021277034859680144,replication,z_projective,128
10,7,0.22,0.23999999999999999,54,29,12.527999999999986,-0.1602809706257983,0.0013599933302146563,replication,z_projective,128
10,7,0.22,0.25,54,14,13.607999999999999,-0.02081128747795415,0.0014772341345435076,replication,z_projective,128
10,7,0.23999999999999999,0.25,29,14,0.81200000000000139,0.25812807881773375,8.8147715847246492e-05,replication,z_projective,128
10,8,0.20000000000000001,0.22,43,45,19.158415841584137,-0.12868217054263573,0.0020797667434573172,replication,z_projective,128
10,8,0.20000000000000001,0.23999999999999999,43,13,22.138613861386116,-0.028443649373881958,0.0024032860146617888,replication,z_projective,128
10,8,0.22,0.23999999999999999,45,13,5.7920792079207848,0.071794871794871817,0.00062876668988244458,replication,z_projective,128
6,0,0.27000000000000002,0.28000000000000003,11,24,0.38150289017341105,-0.21060606060606038,5.9994288159624216e-05,replication,z_projective,256
6,0,0.27000000000000002,0.29999999999999999,11,45,6.4378612716762866,-0.05575757575757577,0.0010124036126936548,replication,z_projective,256
6,0,0.27000000000000002,0.34000000000000002,11,93,72.437861271676326,-0.025247870409160714,0.011391415464308633,replication,z_projective,256
6,0,0.28000000000000003,0.29999999999999999,24,45,6.2427745664739653,0.021666666666666765,0.00098172471533930017,replication,z_projective,256
6,0,0.28000000000000003,0.34000000000000002,24,93,116.11560693641619,0.0056451612903225907,0.018260079705311048,replication,z_projective,256
6,0,0.29999999999999999,0.34000000000000002,45,93,96.763005780346987,-0.0023655913978494736,0.015216733087759234,replication,z_projective,256
6,1,0.26000000000000001,0.27000000000000002,14,34,0.36842105263157959,0.26218487394957962,5.7937067752236788e-05,replication,z_projective,256
6,1,0.26000000000000001,0.28000000000000003,14,54,2.3405572755418,0.028042328042328039,0.00036807078336715138,replication,z_projective,256
6,1,0.26000000000000001,0.29999999999999999,14,93,16.123839009287906,0.013901689708141325,0.0025355987298625905,replication,z_projective,256
6,1,0.26000000000000001,0.34000000000000002,14,128,88.76780185758517,-0.011551339285714281,0.01395942526548009,replication,z_projective,256
6,1,0.27000000000000002,0.28000000000000003,34,54,1.42105263157895,-0.20610021786492352,0.00022347154704434192,replication,z_projective,256
6,1,0.27000000000000002,0.29999999999999999,34,93,22.026315789473639,-0.068859371705671593,0.003463808979187286,replication,z_projective,256
6,1,0.27000000000000002,0.34000000000000002,34,128,165.0526315789474,-0.05065651260504201,0.025955806353002039,replication,z_projective,256
6,1,0.28000000000000003,0.29999999999999999,54,93,15.547987616099011,-0.00023894862604542701,0.0024450416323674915,replication,z_projective,256
6,1,0.28000000000000003,0.34000000000000002,54,128,192.59442724458205,-0.024749228395061731,0.030286967317068404,replication,z_projective,256
6,1,0.29999999999999999,0.34000000000000002,93,128,147.41795665634703,-0.037004368279569849,0.023182616958743758,replication,z_projective,256
6,2,0.25,0.26000000000000001,12,28,0.24000000000000044,0.02380952380952376,3.774186127859997e-05,replication,z_projective,256
6,2,0.25,0.27000000000000002,12,68,2.3314285714285758,-0.060784313725490147,0.00036663522384925687,replication,z_projective,256
6,2,0.25,0.28000000000000003,12,83,6.4028571428571537,-0.041633199464524727,0.0010068989419683633,replication,z_projective,256
6,2,0.25,0.29999999999999999,12,95,20.357142857142847,-0.042877192982456146,0.0032013185905955255,replication,z_projective,256
6,2,0.25,0.34000000000000002,12,64,44.434285714285735,-0.032870370370370369,0.0069876360310093559,replication,z_projective,256
6,2,0.26000000000000001,0.27000000000000002,28,68,1.3600000000000023,-0.14537815126050405,0.0002138705472453998,replication,z_projective,256
6,2,0.26000000000000001,0.28000000000000003,28,83,6.6400000000000121,-0.074354561101548963,0.0010441914953745991,replication,z_projective,256
6,2,0.26000000000000001,0.29999999999999999,28,95,30.399999999999963,-0.05954887218045115,0.004780635761955981,replication,z_projective,256
6,2,0.26000000000000001,0.34000000000000002,28,64,81.92000000000003,-0.03995535714285714,0.012882555316428771,replication,z_projective,256
6,2,0.27000000000000002,0.28000000000000003,68,83,4.0314285714285782,-0.0033309709425938775,0.00063397340790600652,replication,z_projective,256
6,2,0.27000000000000002,0.29999999999999999,68,95,41.52857142857134,-0.030939112487100125,0.0065306899248148611,replication,z_projective,256
6,2,0.27000000000000002,0.34000000000000002,68,64,152.32000000000002,-0.024894957983193283,0.023953501291484738,replication,z_projective,256
6,2,0.28000000000000003,0.29999999999999999,83,95,22.528571428571343,-0.044743183259353281,0.0035427925735923701,replication,z_projective,256
6,2,0.28000000000000003,0.34000000000000002,83,64,136.59428571428572,-0.028488955823293183,0.021480510761991714,replication,z_projective,256
6,2,0.29999999999999999,0.34000000000000002,95,64,69.485714285714394,-0.020361842105263161,0.010927167455899417,replication,z_projective,256
6,3,0.25,0.26000000000000001,19,57,0.87338709677419513,-0.23859649122806997,0.00013734689437071157,replication,z_projective,256
6,3,0.25,0.27000000000000002,19,90,5.5161290322580756,-0.19029239766081854,0.00086745406970975753,replication,z_projective,256
6,3,0.25,0.28000000000000003,19,81,11.1701612903226,-0.16027723630062798,0.0017565944911622584,replication,z_projective,256
6,3,0.25,0.29999999999999999,19,50,19.153225806451605,-0.11309473684210529,0.0030119932976033171,replication,z_projective,256
6,3,0.25,0.34000000000000002,19,13,16.134677419354844,-0.05865946918578497,0.0025373031539010363,replication,z_projective,256
6,3,0.26000000000000001,0.27000000000000002,57,90,4.1370967741935551,-0.14198830409356708,0.0006505905522823179,replication,z_projective,256
6,3,0.26000000000000001,0.28000000000000003,57,81,14.893548387096798,-0.12111760883690698,0.0023421259882163443,replication,z_projective,256
6,3,0.26000000000000001,0.29999999999999999,57,50,36.774193548387053,-0.08171929824561408,0.0057830271313983649,replication,z_projective,256
6,3,0.26000000000000001,0.34000000000000002,57,13,38.245161290322592,-0.036167341430499315,0.0060143482166543083,replication,z_projective,256
6,3,0.27000000000000002,0.28000000000000003,90,81,5.8790322580645267,-0.10024691358024689,0.00092452341640118871,replication,z_projective,256
6,3,0.27000000000000002,0.29999999999999999,90,50,32.661290322580577,-0.061629629629629708,0.0051362412022288063,replication,z_projective,256
6,3,0.27000000000000002,0.34000000000000002,90,13,46.23387096774195,-0.021050061050061054,0.00727063476848835,replication,z_projective,256
6,3,0.28000000000000003,0.29999999999999999,81,50,13.064516129032208,-0.04232098765432106,0.0020544964808915187,replication,z_projective,256
6,3,0.28000000000000003,0.34000000000000002,81,13,30.570967741935487,-0.0078505856283634014,0.0048075217652861733,replication,z_projective,256
6,3,0.29999999999999999,0.34000000000000002,50,13,8.3870967741935623,0.0093846153846153784,0.0013189360124241923,replication,z_projective,256
6,4,0.23999999999999999,0.25,17,40,0.74235807860262137,-0.044117647058823553,0.00011674156509028373,replication,z_projective,256
6,4,0.23999999999999999,0.26000000000000001,17,66,4.8995633187773011,-0.19857397504456314,0.00077049432959587266,replication,z_projective,256
6,4,0.23999999999999999,0.27000000000000002,17,50,8.3515283842794901,-0.10603921568627445,0.0013133426072656918,replication,z_projective,256
6,4,0.23999999999999999,0.28000000000000003,17,41,12.17467248908299,-0.077187948350071686,0.0019145616674806532,replication,z_projective,256
6,4,0.23999999999999999,0.29999999999999999,17,15,10.021834061135372,-0.10901960784313729,0.0015760111287188279,replication,z_projective,256
6,4,0.25,0.26000000000000001,40,66,2.882096069869001,-0.35303030303030269,0.00045323195858580748,replication,z_projective,256
6,4,0.25,0.27000000000000002,40,50,8.7336244541484866,-0.1369999999999999,0.0013734301775327497,replication,z_projective,256
6,4,0.25,0.28000000000000003,40,41,16.113537117903959,-0.088211382113821069,0.0025339786775479237,replication,z_projective,256
6,4,0.25,0.29999999999999999,40,15,16.375545851528379,-0.12200000000000004,0.0025751815828739008,replication,z_projective,256
6,4,0.26000000000000001,0.27000000000000002,66,50,3.6026200873362506,0.079030303030302951,0.00056653994823225922,replication,z_projective,256
6,4,0.26000000000000001,0.28000000000000003,66,41,11.816593886462904,0.044198078344419765,0.0018582510302018107,replication,z_projective,256
6,4,0.26000000000000001,0.29999999999999999,66,15,17.292576419213951,-0.064242424242424295,0.0027193917515148363,replication,z_projective,256
6,4,0.27000000000000002,0.28000000000000003,50,41,2.2379912663755492,0.009365853658536585,0.00035194148299276708,replication,z_projective,256
6,4,0.27000000000000002,0.29999999999999999,50,15,7.3689956331877573,-0.11200000000000014,0.0011588317122932532,replication,z_projective,256
6,4,0.28000000000000003,0.29999999999999999,41,15,2.6855895196506454,-0.17268292682926867,0.0004223297795913183,replication,z_projective,256
6,5,0.23999999999999999,0.25,30,50,2.0053475935828913,0.042666666666666651,0.00031535646121824836,replication,z_projective,256
6,5,0.23999999999999999,0.26000000000000001,30,66,10.588235294117665,-0.047878787878787799,0.0016650821152323512,replication,z_projective,256
6,5,0.23999999999999999,0.27000000000000002,30,31,11.189839572192534,-0.080143369175627172,0.0017596890535978261,replication,z_projective,256
6,5,0.23999999999999999,0.28000000000000003,30,10,6.4171122994652512,-0.053333333333333267,0.0010091406758983947,replication,z_projective,256
6,5,0.25,0.26000000000000001,50,66,4.4117647058823604,-0.13842424242424226,0.00069378421468014641,replication,z_projective,256
6,5,0.25,0.27000000000000002,50,31,8.2887700534759503,-0.14154838709677406,0.0013034733730354266,replication,z_projective,256
6,5,0.25,0.28000000000000003,50,10,6.0160427807486743,-0.085333333333333247,0.00094606938365474525,replication,z_projective,256
6,5,0.26000000000000001,0.27000000000000002,66,31,2.7352941176470633,-0.14467253176930592,0.00043014621310169071,replication,z_projective,256
6,5,0.26000000000000001,0.28000000000000003,66,10,3.5294117647058885,-0.058787878787878743,0.00055502737174411708,replication,z_projective,256
6,5,0.27000000000000002,0.28000000000000003,31,10,0.41443850267379756,0.027096774193548421,6.5173668651771343e-05,replication,z_projective,256
6,6,0.23999999999999999,0.25,30,56,3.0882352941176525,-0.17238095238095222,0.00048564895027610247,replication,z_projective,256
6,6,0.23999999999999999,0.26000000000000001,30,39,8.602941176470603,-0.15230769230769217,0.0013528792186262855,replication,z_projective,256
6,6,0.23999999999999999,0.27000000000000002,30,11,5.459558823529421,-0.15313131313131298,0.00085855796566668109,replication,z_projective,256
6,6,0.25,0.26000000000000001,56,39,4.0147058823529482,-0.13223443223443215,0.00063134363535893325,replication,z_projective,256
6,6,0.25,0.27000000000000002,56,11,4.5294117647058911,-0.14350649350649336,0.00071228512707161712,replication,z_projective,256
6,6,0.26000000000000001,0.27000000000000002,39,11,0.78860294117647189,-0.15477855477855459,0.00012401392837407615,replication,z_projective,256
6,7,0.23999999999999999,0.25,53,56,5.9360000000000106,-0.19272237196765485,0.00093348203562403911,replication,z_projective,256
6,7,0.23999999999999999,0.26000000000000001,53,16,6.7840000000000122,-0.10707547169811314,0.001066836612141759,replication,z_projective,256
6,7,0.25,0.26000000000000001,56,16,1.7920000000000031,-0.021428571428571418,0.00028180589754687974,replication,z_projective,256
6,8,0.22,0.23999999999999999,11,50,5.1401869158878455,-0.18690909090909102,0.0008083342563563055,replication,z_projective,256
6,8,0.22,0.25,11,35,8.0957943925233646,-0.15965367965367969,0.0012731264537611823,replication,z_projective,256
6,8,0.22,0.26000000000000001,11,11,4.5233644859813102,-0.16363636363636361,0.00071133414559354979,replication,z_projective,256
6,8,0.23999999999999999,0.25,50,35,4.0887850467289795,-0.10514285714285705,0.00064299315846524474,replication,z_projective,256
6,8,0.23999999999999999,0.26000000000000001,50,11,5.1401869158878597,-0.14036363636363625,0.00080833425635630767,replication,z_projective,256
6,8,0.25,0.26000000000000001,35,11,0.8995327102803754,-0.1755844155844154,0.00014145849486235383,replication,z_projective,256
6,9,0.22,0.23999999999999999,21,42,10.888888888888879,-0.019047619047619081,0.0017123622246772161,replication,z_projective,256
6,9,0.22,0.25,21,18,10.5,0.10476190476190478,0.0016512064309387455,replication,z_projective,256
6,9,0.23999999999999999,0.25,42,18,2.3333333333333379,0.35238095238095213,0.00036693476243083306,replication,z_projective,256
8,0,0.28000000000000003,0.29999999999999999,21,33,4.9148936170212592,-0.021645021645021675,0.00077290513788621856,replication,z_projective,256
8,0,0.28000000000000003,0.34000000000000002,21,87,116.61702127659575,-0.02233169129720854,0.018338930998936707,replication,z_projective,256
8,0,0.29999999999999999,0.34000000000000002,33,87,81.446808510638434,-0.022675026123301974,0.012808142284971688,replication,z_projective,256
8,1,0.26000000000000001,0.27000000000000002,13,26,0.24212034383954198,-0.076923076923076802,3.8075301791328761e-05,replication,z_projective,256
8,1,0.26000000000000001,0.28000000000000003,13,81,3.0171919770773692,-0.090408357075023621,0.00047447683770732765,replication,z_projective,256
8,1,0.26000000000000001,0.29999999999999999,13,99,14.750716332378206,-0.042735042735042743,0.0023196645399024838,replication,z_projective,256
8,1,0.26000000000000001,0.34000000000000002,13,130,77.478510028653318,-0.039615384615384601,0.012184096573225186,replication,z_projective,256
8,1,0.27000000000000002,0.28000000000000003,26,81,1.5085959885386846,-0.10389363722697044,0.00023723841885366382,replication,z_projective,256
8,1,0.27000000000000002,0.29999999999999999,26,99,16.594555873925469,-0.031339031339031369,0.0026096226073902924,replication,z_projective,256
8,1,0.27000000000000002,0.34000000000000002,26,130,118.63896848137539,-0.03428571428571428,0.018656897877751065,replication,z_projective,256
8,1,0.28000000000000003,0.29999999999999999,81,99,22.977077363896761,0.0049382716049382698,0.0036133236102327058,replication,z_projective,256
8,1,0.28000000000000003,0.34000000000000002,81,130,271.5472779369627,-0.022684393795504909,0.042702915393659405,replication,z_projective,256
8,1,0.29999999999999999,0.34000000000000002,99,130,147.50716332378252,-0.036495726495726459,0.023196645399024912,replication,z_projective,256
8,2,0.26000000000000001,0.27000000000000002,42,76,2.3333333333333379,-0.21102756892230559,0.00036693476243083306,replication,z_projective,256
8,2,0.26000000000000001,0.28000000000000003,42,67,8.2280701754386101,-0.12523098791755499,0.0012939278464666215,replication,z_projective,256
8,2,0.26000000000000001,0.29999999999999999,42,90,44.21052631578943,-0.077142857142857194,0.0069524481302683959,replication,z_projective,256
8,2,0.26000000000000001,0.34000000000000002,42,67,131.64912280701759,-0.074591329068941004,0.020702845543465916,replication,z_projective,256
8,2,0.27000000000000002,0.28000000000000003,76,67,3.7222222222222285,-0.039434406912804386,0.00058534831149680499,replication,z_projective,256
8,2,0.27000000000000002,0.29999999999999999,76,90,44.999999999999908,-0.032514619883040975,0.0070765989897374664,replication,z_projective,256
8,2,0.27000000000000002,0.34000000000000002,76,67,182.38888888888894,-0.055100437661317475,0.028682067263343405,replication,z_projective,256
8,2,0.28000000000000003,0.29999999999999999,67,90,17.631578947368357,-0.029054726368159256,0.0027727025281427458,replication,z_projective,256
8,2,0.28000000000000003,0.34000000000000002,67,67,118.13157894736841,-0.057711442786069655,0.018577106938556461,replication,z_projective,256
8,2,0.29999999999999999,0.34000000000000002,90,67,70.526315789473799,-0.072039800995024814,0.011090810112571041,replication,z_projective,256
8,3,0.25,0.26000000000000001,20,48,0.88888888888889039,-0.2483333333333331,0.0001397846714022221,replication,z_projective,256
8,3,0.25,0.27000000000000002,20,72,5.3333333333333419,-0.094999999999999904,0.00083870802841333242,replication,z_projective,256
8,3,0.25,0.28000000000000003,20,68,11.333333333333353,-0.093725490196078357,0.0017822545603783317,replication,z_projective,256
8,3,0.25,0.29999999999999999,20,48,22.222222222222214,-0.063000000000000014,0.0034946167850555447,replication,z_projective,256
8,3,0.25,0.34000000000000002,20,14,21.000000000000007,-0.080634920634920629,0.0033024128618774923,replication,z_projective,256
8,3,0.26000000000000001,0.27000000000000002,48,72,3.2000000000000055,0.0583333333333333,0.00050322481704799949,replication,z_projective,256
8,3,0.26000000000000001,0.28000000000000003,48,68,12.08888888888891,-0.016421568627450978,0.0019010715310702204,replication,z_projective,256
8,3,0.26000000000000001,0.29999999999999999,48,48,34.13333333333329,-0.016666666666666684,0.005367731381845312,replication,z_projective,256
8,3,0.26000000000000001,0.34000000000000002,48,14,39.822222222222237,-0.059672619047619044,0.0062623532788195413,replication,z_projective,256
8,3,0.27000000000000002,0.28000000000000003,72,68,4.5333333333333421,-0.091176470588235248,0.00071290182415133284,replication,z_projective,256
8,3,0.27000000000000002,0.29999999999999999,72,48,28.799999999999944,-0.041666666666666727,0.0045290233534319791,replication,z_projective,256
8,3,0.27000000000000002,0.34000000000000002,72,14,45.733333333333341,-0.076530612244897961,0.0071919213436443157,replication,z_projective,256
8,3,0.28000000000000003,0.29999999999999999,68,48,12.088888888888842,-0.016911764705882387,0.0019010715310702098,replication,z_projective,256
8,3,0.28000000000000003,0.34000000000000002,68,14,31.733333333333338,-0.074089635854341751,0.0049903127690593208,replication,z_projective,256
8,3,0.29999999999999999,0.34000000000000002,48,14,9.9555555555555735,-0.10267857142857136,0.0015655883197048875,replication,z_projective,256
8,4,0.23999999999999999,0.25,13,34,0.43333333333333413,-0.071493212669683268,6.814502730858327e-05,replication,z_projective,256
8,4,0.23999999999999999,0.26000000000000001,13,73,3.7215686274509867,-0.093361433087460421,0.00058524552865018566,replication,z_projective,256
8,4,0.23999999999999999,0.27000000000000002,13,64,7.3411764705882474,-0.14294871794871786,0.0011544569332277636,replication,z_projective,256
8,4,0.23999999999999999,0.28000000000000003,13,47,9.5843137254902135,-0.091653027823240529,0.0015072076628251359,replication,z_projective,256
8,4,0.23999999999999999,0.29999999999999999,13,24,11.011764705882353,-0.086752136752136777,0.0017316853998416424,replication,z_projective,256
8,4,0.25,0.26000000000000001,34,73,2.4333333333333376,-0.11522965350523758,0.00038266053796358297,replication,z_projective,256
8,4,0.25,0.27000000000000002,34,64,8.5333333333333474,-0.17867647058823513,0.0013419328454613319,replication,z_projective,256
8,4,0.25,0.28000000000000003,34,47,14.100000000000025,-0.098372966207759621,0.0022173343501177478,replication,z_projective,256
8,4,0.25,0.29999999999999999,34,24,19.999999999999993,-0.089803921568627473,0.0031451551065499904,replication,z_projective,256
8,4,0.26000000000000001,0.27000000000000002,73,64,4.5803921568627537,-0.2421232876712327,0.00072030218910792098,replication,z_projective,256
8,4,0.26000000000000001,0.28000000000000003,73,47,13.454901960784339,-0.089944622559020637,0.0021158876805045181,replication,z_projective,256
8,4,0.26000000000000001,0.29999999999999999,73,24,27.48235294117644,-0.083447488584474941,0.0043218131346475135,replication,z_projective,256
8,4,0.27000000000000002,0.28000000000000003,64,47,2.9490196078431428,0.062234042553191427,0.00046375620394619572,replication,z_projective,256
8,4,0.27000000000000002,0.29999999999999999,64,24,13.552941176470561,-0.030555555555555589,0.0021313051074974016,replication,z_projective,256
8,4,0.28000000000000003,0.29999999999999999,47,24,4.4235294117646902,-0.076950354609929217,0.00069563430591928978,replication,z_projective,256
8,5,0.23999999999999999,0.25,33,65,2.7083333333333379,0.11561771561771557,0.00042590642067864539,replication,z_projective,256
8,5,0.23999999999999999,0.26000000000000001,33,56,9.3333333333333517,-0.071861471861471779,0.0014677390497233322,replication,z_projective,256
8,5,0.23999999999999999,0.27000000000000002,33,30,11.250000000000021,-0.042828282828282792,0.0017691497474343735,replication,z_projective,256
8,5,0.23999999999999999,0.28000000000000003,33,14,9.3333333333333517,-0.10735930735930727,0.0014677390497233322,replication,z_projective,256
8,5,0.25,0.26000000000000001,65,56,4.5959595959596049,-0.25934065934065914,0.00072275028963648936,replication,z_projective,256
8,5,0.25,0.27000000000000002,65,30,9.8484848484848655,-0.12205128205128196,0.0015487506206496198,replication,z_projective,256
8,5,0.25,0.28000000000000003,65,14,10.340909090909109,-0.18168498168498154,0.0016261881516821009,replication,z_projective,256
8,5,0.26000000000000001,0.27000000000000002,56,30,2.1212121212121247,0.015238095238095203,0.00033357705675530265,replication,z_projective,256
8,5,0.26000000000000001,0.28000000000000003,56,14,3.9595959595959669,-0.14285714285714274,0.00062267717260989846,replication,z_projective,256
8,5,0.27000000000000002,0.28000000000000003,30,14,0.53030303030303116,-0.30095238095238069,8.3394264188825664e-05,replication,z_projective,256
8,6,0.23999999999999999,0.25,33,55,3.3363970588235357,0.089696969696969636,0.00052467431235186078,replication,z_projective,256
8,6,0.23999999999999999,0.26000000000000001,33,27,6.5514705882353068,-0.10370370370370362,0.0010302695588000176,replication,z_projective,256
8,6,0.23999999999999999,0.27000000000000002,33,21,11.465073529411786,-0.082539682539682468,0.0018029717279000306,replication,z_projective,256
8,6,0.25,0.26000000000000001,55,27,2.7297794117647105,-0.29710437710437687,0.00042927898283334054,replication,z_projective,256
8,6,0.25,0.27000000000000002,55,21,8.4926470588235432,-0.16865800865800853,0.0013355346132592817,replication,z_projective,256
8,6,0.26000000000000001,0.27000000000000002,27,21,1.0422794117647076,-0.040211640211640164,0.00016390652071818457,replication,z_projective,256
8,7,0.23999999999999999,0.25,54,50,5.3149606299212691,-0.16770370370370355,0.00083581877831545191,replication,z_projective,256
8,7,0.23999999999999999,0.26000000000000001,54,23,9.7795275590551363,-0.28228663446054725,0.0015379065521004319,replication,z_projective,256
8,7,0.25,0.26000000000000001,50,23,2.2637795275590595,-0.39686956521739103,0.00035599688706028517,replication,z_projective,256
8,8,0.23999999999999999,0.25,59,34,4.643518518518527,-0.05004985044865401,0.00073022929904389988,replication,z_projective,256
8,8,0.23999999999999999,0.26000000000000001,59,15,8.1944444444444589,-0.17129943502824849,0.0012886399394892349,replication,z_projective,256
8,8,0.25,0.26000000000000001,34,15,1.1805555555555578,-0.29254901960784291,0.00018565151670607626,replication,z_projective,256
8,9,0.22,0.23999999999999999,23,52,12.204081632653047,-0.11070234113712384,0.0019191864833845843,replication,z_projective,256
8,9,0.22,0.25,23,23,12.145408163265305,-0.17391304347826089,0.0019099596252913913,replication,z_projective,256
8,9,0.23999999999999999,0.25,52,23,3.0510204081632706,-0.30033444816053484,0.00047979662084614749,replication,z_projective,256
10,0,0.27000000000000002,0.28000000000000003,12,18,0.34177215189873472,-0.15555555555555542,5.3746321441044243e-05,replication,z_projective,256
10,0,0.27000000000000002,0.29999999999999999,12,31,5.2974683544303689,-0.007168458781362008,0.00083306798233618272,replication,z_projective,256
10,0,0.27000000000000002,0.34000000000000002,12,97,90.246835443037995,-0.010407461953853701,0.014192014767182386,replication,z_projective,256
10,0,0.28000000000000003,0.29999999999999999,18,31,3.53164556962024,0.067025089605734903,0.00055537865489078758,replication,z_projective,256
10,0,0.28000000000000003,0.34000000000000002,18,97,99.455696202531641,0.013783886979763274,0.015640179539343851,replication,z_projective,256
10,0,0.29999999999999999,0.34000000000000002,31,97,76.126582278481152,-0.012836714333222464,0.011971495449868154,replication,z_projective,256
10,1,0.26000000000000001,0.27000000000000002,17,41,0.52327327327327411,0.065997130559540929,8.2288780377828366e-05,replication,z_projective,256
10,1,0.26000000000000001,0.28000000000000003,17,62,3.1651651651651704,-0.035294117647058774,0.00049774676911466917,replication,z_projective,256
10,1,0.26000000000000001,0.29999999999999999,17,101,20.624624624624602,-0.054280722189866071,0.0032433821729407385,replication,z_projective,256
10,1,0.26000000000000001,0.34000000000000002,17,112,91.483483483483511,-0.018644957983193277,0.014386487262152999,replication,z_projective,256
10,1,0.27000000000000002,0.28000000000000003,41,62,1.9084084084084119,-0.13658536585365849,0.00030011202255443293,replication,z_projective,256
10,1,0.27000000000000002,0.29999999999999999,41,101,27.979729729729673,-0.094373339773001816,0.0044000294919673945,replication,z_projective,256
10,1,0.27000000000000002,0.34000000000000002,41,112,168.92492492492497,-0.0307366849178696,0.026564754512560084,replication,z_projective,256
10,1,0.28000000000000003,0.29999999999999999,62,101,18.804804804804732,-0.073267326732673416,0.002957201392975371,replication,z_projective,256
10,1,0.28000000000000003,0.34000000000000002,62,112,187.67567567567568,-0.013095238095238104,0.029513455486328569,replication,z_projective,256
10,1,0.29999999999999999,0.34000000000000002,101,112,135.87987987988009,0.016990806223479468,0.021368164904080215,replication,z_projective,256
10,2,0.26000000000000001,0.27000000000000002,29,55,1.1138268156424598,-0.15623824451410648,0.00017515790485150991,replication,z_projective,256
10,2,0.26000000000000001,0.28000000000000003,29,98,7.9385474860335341,-0.10387051372273039,0.0012483981582143984,replication,z_projective,256
10,2,0.26000000000000001,0.29999999999999999,29,98,31.754189944134044,-0.063159746657283647,0.0049935926328575787,replication,z_projective,256
10,2,0.26000000000000001,0.34000000000000002,29,78,101.09497206703917,-0.057338638373121129,0.015897968382158848,replication,z_projective,256
10,2,0.27000000000000002,0.28000000000000003,55,98,3.7639664804469346,-0.051502782931354303,0.00059191291984303377,replication,z_projective,256
10,2,0.27000000000000002,0.29999999999999999,55,98,33.875698324022281,-0.03213358070500931,0.0053272162785872835,replication,z_projective,256
10,2,0.27000000000000002,0.34000000000000002,55,78,146.79469273743018,-0.043210123210123214,0.023084603873878274,replication,z_projective,256
10,2,0.28000000000000003,0.29999999999999999,98,98,26.826815642458001,-0.022448979591836782,0.0042187248105175984,replication,z_projective,256
10,2,0.28000000000000003,0.34000000000000002,98,78,192.16759776536315,-0.041828013256584695,0.030219845071258834,replication,z_projective,256
10,2,0.29999999999999999,0.34000000000000002,98,78,85.407821229050427,-0.051517530088958624,0.013431042253892836,replication,z_projective,256
10,3,0.25,0.26000000000000001,20,60,1.0563380281690158,0.19999999999999987,0.00016611734717693645,replication,z_projective,256
10,3,0.25,0.27000000000000002,20,73,5.1408450704225439,-0.0095890410958904045,0.00080843775626109071,replication,z_projective,256
10,3,0.25,0.28000000000000003,20,72,11.408450704225373,-0.0037037037037036965,0.001794067349510914,replication,z_projective,256
10,3,0.25,0.29999999999999999,20,46,20.246478873239433,-0.031304347826086966,0.0031839158208912762,replication,z_projective,256
10,3,0.25,0.34000000000000002,20,13,18.538732394366207,-0.035897435897435888,0.0029153594429552313,replication,z_projective,256
10,3,0.26000000000000001,0.27000000000000002,60,73,3.8556338028169086,-0.21917808219178067,0.00060632831719581817,replication,z_projective,256
10,3,0.26000000000000001,0.28000000000000003,60,72,15.211267605633831,-0.10555555555555547,0.0023920897993478852,replication,z_projective,256
10,3,0.26000000000000001,0.29999999999999999,60,46,38.873239436619677,-0.089130434782608764,0.0061131183761112444,replication,z_projective,256
10,3,0.26000000000000001,0.34000000000000002,60,13,43.943661971830998,-0.065384615384615374,0.0069104816425605469,replication,z_projective,256
10,3,0.27000000000000002,0.28000000000000003,73,72,4.6267605633802908,0.0080669710806697201,0.00072759398063498187,replication,z_projective,256
10,3,0.27000000000000002,0.29999999999999999,73,46,26.603873239436563,-0.045781218979551369,0.0041836653886511282,replication,z_projective,256
10,3,0.27000000000000002,0.34000000000000002,73,13,40.933978873239447,-0.043414120126448887,0.0064371856342289261,replication,z_projective,256
10,3,0.28000000000000003,0.29999999999999999,72,46,11.661971830985873,-0.072705314009661987,0.0018339355128333687,replication,z_projective,256
10,3,0.28000000000000003,0.34000000000000002,72,13,29.661971830985916,-0.051994301994301995,0.0046645751087283681,replication,z_projective,256
10,3,0.29999999999999999,0.34000000000000002,46,13,8.4225352112676202,-0.041638795986622033,0.0013245089814907735,replication,z_projective,256
10,4,0.23999999999999999,0.25,13,36,0.47560975609756184,0.11452991452991441,7.4793322655762135e-05,replication,z_projective,256
10,4,0.23999999999999999,0.26000000000000001,13,78,4.1219512195122023,-0.11025641025641018,0.00064820879634993841,replication,z_projective,256
10,4,0.23999999999999999,0.27000000000000002,13,65,7.728658536585379,-0.036923076923076899,0.0012153914931561345,replication,z_projective,256
10,4,0.23999999999999999,0.28000000000000003,13,33,6.9756097560975734,-0.040559440559440538,0.0010969687322845113,replication,z_projective,256
10,4,0.23999999999999999,0.29999999999999999,13,21,9.9878048780487809,-0.092551892551892556,0.001570659775771002,replication,z_projective,256
10,4,0.25,0.26000000000000001,36,78,2.8536585365853711,-0.3350427350427348,0.00044875993593457281,replication,z_projective,256
10,4,0.25,0.27000000000000002,36,65,9.5121951219512368,-0.11264957264957255,0.0014958664531152426,replication,z_projective,256
10,4,0.25,0.28000000000000003,36,33,10.865853658536604,-0.092255892255892175,0.0017087397560585655,replication,z_projective,256
10,4,0.25,0.29999999999999999,36,21,19.207317073170724,-0.13396825396825401,0.003020499568790387,replication,z_projective,256
10,4,0.26000000000000001,0.27000000000000002,78,65,5.1524390243902527,0.10974358974358968,0.00081026099543742296,replication,z_projective,256
10,4,0.26000000000000001,0.28000000000000003,78,33,10.463414634146359,0.029137529137529112,0.0016454530984267666,replication,z_projective,256
10,4,0.26000000000000001,0.29999999999999999,78,21,26.634146341463385,-0.083699633699633749,0.0041884260687226667,replication,z_projective,256
10,4,0.27000000000000002,0.28000000000000003,65,33,2.1798780487804912,-0.051468531468531455,0.00034280272883890965,replication,z_projective,256
10,4,0.27000000000000002,0.29999999999999999,65,21,12.48475609756095,-0.14818070818070836,0.0019633247197137485,replication,z_projective,256
10,4,0.28000000000000003,0.29999999999999999,33,21,2.8170731707316965,-0.19653679653679693,0.00044300660342258856,replication,z_projective,256
10,5,0.23999999999999999,0.25,29,56,2.2307692307692344,-0.15073891625615757,0.00035080576188442272,replication,z_projective,256
10,5,0.23999999999999999,0.26000000000000001,29,55,8.7637362637362788,-0.21692789968652024,0.001378165493117375,replication,z_projective,256
10,5,0.23999999999999999,0.27000000000000002,29,32,11.472527472527492,-0.22643678160919525,0.0018041439182627456,replication,z_projective,256
10,5,0.23999999999999999,0.28000000000000003,29,10,6.3736263736263838,-0.20482758620689637,0.0010023021768126362,replication,z_projective,256
10,5,0.25,0.26000000000000001,56,55,4.2307692307692379,-0.28311688311688293,0.00066532127253942242,replication,z_projective,256
10,5,0.25,0.27000000000000002,56,32,9.8461538461538645,-0.26428571428571412,0.0015483840524553834,replication,z_projective,256
10,5,0.25,0.28000000000000003,56,10,6.9230769230769349,-0.22285714285714267,0.0010887075368826913,replication,z_projective,256
10,5,0.26000000000000001,0.27000000000000002,55,32,2.4175824175824219,-0.24545454545454526,0.00038018358430824141,replication,z_projective,256
10,5,0.26000000000000001,0.28000000000000003,55,10,3.0219780219780272,-0.19272727272727253,0.00047522948038530177,replication,z_projective,256
10,5,0.27000000000000002,0.28000000000000003,32,10,0.43956043956044033,-0.13999999999999979,6.9124288056043886e-05,replication,z_projective,256
10,6,0.23999999999999999,0.25,41,65,4.3832236842105337,-0.33711069418386475,0.00068929591767728142,replication,z_projective,256
10,6,0.23999999999999999,0.26000000000000001,41,30,8.0921052631579098,-0.17317073170731695,0.0012725463095580581,replication,z_projective,256
10,6,0.23999999999999999,0.27000000000000002,41,16,9.7105263157894903,-0.082113821138211349,0.0015270555714696696,replication,z_projective,256
10,6,0.25,0.26000000000000001,65,30,3.2072368421052686,-0.0092307692307692282,0.00050436286659313271,replication,z_projective,256
10,6,0.25,0.27000000000000002,65,16,6.8421052631579071,0.045384615384615343,0.0010759741153986832,replication,z_projective,256
10,6,0.26000000000000001,0.27000000000000002,30,16,0.78947368421052766,0.099999999999999922,0.00012415085946907881,replication,z_projective,256
10,7,0.23999999999999999,0.25,47,47,4.9308035714285801,-0.017021276595744636,0.00077540710160367674,replication,z_projective,256
10,7,0.23999999999999999,0.26000000000000001,47,18,7.553571428571443,-0.03286052009456264,0.0011878576875630795,replication,z_projective,256
10,7,0.25,0.26000000000000001,47,18,1.8883928571428608,-0.048699763593380643,0.00029696442189076986,replication,z_projective,256
10,8,0.22,0.23999999999999999,17,47,7.9108910891089019,-0.200250312891114,0.0012440489753135844,replication,z_projective,256
10,8,0.22,0.25,17,37,14.012376237623762,-0.042183359830418633,0.0022035548339331065,replication,z_projective,256
10,8,0.23999999999999999,0.25,47,37,4.3044554455445612,0.27395054629097165,0.00067690900127356974,replication,z_projective,256
10,9,0.22,0.23999999999999999,19,47,11.162499999999989,-0.055767077267637216,0.0017553896938432123,replication,z_projective,256
10,9,0.22,0.25,19,14,7.4812500000000011,-0.086215538847117801,0.0011764845820438565,replication,z_projective,256
10,9,0.23999999999999999,0.25,47,14,2.0562500000000035,-0.14711246200607889,0.00032336125939217157,replication,z_projective,256
10,10,0.22,0.23999999999999999,26,34,12.450704225352098,-0.089140271493212742,0.0019579697987254854,replication,z_projective,256
10,10,0.22,0.25,26,11,9.0633802816901401,-0.090442890442890445,0.0014252868387781123,replication,z_projective,256
10,10,0.23999999999999999,0.25,34,11,1.3169014084507065,-0.093048128342245892,0.00020709295948058079,replication,z_projective,256
